household_type,income_group,year,num_households,num_people,num_children,num_adults,num_elderly,inc_before_transfers_taxes,market_income,wages,employee_contrib_deferred_comp,employer_contrib_health_ins,employer_share_payroll_taxes,federal_unemployment_tax,corp_tax_borne_by_labor,business_income,capital_gains,tax_exempt_interest,taxable_interest,positive_rental_income,dividends,corp_tax_borne_by_capital,other_market_income,social_insurance_benefits,social_security,medicare,unemployment_insurance,workers_compensation,means_tested_transfers,medicaid_and_chip,snap,ssi,other_transfers,federal_taxes,individual_income_tax,payroll_taxes,corporate_income_tax,excise_taxes
"all_households","all_quintiles",1979,81.1,221.9,64.8,133,24.2,68500,63700,44200,0,1900,2200,100,600,3100,2500,200,2700,600,1300,1800,2500,4800,3400,900,300,100,1500,400,300,200,600,15400,7600,4700,2300,700
"all_households","fourth_quintile",1979,15.1,44.4,12.7,29.8,1.9,81000,78800,61700,0,2900,3300,200,800,2400,600,0,2400,300,600,1000,2600,2200,1500,400,300,100,300,100,0,0,100,18000,8400,7100,1800,800
"all_households","highest_quintile",1979,16.4,44.4,8.2,33.5,2.6,153200,150900,94400,0,3400,4000,200,1200,11000,11200,800,7300,1800,5000,6300,4100,2300,1600,400,200,100,100,0,0,0,100,41900,24600,8600,7600,1100
"all_households","lowest_quintile",1979,19.1,43.1,12.6,17.5,13,18100,7900,4600,0,200,300,0,100,300,100,0,600,200,100,200,1300,10100,7600,2200,200,200,4500,1300,800,700,1700,1100,-100,600,300,300
"all_households","middle_quintile",1979,14.6,44.4,15.3,26.7,2.4,59800,56900,43400,0,2300,2500,200,600,1700,400,0,1800,300,400,700,2800,3000,2000,500,300,100,500,100,100,100,200,11800,4600,5300,1300,700
"all_households","percentiles_81_90",1979,8,22.2,4.6,16.6,.9,104900,103000,79100,0,3300,4000,200,1000,4100,1500,100,3500,600,1000,1600,3000,2000,1300,300,200,100,200,100,0,0,100,25100,13100,8500,2600,900
"all_households","percentiles_91_95",1979,4.2,11.1,1.8,8.8,.5,129300,127400,93500,0,3600,4400,200,1200,7000,3000,200,5200,900,2000,2700,3500,2000,1400,400,200,100,100,0,0,0,0,32900,18600,9400,3900,1000
"all_households","percentiles_96_99",1979,3.4,8.9,1.5,6.7,.8,187600,184600,109000,0,3400,3800,200,1400,19700,11700,800,11500,2800,6300,8000,5900,3000,2100,600,100,100,100,0,0,0,100,51300,31900,8600,9400,1300
"all_households","second_quintile",1979,15.5,44.4,15.4,24.7,4.2,39600,34700,24500,0,1400,1400,100,300,1200,200,0,1700,200,300,600,2700,4900,3500,900,400,100,1200,300,200,100,400,6100,1500,3100,900,500
"all_households","top_1_percent",1979,.8,2.2,.4,1.5,.4,590100,584900,185800,0,2900,2400,100,2300,62600,141300,10500,36900,14600,53200,62000,10300,5200,3900,1200,100,0,200,100,0,0,100,207100,134100,6000,64300,2700
"all_households","all_quintiles",1980,82.6,224.5,64.5,135.2,24.7,66500,61400,43000,0,1600,2200,100,500,2500,2300,200,3300,600,1300,1400,2500,5100,3500,1000,400,100,1600,400,300,200,600,14900,7900,4600,1900,600
"all_households","fourth_quintile",1980,15.3,44.9,12.7,30.2,2,78900,76400,59900,0,2400,3300,200,700,2100,600,0,2900,300,500,800,2700,2500,1500,400,400,100,200,100,0,0,100,17700,8700,6900,1500,600
"all_households","highest_quintile",1980,16.8,44.9,8.1,33.9,2.9,149200,146500,93300,0,2900,4000,200,1000,9000,9900,800,9100,1900,5200,5000,4300,2600,1700,500,300,100,100,0,0,0,100,40600,25100,8600,5900,900
"all_households","lowest_quintile",1980,19.4,43.3,12.6,18.1,12.7,17600,7200,4300,0,200,300,0,0,200,0,0,600,100,100,100,1200,10400,7500,2300,300,200,4800,1400,900,800,1800,900,-100,600,200,200
"all_households","middle_quintile",1980,15,44.9,15.2,27.1,2.6,57600,54200,41400,0,1900,2400,100,500,1600,300,0,2200,300,400,600,2600,3400,2200,600,500,100,500,100,100,100,200,11300,4700,5000,1000,600
"all_households","percentiles_81_90",1980,8.2,22.4,4.5,16.8,1.1,102600,100300,76700,0,2800,4000,200,800,3500,1400,100,4500,600,1100,1400,3300,2300,1400,400,400,100,100,0,0,0,100,25000,13600,8400,2200,700
"all_households","percentiles_91_95",1980,4.3,11.2,1.8,8.8,.6,127400,125100,91700,0,3000,4400,200,1000,5700,3000,100,6800,1000,2000,2400,3900,2300,1500,400,300,100,100,0,0,0,0,33000,19500,9300,3300,900
"all_households","percentiles_96_99",1980,3.5,9,1.4,6.7,.8,180800,177500,108400,0,3000,4000,200,1100,15100,9400,800,14100,2700,6600,6200,5900,3200,2300,700,200,100,100,0,0,0,0,49900,32700,8800,7300,1100
"all_households","second_quintile",1980,15.7,44.9,15.4,25.1,4.4,38200,32600,22900,0,1100,1300,100,300,1100,200,0,2000,200,300,500,2600,5600,3800,1000,700,200,1300,400,300,100,500,5700,1600,2900,700,400
"all_households","top_1_percent",1980,.9,2.2,.4,1.5,.4,565600,560400,195000,0,2700,2700,100,2000,52700,126200,10000,44000,15400,52800,46300,10400,5200,3800,1200,100,100,200,0,0,0,100,187100,130000,6500,48300,2300
"all_households","all_quintiles",1981,83.8,226,63.9,136.8,25.3,66800,61400,42800,0,1700,2400,100,400,2000,2200,200,4100,600,1400,1100,2500,5400,3800,1100,400,100,1600,500,300,200,600,15100,8100,5000,1500,500
"all_households","fourth_quintile",1981,15.4,45.2,12.8,30.3,2.2,79900,77200,60100,0,2500,3600,200,500,1700,500,0,3500,400,700,600,2800,2800,1800,500,400,100,200,100,0,100,100,18500,9100,7600,1200,600
"all_households","highest_quintile",1981,17.2,45.2,7.9,34.2,3.1,148800,146000,92900,0,3000,4400,200,800,7300,9500,900,11400,2000,5300,3900,4400,2800,1900,600,200,100,100,0,0,0,0,40200,25300,9400,4700,800
"all_households","lowest_quintile",1981,19.2,43.3,12.5,18.6,12.1,17600,7000,4300,0,200,300,0,0,100,100,0,700,100,100,100,1100,10600,7700,2500,200,200,5000,1400,1000,700,1800,900,-100,600,200,200
"all_households","middle_quintile",1981,15.3,45.2,14.8,27.5,2.8,57500,53800,40600,0,1900,2500,100,400,1400,300,0,2800,300,500,500,2600,3600,2400,700,500,100,400,100,100,100,200,11600,4900,5300,800,500
"all_households","percentiles_81_90",1981,8.3,22.6,4.5,17,1.2,102700,100200,76500,0,2900,4300,200,700,2800,1000,100,5400,600,1300,1100,3400,2500,1600,500,300,100,100,0,0,0,0,25700,14100,9100,1700,700
"all_households","percentiles_91_95",1981,4.4,11.3,1.8,8.9,.7,127100,124600,91000,0,3200,4800,200,800,4800,2100,200,8300,1000,2500,1800,4100,2400,1700,500,200,100,100,0,0,0,0,33600,20000,10200,2600,800
"all_households","percentiles_96_99",1981,3.6,9,1.3,6.8,.9,179400,176000,107500,0,3100,4500,100,900,12800,8400,800,17700,2600,7200,4800,5600,3400,2400,800,100,100,100,0,0,0,0,49300,33000,9700,5700,1000
"all_households","second_quintile",1981,16.1,45.2,15.1,25.1,4.9,38000,32100,22000,0,1100,1400,100,200,1000,200,0,2400,200,300,400,2700,6000,4100,1100,500,100,1300,400,300,100,500,5700,1700,3000,600,400
"all_households","top_1_percent",1981,.9,2.3,.4,1.5,.4,563100,557600,196100,0,3100,3300,100,1600,39900,129700,11600,56800,18400,49300,36800,10800,5400,3900,1400,100,0,200,100,0,0,100,171800,123800,7600,38400,2000
"all_households","all_quintiles",1982,84.3,227.6,63.2,138.5,25.8,66900,61000,42500,0,1900,2400,100,200,1800,2300,300,4300,600,1500,700,2500,5900,3900,1300,500,200,1600,500,300,200,600,13900,7400,5100,900,500
"all_households","fourth_quintile",1982,15.6,45.5,12.6,30.7,2.3,79100,76000,58600,0,2700,3600,200,300,1600,500,0,3900,300,800,400,3000,3100,1900,600,500,100,200,100,0,0,100,17100,8200,7500,700,600
"all_households","highest_quintile",1982,17.4,45.5,7.8,34.5,3.2,149900,146700,94400,0,3300,4700,200,500,6800,10000,1100,11000,2100,5500,2300,4800,3200,2100,700,300,100,100,0,0,0,0,36900,23400,9800,2800,900
"all_households","lowest_quintile",1982,19,43.6,12.7,19.1,11.7,17400,6500,3900,0,200,300,0,0,100,100,0,700,100,100,100,900,11000,7600,2700,500,200,5100,1500,900,700,1900,900,-100,600,100,200
"all_households","middle_quintile",1982,15.5,45.5,14.6,27.7,3.3,56900,52300,38900,0,2100,2400,100,200,1100,300,0,3300,300,500,300,2800,4500,2900,900,700,200,400,100,0,100,100,10600,4300,5200,500,500
"all_households","percentiles_81_90",1982,8.5,22.8,4.4,17.1,1.2,102500,99600,76100,0,3200,4400,200,400,2400,1000,100,5600,800,1400,700,3400,2800,1800,500,400,100,100,100,0,0,0,23800,12900,9200,1100,700
"all_households","percentiles_91_95",1982,4.5,11.4,1.7,9,.7,126400,123700,92600,0,3500,5000,200,500,3800,1600,300,7500,1000,2400,1000,4300,2700,1800,600,300,100,100,0,0,0,0,30700,17900,10600,1400,800
"all_households","percentiles_96_99",1982,3.6,9.1,1.3,6.9,.9,179800,176000,112100,0,3500,4900,200,600,11400,6800,1000,16600,2600,7200,2600,6700,3900,2700,900,200,100,100,0,0,0,0,44900,30200,10500,3200,1000
"all_households","second_quintile",1982,16.1,45.5,14.9,25.3,5.3,37400,30600,20900,0,1200,1300,100,100,800,200,0,2700,200,400,300,2400,6800,4500,1300,800,200,1300,400,300,100,500,5100,1500,2900,400,400
"all_households","top_1_percent",1982,.9,2.3,.4,1.5,.4,593800,587600,204500,0,3300,4200,100,1000,45700,149000,15400,57100,18200,52400,24100,12500,6200,4500,1500,100,0,200,100,0,0,100,159300,122700,9500,25100,2000
"all_households","all_quintiles",1983,85.8,229.4,63.3,140,26.1,67600,61600,42000,0,1900,2400,100,300,2100,3000,300,4000,600,1300,900,2600,6000,4000,1300,500,200,1600,500,300,200,600,13900,6900,5100,1200,600
"all_households","fourth_quintile",1983,16.1,45.9,12.2,31.1,2.6,78800,75500,57300,0,2900,3500,200,400,1800,700,100,3800,400,800,500,3200,3400,2100,700,500,100,200,100,0,0,100,16500,7400,7400,1000,700
"all_households","highest_quintile",1983,17.6,45.9,7.9,34.7,3.2,155700,152500,95900,0,3500,4800,200,700,7800,13200,1500,9900,2000,4800,3100,5200,3200,2100,700,300,100,100,0,0,0,0,37400,22400,10200,3800,1000
"all_households","lowest_quintile",1983,19.1,43.9,13.3,19.4,11.3,17100,6200,3800,0,200,200,0,0,100,100,0,700,100,100,100,800,10900,7400,2700,500,300,5500,1600,1000,700,2200,900,-100,600,100,300
"all_households","middle_quintile",1983,15.9,45.9,14.5,28,3.4,56100,51400,37700,0,2100,2400,100,300,1300,400,0,3000,300,400,400,3100,4600,3000,900,600,200,400,100,0,100,100,10200,3900,5100,700,600
"all_households","percentiles_81_90",1983,8.6,22.9,4.4,17.2,1.3,103800,101000,76800,0,3400,4500,200,500,2600,1300,200,5200,600,1200,800,3700,2800,1800,600,300,100,100,0,0,0,0,23500,11800,9500,1400,800
"all_households","percentiles_91_95",1983,4.5,11.5,1.7,9,.7,129700,127000,93400,0,3600,5200,200,700,4500,2700,400,7400,1000,2100,1300,4600,2700,1800,600,200,100,100,0,0,0,0,30600,16700,10900,2000,900
"all_households","percentiles_96_99",1983,3.6,9.2,1.4,6.9,.9,186400,182500,114100,0,3800,5100,200,800,12400,11000,1300,14500,2600,6100,3500,7100,3900,2700,900,200,100,100,0,0,0,0,44500,27900,11100,4300,1200
"all_households","second_quintile",1983,16.6,45.9,14.7,25.6,5.6,36700,29500,19600,0,1200,1300,100,100,1000,200,0,2700,200,300,300,2500,7200,4700,1500,800,200,1100,300,200,100,400,5000,1300,2800,500,500
"all_households","top_1_percent",1983,.9,2.3,.4,1.5,.4,649900,643500,215200,0,3500,4500,100,1400,54100,186600,20400,48200,16800,46900,31700,14100,6400,4600,1600,100,100,200,0,0,0,100,174200,128100,10200,33200,2700
"all_households","all_quintiles",1984,87.2,231.3,63.2,141.4,26.6,71400,65600,43900,200,1900,2600,100,400,2800,3200,400,4300,600,1200,1100,2800,5800,3900,1400,300,200,1600,500,300,200,600,14900,7200,5500,1400,700
"all_households","fourth_quintile",1984,16.3,46.2,12.5,31,2.7,83200,79900,59700,400,2800,3800,200,500,2400,700,100,4100,400,800,700,3500,3200,2100,700,300,100,200,100,0,100,100,17600,7600,8000,1100,800
"all_households","highest_quintile",1984,17.5,46.3,8.2,34.7,3.3,168700,165200,101200,700,3400,5200,200,800,10400,14500,1800,11000,2000,4500,3700,5800,3500,2400,800,200,100,100,0,0,0,0,40700,23800,11200,4500,1100
"all_households","lowest_quintile",1984,19.9,44.3,12.7,20.3,11.3,17800,7400,4400,0,200,300,0,0,100,100,0,800,100,100,100,1100,10300,7200,2700,200,300,5100,1500,800,700,2000,1200,0,700,200,400
"all_households","middle_quintile",1984,16.1,46.3,14.5,28.2,3.6,59200,54700,39200,200,2100,2600,100,300,1800,400,100,3400,400,500,500,3100,4500,3000,1000,400,100,400,100,100,100,100,11000,4000,5500,800,700
"all_households","percentiles_81_90",1984,8.6,23.1,4.5,17.3,1.4,110800,107700,80400,500,3300,4900,200,700,3700,1300,200,5600,600,1100,1000,4100,3100,2100,700,300,100,100,0,0,0,0,25200,12300,10400,1600,900
"all_households","percentiles_91_95",1984,4.4,11.6,1.8,9,.8,140000,136900,98000,800,3600,5700,200,800,6400,2800,400,8300,900,2100,1600,5200,3100,2100,700,200,100,100,0,0,0,0,32900,17400,12000,2400,1100
"all_households","percentiles_96_99",1984,3.6,9.2,1.5,7,.8,201900,198000,121500,900,3600,5500,200,1000,17000,11000,1400,15100,2900,6000,4000,7900,3900,2700,900,200,100,100,0,0,0,0,48000,29600,12100,5000,1300
"all_households","second_quintile",1984,16.8,46.2,14.7,26,5.5,38800,32200,21300,100,1200,1400,100,200,1100,200,0,2700,200,300,400,2900,6600,4400,1500,500,200,1200,400,200,100,500,5700,1400,3100,600,600
"all_households","top_1_percent",1984,.9,2.3,.4,1.5,.4,722900,715800,232800,600,3200,4600,100,1800,67700,209500,25100,58100,17000,41400,38700,15200,7100,5100,1700,100,100,200,100,0,0,100,195500,141400,10500,40500,3100
"all_households","all_quintiles",1985,88.8,234.6,64.2,143.2,27.2,72500,66600,44400,400,2000,2700,100,300,2400,3800,500,4200,600,1300,1000,2900,5900,4000,1500,300,200,1600,500,200,200,600,15200,7400,5800,1300,700
"all_households","fourth_quintile",1985,16.6,46.9,12.4,31.8,2.7,83300,80000,60100,500,3000,4000,200,500,1900,800,100,3900,300,800,600,3600,3300,2100,700,300,100,200,100,0,100,100,17800,7600,8400,1000,800
"all_households","highest_quintile",1985,18.2,46.9,8.3,35.3,3.3,170400,167100,101300,1000,3600,5400,200,800,9200,17100,2000,10600,1900,4700,3500,5900,3300,2300,800,200,100,100,0,0,0,0,41100,24200,11500,4200,1100
"all_households","lowest_quintile",1985,20,44.9,13.4,20,11.4,17800,7100,4300,0,200,300,0,0,200,0,0,800,100,100,100,1000,10700,7300,2900,200,300,5500,1700,800,800,2200,1100,0,700,100,400
"all_households","middle_quintile",1985,16.3,46.9,14.6,28.5,3.8,59600,55000,39400,200,2200,2700,100,300,1400,400,100,3300,300,600,500,3600,4600,3000,1100,400,100,400,100,0,100,100,11100,4000,5700,800,600
"all_households","percentiles_81_90",1985,8.9,23.5,4.6,17.5,1.3,109600,106700,79900,900,3400,5100,200,600,2900,1400,200,5100,600,1300,900,4200,2900,1900,700,200,100,200,0,0,100,0,25200,12300,10700,1500,900
"all_households","percentiles_91_95",1985,4.6,11.7,1.9,9.1,.7,139300,136400,98600,1100,3800,5800,200,700,5000,3300,500,7500,800,2100,1400,5500,2800,2000,700,200,0,100,0,0,0,0,33100,17600,12400,2100,1000
"all_households","percentiles_96_99",1985,3.7,9.4,1.4,7.1,.9,203600,199600,123400,1300,3900,5900,200,900,14100,14200,1700,14800,2600,5800,3800,7300,4000,2700,1000,100,100,100,0,0,0,0,48700,29900,12700,4700,1300
"all_households","second_quintile",1985,17.1,46.9,14.8,26.3,5.8,38900,32100,21200,100,1200,1400,100,200,1100,200,0,2700,300,300,400,2900,6800,4500,1600,400,200,1100,400,200,100,400,5700,1400,3200,500,600
"all_households","top_1_percent",1985,.9,2.3,.4,1.5,.4,769400,762300,229400,900,3500,4700,100,1600,70300,244200,28400,60500,17200,45600,37500,18400,7000,4900,1800,100,200,200,100,0,0,100,200600,147400,10900,39100,3300
"all_households","all_quintiles",1986,89.9,237.1,64.4,144.8,27.9,77400,71300,45300,400,2000,2800,100,400,2800,7200,500,3700,600,1400,1100,3000,6100,4100,1500,300,200,1700,500,200,300,600,16200,8100,6000,1500,700
"all_households","fourth_quintile",1986,16.8,47.4,12.5,32.2,2.7,86100,82800,62100,600,3000,4200,200,500,2000,1200,100,3400,300,800,600,3800,3300,2100,800,300,100,200,100,0,100,100,18600,7900,8800,1100,800
"all_households","highest_quintile",1986,18.3,47.4,8.3,35.8,3.3,191400,188000,104700,1200,3700,5700,200,800,10300,32900,2500,9200,1800,5200,3900,5800,3400,2200,800,200,100,100,0,0,0,0,45600,27400,12200,4800,1200
"all_households","lowest_quintile",1986,20.3,45.8,13.7,20.7,11.5,17800,7100,4200,0,200,300,0,0,200,100,0,700,100,100,100,1000,10700,7300,3000,200,300,5600,1800,800,800,2200,1100,0,700,100,300
"all_households","middle_quintile",1986,16.6,47.4,14.5,28.9,4,60900,56000,39900,300,2200,2700,100,300,1800,600,100,2900,300,600,500,3700,4900,3200,1200,400,200,400,200,0,100,100,11500,4100,5900,800,700
"all_households","percentiles_81_90",1986,8.9,23.7,4.6,17.9,1.2,115100,112300,83700,1100,3600,5400,200,700,3700,2500,200,4500,400,1300,900,4200,2800,1800,600,300,100,100,0,0,0,0,26700,12700,11500,1500,900
"all_households","percentiles_91_95",1986,4.7,11.9,1.8,9.3,.7,145400,142300,100800,1300,3700,6100,200,800,6200,5700,600,6500,900,2400,1500,5600,3100,2000,700,200,100,100,0,0,0,0,34700,18400,13000,2300,1100
"all_households","percentiles_96_99",1986,3.7,9.5,1.5,7.1,.9,223300,219300,128700,1400,4100,6100,200,1000,16500,24300,2600,12800,2600,6400,4100,8500,4100,2800,1000,100,100,100,0,0,0,0,53000,33200,13300,5100,1400
"all_households","second_quintile",1986,17.3,47.4,14.9,26.2,6.3,39500,32100,20700,100,1200,1400,100,200,1100,300,0,2600,200,300,400,3300,7400,5000,1800,400,200,1200,400,200,200,400,5700,1400,3200,500,500
"all_households","top_1_percent",1986,1,2.4,.4,1.5,.4,1007500,1000200,226400,900,3600,4700,100,1700,68200,485600,32600,53100,15900,51700,44500,11100,7300,5000,1900,100,200,200,100,0,0,100,248800,187700,11000,46200,3900
"all_households","all_quintiles",1987,91.4,239.8,65.2,146.1,28.5,74900,68900,45900,500,2200,2800,100,500,3300,2900,600,3600,600,1400,1400,3100,6000,4000,1500,300,200,1700,600,200,300,600,16300,7700,6100,1800,700
"all_households","fourth_quintile",1987,17.2,48,12.5,32.7,2.7,86800,83700,62000,700,3300,4200,200,600,2400,700,200,3200,400,1000,800,4000,3200,2000,700,300,100,200,100,0,100,100,18400,7300,8900,1400,800
"all_households","highest_quintile",1987,18.4,48,8.2,36.7,3.1,180400,177500,109600,1300,4300,5900,200,1100,12300,12800,3000,9400,1800,5000,4700,6300,3000,1900,700,200,100,100,0,0,0,0,46700,27200,12600,5700,1200
"all_households","lowest_quintile",1987,20.1,46.4,14.8,19.7,12,17300,6300,3500,0,200,200,0,0,300,0,0,700,100,100,100,900,11000,7500,3100,200,300,5800,1900,800,800,2200,1000,-100,600,200,400
"all_households","middle_quintile",1987,17.2,48,14.5,29.6,3.9,60300,55700,39700,300,2400,2700,100,400,1700,400,100,2600,300,600,600,3600,4600,3000,1100,300,200,400,100,0,100,100,11300,3700,5900,1000,700
"all_households","percentiles_81_90",1987,9.1,24,4.5,18.3,1.1,115900,113400,84200,1100,4000,5500,200,800,3700,1500,400,4100,500,1500,1200,4700,2500,1600,600,200,100,100,0,0,0,0,27100,12600,11600,2000,900
"all_households","percentiles_91_95",1987,4.6,12,1.8,9.5,.7,149000,146300,105000,1500,4400,6300,200,1000,5800,3200,900,6500,900,2500,2100,6200,2700,1800,700,200,100,100,0,0,0,0,37000,19300,13400,3100,1100
"all_households","percentiles_96_99",1987,3.8,9.6,1.5,7.2,.9,219300,215600,130700,1600,4700,6300,200,1300,18400,12700,3600,12600,2700,7000,5700,8000,3700,2500,1000,100,100,200,100,0,100,0,57400,35200,13900,7000,1400
"all_households","second_quintile",1987,17.9,48,14.7,26.5,6.7,38600,31200,19700,100,1300,1400,100,200,1300,200,0,2400,200,400,500,3400,7400,5000,1800,400,200,1000,400,100,200,400,5300,1000,3100,700,500
"all_households","top_1_percent",1987,.9,2.4,.4,1.6,.3,807900,802100,293600,1200,4600,5700,100,2700,103800,170700,35500,62800,14800,43500,47400,15800,5800,4000,1600,100,100,300,100,0,100,100,243000,176800,12900,50100,3200
"all_households","all_quintiles",1988,93.1,241.7,65.1,147.7,28.9,78100,72000,46800,600,2300,3000,100,500,4100,3100,700,3800,600,1500,1400,3700,6000,4000,1500,200,200,1700,600,200,300,600,17100,8200,6400,1900,700
"all_households","fourth_quintile",1988,17.7,48.3,12.3,33.3,2.8,87500,84400,61800,800,3500,4400,200,600,2500,500,200,3200,400,900,800,4600,3100,2000,700,300,200,200,100,0,0,100,19000,7500,9300,1400,800
"all_households","highest_quintile",1988,18.8,48.3,8.3,36.9,3.2,193000,190000,113200,1500,4600,6200,200,1100,15800,14000,2900,10100,1800,5700,5000,8000,3000,2000,700,200,100,100,0,0,0,0,49500,29100,13200,6100,1200
"all_households","lowest_quintile",1988,20.3,46.8,14.9,19.9,12,17800,6600,3700,0,200,300,0,0,300,0,0,600,100,100,100,1100,11300,7700,3100,200,300,6000,2000,800,900,2300,1000,-200,600,200,300
"all_households","middle_quintile",1988,17.3,48.3,14.8,29.8,3.8,61200,56700,39900,400,2500,2900,100,400,1800,300,100,2600,300,600,600,4200,4500,3000,1000,300,200,500,200,0,100,100,11700,3800,6200,1000,700
"all_households","percentiles_81_90",1988,9.3,24.2,4.6,18.3,1.3,117400,114700,84300,1300,4200,5700,200,800,3900,1200,500,4100,500,1500,1200,5300,2700,1700,600,200,100,100,0,0,0,0,27700,12700,12100,2000,900
"all_households","percentiles_91_95",1988,4.7,12.1,1.8,9.6,.7,150600,148100,105500,1800,4800,6700,200,1100,6800,2300,900,6000,800,2500,1900,6900,2500,1600,600,200,100,100,0,0,0,0,37400,19200,14200,2900,1100
"all_households","percentiles_96_99",1988,3.8,9.7,1.5,7.3,.9,226800,223100,133100,1800,5000,6600,200,1300,21500,10800,4000,13700,2800,7100,5600,9800,3700,2500,1000,100,100,100,0,0,0,0,58300,35500,14500,6900,1400
"all_households","second_quintile",1988,18.4,48.3,14.4,26.9,7,39200,31900,19800,100,1200,1400,100,200,1400,100,0,2300,200,500,500,3900,7400,5000,1800,300,200,1000,400,100,200,300,5500,1000,3200,700,500
"all_households","top_1_percent",1988,.9,2.4,.4,1.7,.3,1009300,1003200,355500,1400,5400,6000,100,3300,154700,210400,32700,74500,15200,57100,55400,31600,6100,4300,1600,0,200,200,100,0,0,100,289100,213100,13700,58700,3500
"all_households","all_quintiles",1989,93.6,243.9,65.7,148.9,29.2,78600,72500,46800,600,2400,3000,100,500,4000,2800,700,4200,600,1600,1400,3800,6100,4100,1600,200,200,1800,700,200,300,600,17000,8100,6400,1800,700
"all_households","fourth_quintile",1989,17.8,48.8,12.5,33.4,2.9,88500,85100,61900,900,3600,4400,200,600,2600,600,200,3500,400,900,800,4700,3300,2100,800,300,200,300,100,0,100,100,19100,7700,9300,1400,800
"all_households","highest_quintile",1989,18.9,48.8,8.5,37.1,3.2,192600,189500,111900,1700,4700,6200,200,1100,15700,12400,3200,11800,1900,5700,4800,8200,3100,2100,800,200,100,200,100,0,0,0,48800,28600,13300,5900,1100
"all_households","lowest_quintile",1989,20.3,47.3,15,20.3,12,18500,7200,4200,0,200,300,0,0,300,0,0,600,100,100,100,1100,11300,7600,3200,100,400,6200,2200,900,900,2300,1000,-200,700,200,300
"all_households","middle_quintile",1989,17.6,48.8,14.6,30.2,4,61700,57100,39900,400,2500,2900,100,400,1900,300,100,2900,300,600,600,4200,4700,3100,1100,300,200,400,200,0,100,100,11700,3900,6200,1000,600
"all_households","percentiles_81_90",1989,9.3,24.4,4.6,18.6,1.3,119100,116400,84000,1500,4300,5700,200,800,4200,1300,500,4900,600,1500,1200,5800,2700,1700,600,200,100,200,100,0,0,0,28100,13100,12100,2000,900
"all_households","percentiles_91_95",1989,4.7,12.2,1.9,9.5,.7,154200,151300,105500,2000,4800,6700,200,1000,7500,3000,1100,7000,900,2600,2000,7000,2900,1900,700,200,100,200,100,0,0,100,37900,19600,14200,3000,1000
"all_households","percentiles_96_99",1989,3.9,9.8,1.6,7.3,.9,231000,227200,135100,2100,5200,6700,100,1300,20400,10000,4300,15200,2900,7400,5500,10900,3800,2600,1000,100,100,100,0,0,0,0,59000,36300,14700,6800,1300
"all_households","second_quintile",1989,18.5,48.8,14.7,27.1,7,39800,32200,20000,100,1300,1500,100,200,1400,200,0,2400,200,400,400,3900,7600,5100,1900,300,300,1200,500,100,200,400,5300,900,3300,600,500
"all_households","top_1_percent",1989,1,2.4,.4,1.7,.3,941300,935500,321300,1500,5600,6200,100,2900,150000,175500,35300,87600,15900,55100,51100,27400,5800,4100,1500,100,100,200,100,0,100,100,262900,191800,14200,53900,2900
"all_households","all_quintiles",1990,94.6,246.7,67.1,149.8,29.9,78200,71800,47000,600,2400,3100,100,400,4000,2000,700,4100,600,1500,1300,3900,6400,4200,1700,300,200,2000,800,300,300,700,16900,8000,6600,1700,700
"all_households","fourth_quintile",1990,18,49.3,12.7,33.7,3,87900,84400,61400,900,3700,4500,100,600,2400,400,200,3400,300,900,700,4900,3500,2200,800,300,200,300,100,0,100,100,19100,7600,9500,1300,800
"all_households","highest_quintile",1990,19.3,49.3,8.8,37.2,3.4,188000,184800,111600,1800,4700,6300,200,1000,15700,9100,3200,11400,2000,5200,4500,8300,3300,2100,800,200,100,200,100,0,0,100,47600,27500,13500,5500,1100
"all_households","lowest_quintile",1990,20.7,47.8,15.2,20.2,12.4,19200,7600,4400,0,200,300,0,0,300,0,0,700,100,100,100,1200,11600,7600,3400,200,300,6600,2500,900,900,2400,1100,-200,800,200,400
"all_households","middle_quintile",1990,17.5,49.3,15,30.2,4.1,62400,57300,40100,400,2600,3000,100,400,1800,200,100,2800,300,600,500,4600,5000,3200,1200,400,200,500,300,0,100,100,11900,4000,6300,900,600
"all_households","percentiles_81_90",1990,9.5,24.7,4.8,18.5,1.4,117600,114700,83400,1500,4400,5800,200,800,3700,1000,500,4700,600,1300,1100,5700,2900,1800,700,300,100,200,100,0,100,100,27800,12700,12300,1900,900
"all_households","percentiles_91_95",1990,4.9,12.3,2,9.6,.8,150800,147700,102800,1900,4800,6700,200,900,7400,1900,1200,7100,1000,2600,1900,7400,3100,1900,800,200,200,200,100,0,0,0,37100,18900,14400,2800,1000
"all_households","percentiles_96_99",1990,4,9.9,1.6,7.4,.9,225200,221500,134500,2200,5300,6900,100,1200,21000,7300,4200,14700,2500,6400,5000,10300,3800,2500,1000,100,100,200,100,0,0,100,57400,34800,15200,6100,1300
"all_households","second_quintile",1990,18.5,49.3,15,27.5,6.9,41000,33200,21100,100,1300,1600,100,200,1300,100,0,2400,200,400,400,3800,7900,5200,2000,400,300,1400,600,200,200,400,5800,1200,3500,600,500
"all_households","top_1_percent",1990,1,2.5,.5,1.7,.3,911300,905000,337800,1500,5500,6400,100,2800,153100,132200,35200,84800,17600,51300,47900,28900,6300,4500,1600,100,100,200,100,0,100,100,252900,184800,14700,50700,2800
"all_households","all_quintiles",1991,96,249,67.2,151.4,30.4,76400,69600,46100,600,2400,3000,100,400,3700,1800,700,3700,600,1300,1100,4000,6700,4300,1800,400,200,2200,900,300,300,700,16500,7600,6600,1500,700
"all_households","fourth_quintile",1991,18.1,49.8,12.8,34.1,2.8,87000,83500,61100,900,3600,4500,100,500,2200,400,300,3000,400,800,700,5100,3500,2100,800,400,200,300,200,0,100,100,18800,7400,9400,1200,900
"all_households","highest_quintile",1991,19.5,49.8,9,37.6,3.2,181800,178500,110200,1800,4700,6400,100,900,14800,7600,3300,9600,1900,4700,3900,8500,3300,2100,800,300,100,200,100,0,0,100,46600,26400,14100,4800,1200
"all_households","lowest_quintile",1991,21,48.2,15,20.7,12.6,19500,7400,4400,0,200,300,0,0,300,0,0,700,100,100,100,1100,12100,7900,3600,300,400,7200,2800,1000,1000,2400,1000,-300,800,200,400
"all_households","middle_quintile",1991,18.1,49.8,14.7,30.6,4.4,61100,55500,38400,400,2500,2800,100,300,1600,300,100,2600,300,600,500,4900,5500,3400,1400,500,200,600,300,100,100,200,11400,3800,6100,800,700
"all_households","percentiles_81_90",1991,9.6,24.9,4.9,18.7,1.3,116100,113100,82200,1500,4300,5800,200,700,3900,1000,500,3900,600,1300,1000,6200,3000,1800,700,300,100,200,100,0,0,100,27300,12400,12300,1700,1000
"all_households","percentiles_91_95",1991,4.9,12.4,2.1,9.7,.7,149300,146300,103200,2000,4900,6900,200,900,7100,1800,1100,6100,900,2400,1700,7300,3000,1800,700,200,100,100,100,0,0,100,37000,18500,14800,2600,1100
"all_households","percentiles_96_99",1991,4.1,10,1.6,7.5,.8,220500,216900,133700,2200,5300,7200,100,1100,20900,6700,4000,12200,2700,5800,4400,10600,3600,2300,1000,200,100,200,100,0,0,100,56900,33400,16500,5500,1400
"all_households","second_quintile",1991,18.7,49.8,15.2,27.5,7.1,40300,31800,20000,100,1300,1500,100,200,1300,200,0,2200,200,400,400,4000,8400,5400,2100,600,300,1800,800,300,200,500,5400,900,3300,600,600
"all_households","top_1_percent",1991,1,2.5,.5,1.7,.3,816800,810400,318800,1800,5500,6200,100,2400,133600,103800,37100,71500,16200,44600,41000,27700,6400,4500,1600,100,300,300,200,0,100,100,236500,171700,18400,43500,3000
"all_households","all_quintiles",1992,96.3,250.4,68.4,151.7,30.3,78400,71300,47100,800,2700,3100,100,400,4200,2000,800,2800,600,1300,1300,4200,7000,4400,1900,500,200,2400,1000,400,400,700,17000,7800,6700,1700,800
"all_households","fourth_quintile",1992,18.2,50.1,13.2,33.9,3,87700,83900,61000,1100,4000,4500,100,600,2400,500,200,2100,400,800,700,5400,3800,2200,900,500,100,400,200,0,100,100,18800,7200,9500,1200,900
"all_households","highest_quintile",1992,19.7,50.1,9.3,37.6,3.2,189100,185800,114800,2200,5300,6700,100,1000,16400,8500,3300,7100,2000,4600,4500,9000,3400,2100,900,300,100,200,100,0,0,0,48800,27900,14200,5500,1200
"all_households","lowest_quintile",1992,20.7,48.6,15.4,20.9,12.3,19900,7200,4400,0,200,300,0,0,300,0,0,500,100,100,100,1000,12700,8100,3800,500,300,7700,3100,1100,1100,2300,1000,-300,800,200,400
"all_households","middle_quintile",1992,18,50.1,15,30.8,4.3,61500,55800,38400,500,2700,2900,100,400,1900,300,100,2000,300,600,500,5100,5700,3500,1400,600,200,800,400,100,100,200,11400,3600,6100,900,700
"all_households","percentiles_81_90",1992,9.7,25,5.1,18.6,1.3,117100,114000,82900,1800,4900,5900,100,800,3800,1100,600,2800,500,1300,1100,6500,3100,1800,700,400,200,300,100,0,100,0,27500,12200,12400,1800,1000
"all_households","percentiles_91_95",1992,5,12.5,2.1,9.7,.7,151200,148200,103900,2500,5600,7000,100,900,6900,2000,1400,4600,1000,2300,1900,8100,3000,1800,800,300,100,200,100,0,100,0,37200,18500,14800,2800,1100
"all_households","percentiles_96_99",1992,4,10,1.7,7.5,.9,229400,225500,139200,2800,6100,7700,100,1200,22700,7500,4600,8700,3000,5600,5000,11200,3800,2500,1000,200,100,200,100,0,0,0,59400,34800,16800,6300,1500
"all_households","second_quintile",1992,19,50.1,15.2,27.5,7.3,39900,31000,19400,100,1300,1400,100,200,1300,200,0,1800,200,400,400,4100,8900,5600,2300,700,300,2200,1000,400,300,500,5200,700,3200,600,600
"all_households","top_1_percent",1992,1,2.5,.4,1.8,.3,926100,919900,384200,2300,5900,8200,100,3200,163300,119300,35200,56400,18100,44500,49300,29800,6200,4300,1700,100,0,200,100,0,100,0,274700,200700,18300,52500,3100
"all_households","all_quintiles",1993,97.3,255,71.1,153.1,30.7,78700,71400,46800,800,3000,3100,100,500,4100,2300,800,2200,700,1300,1500,4300,7300,4500,2100,500,200,2600,1100,400,400,700,17400,7900,6700,2000,800
"all_households","fourth_quintile",1993,18.5,51,13.7,34.3,3,88500,84600,61100,1200,4500,4500,100,700,2300,700,300,1600,400,800,800,5600,3900,2300,1000,500,200,400,200,0,100,100,18900,7200,9400,1400,900
"all_households","highest_quintile",1993,19.9,51,9.8,37.9,3.2,189500,186000,113800,2400,6000,6600,100,1200,16200,10000,3200,5800,2300,4500,5300,8700,3500,2200,900,300,100,200,100,0,100,0,51000,28700,14500,6500,1300
"all_households","lowest_quintile",1993,21.1,49.4,15.7,21,12.7,20300,7000,4200,0,200,300,0,0,400,0,0,400,100,100,100,1100,13200,8400,4200,400,300,8100,3300,1100,1200,2500,1000,-300,700,200,400
"all_households","middle_quintile",1993,18.2,51,15.6,31.2,4.2,61600,55900,38700,500,3100,2900,100,400,1600,400,100,1400,300,600,600,5200,5600,3400,1500,600,200,900,400,100,200,200,11400,3500,6200,1000,800
"all_households","percentiles_81_90",1993,9.7,25.5,5.3,18.9,1.3,118700,115500,83600,1900,5600,5900,100,900,3800,1200,600,2200,600,1300,1200,6400,3100,1900,800,300,100,300,100,0,100,0,27800,12200,12500,2100,1000
"all_households","percentiles_91_95",1993,5.1,12.7,2.2,9.8,.8,153000,149700,104300,2600,6000,7000,100,1100,7500,2800,1100,3400,1300,2400,2200,7800,3200,1900,900,300,100,200,100,0,100,0,38300,18700,15000,3300,1200
"all_households","percentiles_96_99",1993,4.1,10.2,1.8,7.5,.8,230600,226600,139400,3100,6600,7700,100,1400,22700,8500,4200,7100,3100,5600,5800,11100,4000,2600,1100,200,100,200,100,0,0,0,61600,35300,17500,7300,1600
"all_households","second_quintile",1993,19,51,15.9,27.7,7.5,40400,31100,19400,100,1400,1400,100,200,1300,200,0,1400,300,400,500,4300,9300,5900,2600,600,200,2500,1200,400,300,600,5200,700,3200,700,600
"all_households","top_1_percent",1993,1,2.6,.5,1.7,.3,887600,881400,348600,2300,6600,6600,100,3300,152300,136200,35100,46200,19200,40600,58200,26100,6200,4300,1700,100,100,400,200,0,100,100,295200,211300,19000,61600,3300
"all_households","all_quintiles",1994,99.1,257.8,71.5,155,31.3,79600,72400,47200,900,3200,3200,100,500,4400,2200,700,2000,700,1300,1600,4400,7200,4500,2100,300,200,2600,1200,400,400,700,17900,8000,6900,2100,900
"all_households","fourth_quintile",1994,18.8,51.6,13.6,35.1,2.8,89600,86000,62300,1300,4700,4600,100,700,2300,600,300,1500,400,800,800,5500,3600,2200,900,300,100,500,300,0,100,100,19500,7300,9700,1500,1000
"all_households","highest_quintile",1994,20,51.6,10,38.3,3.3,193600,190000,115000,2600,6500,6900,100,1300,17500,9700,3200,5400,2200,4500,5800,9300,3700,2300,1000,200,100,300,200,0,100,0,53200,29600,15200,7100,1400
"all_households","lowest_quintile",1994,21.5,50,15.9,20.9,13.2,20200,6800,4000,0,200,300,0,0,400,0,0,400,100,100,100,1000,13500,8600,4300,200,300,8300,3400,1100,1200,2500,800,-500,700,200,500
"all_households","middle_quintile",1994,18.7,51.6,15.6,31.7,4.2,62000,56600,38900,600,3200,2900,100,400,1800,300,100,1300,400,600,600,5300,5400,3300,1500,400,200,900,500,100,100,200,11600,3500,6200,1000,800
"all_households","percentiles_81_90",1994,9.8,25.8,5.4,19.1,1.3,121200,118000,85400,2200,5900,6100,100,1000,3900,1100,600,2000,600,1200,1300,6600,3200,2000,800,300,200,300,200,0,100,100,28900,12600,12900,2200,1100
"all_households","percentiles_91_95",1994,5.1,12.9,2.2,9.8,.8,155500,151900,105600,2800,6600,7100,100,1200,7600,2200,1300,3300,1100,2300,2300,8500,3600,2300,900,200,100,300,200,0,100,0,39300,19300,15300,3400,1300
"all_households","percentiles_96_99",1994,4.1,10.3,1.9,7.6,.9,236100,231800,142300,3200,7500,7900,100,1600,24200,7700,4100,6200,3000,5400,6000,12500,4300,2800,1200,200,200,300,200,0,0,0,64000,36700,18100,7600,1600
"all_households","second_quintile",1994,19.4,51.6,15.9,28.1,7.6,40500,31600,19500,200,1600,1500,100,200,1300,100,100,1300,300,500,500,4600,8900,5700,2600,400,200,2500,1100,400,300,600,5000,400,3200,700,700
"all_households","top_1_percent",1994,1,2.6,.6,1.7,.3,916800,910400,339800,2600,8100,9500,100,3500,172100,138500,35000,45800,18900,42900,66400,26900,6500,4500,1800,100,100,300,200,0,100,100,316400,218000,25200,69900,3300
"all_households","all_quintiles",1995,99.7,258.6,71.3,155.8,31.5,82900,75500,48500,1100,3200,3300,100,600,4500,2600,700,2400,700,1400,1800,4600,7400,4600,2300,300,200,2700,1200,300,400,700,18800,8500,7100,2400,900
"all_households","fourth_quintile",1995,19,51.7,13.7,34.9,3.1,91700,87700,62500,1500,4700,4700,100,800,2400,700,300,1800,400,900,900,6000,4000,2400,1100,300,200,500,300,0,100,100,20000,7500,9800,1700,1000
"all_households","highest_quintile",1995,20.1,51.7,10.3,38,3.4,203500,199800,118900,3100,6400,7200,100,1400,17800,11300,3200,6600,2400,5100,6500,9800,3700,2300,1100,200,100,300,200,0,100,0,56800,32100,15400,7900,1400
"all_households","lowest_quintile",1995,22.3,50.6,15.2,22.2,13.2,21400,7800,4600,0,200,300,0,100,400,0,0,400,100,100,200,1200,13700,8700,4500,200,200,8300,3500,1100,1200,2500,800,-700,800,200,500
"all_households","middle_quintile",1995,18.6,51.7,15.6,31.9,4.3,64200,58600,40100,700,3300,3000,100,500,1700,400,100,1500,300,600,700,5500,5500,3400,1600,400,200,1000,500,100,200,200,12100,3700,6500,1200,800
"all_households","percentiles_81_90",1995,9.8,25.9,5.5,18.9,1.4,124700,121400,86200,2600,5900,6200,100,1100,3900,1300,600,2500,700,1500,1500,7200,3300,2000,1000,200,100,300,200,0,100,100,30000,13200,13100,2600,1100
"all_households","percentiles_91_95",1995,5.2,12.9,2.3,9.8,.8,160700,157100,107600,3500,6300,7400,100,1300,7600,2500,1300,3900,1400,2600,2600,8900,3500,2200,1000,200,100,300,200,0,0,0,41200,20200,15800,3900,1300
"all_households","percentiles_96_99",1995,4.1,10.3,1.9,7.6,.9,248500,244200,148200,3800,7000,8200,100,1800,24400,9600,3800,8000,3700,6300,7000,12400,4400,2800,1300,200,100,300,200,0,0,100,68300,39800,18200,8800,1600
"all_households","second_quintile",1995,19.2,51.7,16.3,28.2,7.3,42700,33700,21000,200,1700,1600,100,300,1300,200,100,1400,300,500,500,4600,9100,5800,2700,400,200,2500,1200,400,400,600,5500,500,3500,800,700
"all_households","top_1_percent",1995,1,2.6,.6,1.7,.3,1018500,1012100,378700,2800,9300,10700,100,4200,181700,163500,35400,55100,18400,49300,73800,29200,6400,4000,1900,100,500,400,300,0,100,100,355800,249200,25100,78000,3500
"all_households","all_quintiles",1996,101.1,261.9,72,158.4,31.6,86100,78600,49500,1300,3100,3300,100,600,4800,3700,700,2400,700,1500,1900,5000,7500,4700,2400,300,100,2600,1200,300,400,700,19700,9200,7200,2500,800
"all_households","fourth_quintile",1996,19.2,52.4,13.8,35.4,3.1,93300,89300,63500,1800,4600,4800,100,800,2300,900,200,1800,400,900,900,6300,3900,2400,1200,300,100,500,300,0,100,100,20300,7700,10000,1700,900
"all_households","highest_quintile",1996,20.5,52.4,10.1,38.4,3.9,215300,211200,121500,3600,6200,7200,100,1500,19000,16300,3100,7000,2300,5500,7000,10800,4100,2600,1300,200,100,300,200,0,100,0,60500,35100,15600,8500,1300
"all_households","lowest_quintile",1996,22.3,51.2,15.7,23.2,12.3,21300,8000,4900,0,300,400,0,100,500,0,0,400,100,100,100,1100,13400,8400,4600,200,200,8100,3500,1000,1300,2300,700,-800,900,200,400
"all_households","middle_quintile",1996,19,52.4,15.6,32.2,4.6,65200,59200,40300,800,3300,3000,100,500,1700,500,100,1600,300,600,700,5600,6100,3700,1800,400,100,900,500,100,200,200,12200,3700,6500,1200,800
"all_households","percentiles_81_90",1996,10.1,26.2,5.3,19.2,1.6,127400,123600,86800,3100,5600,6300,100,1100,4100,1700,600,2700,700,1600,1600,7600,3800,2300,1100,200,100,300,200,0,100,0,30500,13600,13200,2700,1000
"all_households","percentiles_91_95",1996,5.2,13.1,2.3,9.9,.9,167100,163200,110700,4000,6200,7600,100,1400,7900,3500,1000,4300,1200,2700,2700,9900,3800,2400,1200,200,100,200,200,0,0,0,42800,21400,16100,4100,1200
"all_households","percentiles_96_99",1996,4.2,10.5,1.9,7.6,1,258100,253500,149500,4200,6800,8200,100,1800,26400,12500,3700,8400,3400,7000,7300,14100,4600,3000,1500,100,0,200,100,0,0,0,71600,42800,18200,9100,1500
"all_households","second_quintile",1996,19.6,52.4,16.5,28.5,7.4,42900,33700,20900,200,1700,1600,100,300,1300,200,100,1400,300,400,500,4800,9200,5800,2900,400,200,2400,1200,300,300,500,5300,400,3500,800,700
"all_households","top_1_percent",1996,1,2.6,.6,1.7,.4,1124100,1117400,395700,3000,8700,10900,100,4500,187700,235400,35000,55300,18800,51200,78800,32400,6700,4500,2100,100,0,300,200,0,0,0,391900,279500,25800,83300,3300
"all_households","all_quintiles",1997,102.6,264.2,72.4,160,31.8,90100,82500,51300,1300,2900,3400,100,600,5000,5000,700,2400,700,1700,1900,5300,7600,4700,2500,200,200,2500,1200,300,400,600,20700,10000,7400,2600,800
"all_households","fourth_quintile",1997,19.4,52.8,14,35.6,3.3,95600,91400,64800,1900,4200,4900,100,800,2600,1200,200,1900,400,1000,900,6700,4200,2500,1300,200,200,500,300,0,100,100,21000,8100,10200,1700,900
"all_households","highest_quintile",1997,20.9,52.8,10.2,38.7,4,229100,224900,126600,3500,5500,7500,100,1600,20100,22400,3000,7000,2400,6300,7300,11500,4200,2600,1300,200,100,200,200,0,0,0,64400,38100,16100,8900,1300
"all_households","lowest_quintile",1997,22.6,51.4,15.3,23.8,12.3,22500,8700,5400,0,300,400,0,100,500,100,0,300,100,100,100,1200,13800,8600,4700,200,200,7800,3600,800,1300,2000,800,-800,900,200,500
"all_households","middle_quintile",1997,19.3,52.8,15.7,32.4,4.8,66600,60600,41300,800,3000,3100,100,500,1700,700,100,1600,300,700,700,5900,6100,3700,1800,300,100,900,500,100,100,100,12500,3900,6600,1200,800
"all_households","percentiles_81_90",1997,10.3,26.4,5.3,19.6,1.5,130500,127100,89500,3200,5100,6500,100,1100,4400,2500,500,2500,700,1700,1500,7800,3400,2000,1100,200,100,300,200,0,0,0,31700,14200,13800,2700,1000
"all_households","percentiles_91_95",1997,5.3,13.2,2.3,9.8,1.1,173100,168900,112800,4000,5500,7700,100,1400,8100,5200,1200,4400,1400,3400,2900,10900,4200,2600,1400,200,100,200,100,0,0,0,44500,22700,16200,4400,1200
"all_households","percentiles_96_99",1997,4.2,10.6,2,7.6,1,275500,270100,157000,4100,6200,8400,100,1900,27100,18000,3800,8500,3400,8500,7800,15300,5400,3500,1700,100,100,300,200,0,0,0,76700,46700,18800,9700,1600
"all_households","second_quintile",1997,19.8,52.8,16.9,28.8,7.2,43900,34900,22000,300,1600,1700,100,300,1400,300,0,1400,300,400,500,4700,9000,5600,2900,300,200,2400,1300,300,300,500,5700,600,3700,800,600
"all_households","top_1_percent",1997,1,2.6,.6,1.7,.4,1302300,1295100,440200,2900,7600,11800,100,5100,207800,325900,34400,58100,20500,57800,86100,36800,7300,4900,2300,0,100,200,100,0,0,0,440600,318400,27600,91100,3500
"all_households","all_quintiles",1998,104,266.3,72,162.2,32.2,95000,87400,53900,1400,2800,3600,100,600,5400,6200,700,2500,700,1600,1800,5900,7600,4800,2400,200,100,2600,1400,200,400,600,21500,10500,7800,2500,800
"all_households","fourth_quintile",1998,19.8,53.3,13.5,36.4,3.3,99300,95300,67600,2100,4100,5100,100,800,2700,1400,200,1900,500,900,800,7100,4100,2500,1200,300,100,500,300,0,100,100,21500,8200,10700,1600,900
"all_households","highest_quintile",1998,21.1,53.3,10.4,38.8,4,244500,240200,133300,3900,5400,7800,100,1500,21800,27700,3100,7100,2300,6100,7100,12900,4200,2700,1300,200,100,300,200,0,100,0,67800,41000,16800,8600,1400
"all_households","lowest_quintile",1998,22.9,51.8,15.2,23.9,12.7,23700,9900,6100,0,300,500,0,100,600,100,0,400,100,100,100,1400,13800,8800,4600,200,200,7900,4000,700,1300,1900,900,-900,1100,200,500
"all_households","middle_quintile",1998,19.6,53.3,15.6,32.9,4.8,68800,62800,43000,900,3000,3300,100,500,1900,700,100,1600,300,600,600,6300,6000,3800,1800,300,100,1000,600,100,200,100,12600,3800,6900,1100,800
"all_households","percentiles_81_90",1998,10.5,26.6,5.5,19.6,1.6,135800,132300,92900,3500,4900,6800,100,1100,4600,2700,400,2700,600,1600,1400,9000,3500,2200,1100,200,100,300,200,0,100,0,32700,14900,14300,2400,1100
"all_households","percentiles_91_95",1998,5.4,13.3,2.4,10,1,180500,176400,117700,4500,5400,8000,100,1300,9200,6000,1100,4200,1300,3200,2600,11700,4100,2600,1200,100,100,300,200,0,0,0,46200,23900,17100,4000,1300
"all_households","percentiles_96_99",1998,4.3,10.7,2.1,7.5,1,292400,287100,165700,4400,6100,8800,100,1800,31100,21100,3800,8600,3500,8100,7200,16900,5300,3500,1600,100,0,300,200,0,0,0,80900,50600,19600,9100,1600
"all_households","second_quintile",1998,20,53.3,16.8,29.4,7.1,45600,36800,23400,300,1600,1800,100,300,1400,400,0,1300,200,400,400,5100,8800,5600,2700,300,200,2700,1600,200,400,500,5700,400,3900,700,700
"all_households","top_1_percent",1998,1,2.7,.6,1.7,.4,1471500,1464700,487500,3100,7900,12600,100,5100,223000,418900,36700,61200,19600,58500,87600,42900,6800,4500,2200,100,0,400,200,0,0,100,477500,351800,29400,92700,3700
"all_households","all_quintiles",1999,104.8,269.6,72,165.1,32.4,99600,92200,56300,1600,2800,3800,100,600,5800,7300,700,2400,700,1800,1900,6300,7400,4700,2300,200,200,2700,1500,200,400,500,23000,11400,8000,2500,900
"all_households","fourth_quintile",1999,20,53.9,13.5,36.9,3.5,102300,98100,69300,2400,4000,5200,100,800,2800,1500,200,1800,500,1000,800,7600,4200,2600,1200,300,100,500,400,0,100,100,22100,8500,11000,1600,1000
"all_households","highest_quintile",1999,21.4,53.9,10.6,39.3,4,259700,255600,139800,4300,5400,8100,100,1600,23100,32900,3100,6900,2400,6600,7400,13900,4100,2600,1200,200,100,300,200,0,100,0,73000,45100,17500,8900,1600
"all_households","lowest_quintile",1999,23,52.6,15.1,24.8,12.7,24000,10700,6400,0,400,500,0,100,900,100,0,400,100,100,100,1600,13400,8400,4500,200,300,7800,4200,700,1200,1700,1000,-900,1100,200,500
"all_households","middle_quintile",1999,19.7,53.9,15.8,33.3,4.8,70900,65100,44700,1100,3000,3400,100,500,1800,900,100,1400,300,700,600,6600,5800,3600,1700,300,100,1100,800,100,200,100,13100,3900,7200,1100,900
"all_households","percentiles_81_90",1999,10.5,27,5.5,19.8,1.6,141000,137400,96000,3900,4900,7000,100,1100,4800,3400,400,2500,700,1800,1400,9300,3600,2300,1000,200,100,300,200,0,100,0,34200,15700,14800,2500,1200
"all_households","percentiles_91_95",1999,5.4,13.5,2.4,10.1,1,187500,183600,121900,4900,5400,8300,100,1400,9200,7700,1100,3700,1200,3400,2700,12600,3900,2500,1200,200,100,300,200,0,100,0,48700,25600,17600,4000,1400
"all_households","percentiles_96_99",1999,4.4,10.8,2.1,7.7,1,305900,301000,169600,4700,6200,9100,100,1900,32500,26200,3800,8400,3800,8400,7600,18800,5000,3300,1500,100,100,300,200,0,0,0,86200,54600,20300,9400,1900
"all_households","second_quintile",1999,20.1,53.9,16.7,30,7.1,46800,38200,24100,300,1700,1800,100,300,1600,500,100,1300,300,500,400,5400,8600,5500,2700,300,200,2800,1800,200,300,400,6000,500,4000,700,700
"all_households","top_1_percent",1999,1.1,2.7,.6,1.8,.4,1610300,1603600,541300,3600,7700,13900,100,5600,235300,480500,37100,60800,20100,62600,89000,46000,6700,4400,1900,100,200,300,200,0,100,0,525600,394700,32100,94600,4200
"all_households","all_quintiles",2000,108.3,276.5,73.4,169.5,33.7,102300,94800,57400,1700,2900,3800,100,600,5600,8000,700,2600,800,1900,1900,6900,7500,4800,2300,200,200,2700,1700,200,400,500,23600,12100,8100,2500,900
"all_households","fourth_quintile",2000,20.6,55.3,13.8,37.9,3.7,103700,99500,69900,2500,4200,5300,100,800,2600,1500,200,1900,500,1000,800,8200,4200,2600,1200,300,100,600,400,0,100,100,22400,8700,11100,1600,1000
"all_households","highest_quintile",2000,21.9,55.3,11.1,40.1,4.2,272800,268400,146400,4500,5600,8400,100,1600,22900,36400,3100,7800,2600,7100,7300,14800,4400,2900,1200,200,100,300,300,0,0,0,76600,48400,18000,8800,1400
"all_households","lowest_quintile",2000,23.9,54.1,15.6,25.6,12.9,23900,10700,6200,0,400,500,0,100,700,100,0,400,100,100,100,1800,13200,8400,4300,200,200,8000,4500,600,1200,1600,900,-900,1100,200,500
"all_households","middle_quintile",2000,20.4,55.3,15.9,34.3,5.1,71400,65500,44400,1100,3000,3400,100,500,1700,900,100,1600,300,700,600,7200,5900,3700,1800,300,100,1200,800,0,200,100,13000,4000,7200,1100,800
"all_households","percentiles_81_90",2000,10.8,27.7,5.8,20.2,1.7,144200,140600,97300,4100,5000,7100,100,1100,4800,3500,400,2700,900,1900,1400,10100,3600,2300,1000,200,100,400,300,0,100,0,35000,16400,15000,2500,1200
"all_households","percentiles_91_95",2000,5.6,13.8,2.6,10.2,1,193400,189000,124300,5000,5500,8400,100,1300,9700,7800,1000,4500,1400,3600,2700,13500,4400,2900,1200,200,100,300,200,0,0,0,50000,26700,17900,4000,1300
"all_households","percentiles_96_99",2000,4.5,11.1,2.1,7.8,1.1,314800,309300,177900,4900,6300,9500,100,1900,30600,25500,3700,9100,3800,9000,7100,19600,5500,3700,1500,100,200,300,200,0,0,0,88900,57200,21000,9000,1700
"all_households","second_quintile",2000,20.9,55.3,16.8,30.9,7.6,47300,38400,24100,400,1700,1800,100,300,1400,400,0,1300,200,500,400,5800,8900,5700,2700,300,200,2800,1900,200,300,400,5900,600,4000,700,700
"all_households","top_1_percent",2000,1.1,2.8,.6,1.8,.4,1770700,1763300,613000,3800,8300,15200,100,6000,236300,549200,37600,68500,20200,68300,89400,47400,7300,5200,2000,100,0,300,300,0,100,0,571900,437800,34900,95400,3900
"all_households","all_quintiles",2001,109.4,277.8,73.5,170.5,33.8,96700,88800,57000,1700,3100,3800,100,400,5500,4100,700,2500,800,1500,1300,6400,7900,4900,2500,300,200,2900,1900,200,400,500,20900,10100,8200,1700,800
"all_households","fourth_quintile",2001,20.9,55.6,13.8,38.2,3.6,102600,98200,69800,2500,4400,5300,100,500,2700,600,200,1800,500,900,500,8300,4400,2600,1200,400,100,600,400,0,100,0,20800,7600,11100,1100,900
"all_households","highest_quintile",2001,22.1,55.6,11.1,40.7,3.7,248400,244300,145500,4600,6000,8600,100,1100,23000,18900,3000,7200,2600,5300,5000,13600,4000,2500,1200,300,100,400,300,0,100,0,67000,41100,18500,6000,1300
"all_households","lowest_quintile",2001,24.1,54.1,15.2,25.8,13.1,23800,9700,5900,0,400,400,0,0,700,0,0,400,100,200,100,1300,14100,8900,4700,200,200,8500,5000,700,1300,1600,800,-900,1100,100,500
"all_households","middle_quintile",2001,20.5,55.6,16.1,34.2,5.3,71200,64700,44300,1100,3100,3400,100,300,1800,300,100,1600,400,600,400,7100,6500,4000,1900,400,100,1300,1000,0,200,100,11700,3000,7200,700,800
"all_households","percentiles_81_90",2001,10.9,27.8,5.8,20.4,1.6,142200,138600,99000,4200,5400,7300,100,800,4700,1300,500,2700,800,1400,900,9600,3600,2200,1000,300,100,400,300,0,100,0,32900,14800,15400,1700,1100
"all_households","percentiles_91_95",2001,5.6,13.9,2.6,10.4,.9,188100,184400,128200,5300,5900,8900,100,1000,8900,3100,1100,3900,1300,2600,1600,12400,3700,2300,1100,200,100,400,300,0,100,0,47100,24400,18800,2600,1200
"all_households","percentiles_96_99",2001,4.5,11.1,2.2,8,.9,296400,291400,181000,5000,6900,9800,100,1300,30600,12600,3500,8200,3700,6300,4600,17800,5000,3300,1400,200,100,400,300,0,0,0,80000,50800,21700,5900,1600
"all_households","second_quintile",2001,21.1,55.6,16.9,30.8,7.9,46800,37400,23800,300,1800,1800,100,200,1400,200,100,1300,300,400,300,5500,9500,5900,2900,400,200,3200,2200,200,300,400,5000,-100,3900,500,700
"all_households","top_1_percent",2001,1.1,2.8,.6,1.8,.3,1415100,1408500,549000,3800,8800,14500,100,3700,246400,300800,35900,64400,22000,54100,63900,41000,6600,4400,1900,100,100,400,300,0,100,0,453700,348900,33800,67600,3400
"all_households","all_quintiles",2002,111.4,282.1,74.2,173.9,34,92900,84600,55200,1500,3300,3700,100,400,5500,2900,700,1800,700,1200,1100,6500,8300,5000,2600,500,200,3200,2100,200,400,500,19300,9000,7900,1500,800
"all_households","fourth_quintile",2002,21.2,56.4,14.2,38.7,3.5,100700,96200,69500,1800,4800,5200,100,500,2500,300,200,1300,500,700,500,8300,4500,2500,1300,600,100,700,500,0,100,100,19800,7100,10800,900,900
"all_households","highest_quintile",2002,22.3,56.4,11.4,41.6,3.5,236300,232200,141100,5200,6700,8400,100,1000,23600,13600,2800,5100,2400,4400,4400,13400,4100,2500,1100,400,100,400,300,0,100,0,62000,37200,18200,5400,1300
"all_households","lowest_quintile",2002,24.9,54.5,15,25.9,13.6,24100,9200,5500,0,400,400,0,0,700,-100,0,400,100,200,100,1500,14900,9200,5000,400,200,8800,5300,700,1200,1600,700,-900,1000,100,500
"all_households","middle_quintile",2002,20.9,56.4,16,35.2,5.3,69400,62600,43200,700,3400,3200,100,300,1800,100,100,1200,400,600,300,7200,6800,4000,2000,600,100,1600,1200,100,200,100,11000,2700,6900,600,800
"all_households","percentiles_81_90",2002,10.9,28.2,5.9,20.8,1.6,140100,136300,97900,3800,6000,7100,100,700,4400,900,500,1900,800,1200,800,10200,3800,2200,1000,500,100,400,300,0,100,0,31400,13900,15000,1500,1000
"all_households","percentiles_91_95",2002,5.7,14.1,2.7,10.6,.8,184400,180700,126500,5700,6800,8700,100,900,9100,2400,1000,2900,1300,2100,1500,11700,3600,2100,1000,400,100,300,300,0,0,0,44800,22800,18500,2400,1200
"all_households","percentiles_96_99",2002,4.6,11.3,2.2,8.2,.9,285200,280700,177900,7400,7600,10000,100,1200,30200,8600,3000,5400,3300,5000,3900,17100,4600,3000,1300,300,0,300,200,0,0,0,75200,46700,22000,5100,1400
"all_households","second_quintile",2002,21.3,56.4,17.2,31.5,7.8,46000,36100,22900,200,1800,1700,100,200,1500,0,100,1000,300,400,300,5800,9900,6100,3100,600,200,3600,2500,300,400,500,4400,-400,3800,400,700
"all_households","top_1_percent",2002,1.1,2.8,.6,1.9,.3,1254400,1247500,492300,6800,9100,13600,100,3100,260600,217900,34300,47700,20400,44600,58100,38900,6900,4700,2000,200,0,500,400,0,100,100,400700,304200,32000,61200,3300
"all_households","all_quintiles",2003,112.1,284,74.7,174.6,34.7,94500,86100,54900,1900,3700,3700,100,500,5700,3500,600,1500,700,1400,1500,6500,8400,5100,2700,500,200,3500,2300,300,400,500,18800,8000,7900,2100,800
"all_households","fourth_quintile",2003,21.2,56.8,14.4,38.7,3.7,101900,97300,69100,2100,5400,5100,100,700,2600,300,300,1100,500,700,600,8600,4600,2600,1300,500,100,800,600,0,100,100,19100,6200,10800,1200,900
"all_households","highest_quintile",2003,22.4,56.8,11.4,41.8,3.6,244500,240300,141300,6500,7500,8600,100,1300,24200,16700,2700,4400,2500,5000,6300,13100,4200,2500,1200,400,100,400,300,0,100,0,61400,34100,18400,7600,1300
"all_households","lowest_quintile",2003,25.2,55,14.7,26.2,14.1,23900,8700,5200,0,400,400,0,0,700,-100,0,300,100,100,100,1400,15100,9300,5200,500,200,9200,5600,800,1200,1700,800,-800,900,200,500
"all_households","middle_quintile",2003,21,56.8,16.3,35.3,5.2,69500,62600,42700,700,3700,3200,100,400,1800,100,100,900,400,500,400,7500,6800,4000,2000,600,100,1700,1400,100,200,100,10500,2100,6800,800,800
"all_households","percentiles_81_90",2003,11,28.4,5.9,21,1.5,142300,138500,98200,4400,6800,7200,100,900,4800,1000,500,1500,700,1300,1000,10100,3800,2200,1000,500,100,400,300,0,100,0,30400,12300,15100,1900,1000
"all_households","percentiles_91_95",2003,5.7,14.2,2.7,10.7,.8,187900,183900,126900,7200,7600,8900,100,1200,9400,2500,900,2100,1200,2000,1700,12200,4000,2500,1100,400,0,400,300,0,100,0,43500,20500,18800,3000,1200
"all_households","percentiles_96_99",2003,4.5,11.4,2.2,8.3,.9,295000,290200,179600,9900,8700,10200,100,1700,30700,11600,2800,4700,3500,5300,5500,15800,4900,3000,1400,300,100,400,300,0,0,0,74600,43400,22500,7200,1500
"all_households","second_quintile",2003,21.5,56.8,17.5,31.4,7.8,45600,35500,22500,200,1900,1700,100,200,1400,0,100,800,300,400,300,5700,10000,6100,3100,600,200,4000,2800,300,300,500,4100,-800,3700,500,700
"all_households","top_1_percent",2003,1.1,2.8,.6,1.9,.3,1333700,1326700,483400,10500,9600,13400,100,4100,264700,264800,33000,43900,21600,55200,85200,37300,7000,4500,2200,200,100,400,300,0,100,0,404800,280100,31800,89300,3600
"all_households","all_quintiles",2004,113.3,288,76.1,176.6,35.3,99800,91400,56000,2000,4100,3700,100,700,6400,5400,600,1400,800,1700,2000,6600,8400,5100,2800,400,200,3600,2400,300,400,500,20300,8800,8000,2600,800
"all_households","fourth_quintile",2004,21.4,57.6,14.7,39.2,3.7,105000,100300,70500,2200,6100,5300,100,800,2900,700,200,900,400,800,700,8700,4700,2700,1400,400,100,900,700,0,100,100,19900,6400,11100,1500,900
"all_households","highest_quintile",2004,22.5,57.6,11.8,42,3.9,266000,261600,144700,6900,8300,8600,100,1700,27200,25700,2600,4500,2600,6500,8300,14000,4300,2600,1300,300,100,400,300,0,100,0,67500,37600,18500,10000,1400
"all_households","lowest_quintile",2004,25.7,55.8,14.9,26.8,14.1,24200,9000,5400,0,400,400,0,100,700,0,0,300,100,100,100,1400,15200,9300,5400,300,200,9500,5900,900,1200,1600,700,-800,900,200,400
"all_households","middle_quintile",2004,21.3,57.6,16.6,35.6,5.4,71500,64700,43600,800,4200,3300,100,500,2000,300,100,800,400,600,500,7600,6800,4100,2100,500,200,1800,1400,100,200,100,10900,2200,7000,1000,800
"all_households","percentiles_81_90",2004,11.1,28.8,6,21.1,1.7,147100,143100,99500,4600,7600,7300,100,1200,4900,1700,400,1300,900,1500,1200,10900,4000,2400,1200,300,100,500,400,0,100,0,31600,12800,15300,2400,1100
"all_households","percentiles_91_95",2004,5.7,14.4,2.8,10.8,.9,195500,191700,129200,7800,8500,9000,100,1500,10300,4200,700,2100,1300,2400,2200,12300,3700,2300,1100,300,100,400,300,0,0,0,45600,21500,19100,3800,1200
"all_households","percentiles_96_99",2004,4.6,11.5,2.3,8.3,1,312400,307300,181900,10400,9200,10100,100,2100,34400,17100,2900,4600,3600,6800,7000,17100,5000,3200,1600,200,100,300,300,0,0,0,80000,47000,22300,9100,1600
"all_households","second_quintile",2004,21.6,57.6,17.8,32,7.8,46800,36900,23200,200,2200,1700,100,300,1500,100,100,600,300,400,300,5900,9900,6000,3200,400,200,4400,3100,400,400,500,4300,-700,3800,600,600
"all_households","top_1_percent",2004,1.1,2.9,.6,1.9,.4,1592500,1585100,514400,9900,9500,13600,100,5500,301400,403000,31200,47200,21900,74400,113200,39800,7500,4900,2400,100,0,400,300,0,0,0,477700,322500,32400,118600,4200
"all_households","all_quintiles",2005,114.5,289.3,75.1,178.5,35.7,105200,96600,56500,2100,4300,3800,100,900,7400,7300,600,1800,800,1800,2600,6900,8600,5200,2900,300,200,3700,2400,300,400,500,21900,9500,8100,3500,800
"all_households","fourth_quintile",2005,21.6,57.9,14.5,39.5,3.9,107000,102200,70700,2300,6400,5300,100,1100,3000,1000,200,1000,500,900,800,8900,4800,2800,1500,300,100,900,700,0,100,100,20500,6600,11100,2000,900
"all_households","highest_quintile",2005,22.8,57.9,11.6,41.9,4.3,288500,283700,145400,7100,8500,8500,100,2200,31900,34800,2800,6000,2800,7200,11100,15100,4900,3000,1500,200,100,500,400,0,100,0,74500,41300,18500,13300,1300
"all_households","lowest_quintile",2005,26.1,56.2,14.8,27.4,14,24700,9500,5700,0,400,400,0,100,700,0,0,300,100,100,100,1500,15200,9300,5500,200,200,9600,5800,1000,1200,1700,700,-900,1000,200,400
"all_households","middle_quintile",2005,21.6,57.9,16.2,36.2,5.5,72600,65700,44000,800,4400,3300,100,700,2000,400,100,900,400,500,600,7600,6800,4100,2200,400,100,1800,1400,100,200,100,11300,2300,7000,1200,700
"all_households","percentiles_81_90",2005,11.3,28.9,6,21.1,1.8,150100,145800,98800,4900,7900,7200,100,1600,5600,2400,400,1700,800,1600,1600,11300,4300,2600,1300,300,200,500,400,0,100,0,32500,13000,15300,3100,1000
"all_households","percentiles_91_95",2005,5.8,14.5,2.7,10.7,1,203200,198600,129300,8200,8800,9000,100,2000,10800,5900,800,2700,1400,2800,3000,13900,4600,2800,1400,200,100,500,400,0,100,0,47600,22300,19100,5100,1200
"all_households","percentiles_96_99",2005,4.6,11.6,2.4,8.2,1.1,338100,332400,183600,10800,9500,9800,100,2800,40600,25300,3100,6200,4100,7900,10000,18700,5700,3700,1800,200,100,500,400,0,100,0,88200,51900,22000,12800,1600
"all_households","second_quintile",2005,21.7,57.9,17.7,32.6,7.6,47500,37800,24000,200,2300,1800,100,400,1500,200,0,700,200,400,400,5700,9700,5900,3300,400,200,4300,3100,400,400,500,4600,-700,3900,700,600
"all_households","top_1_percent",2005,1.1,2.9,.6,1.9,.4,1923700,1915200,541600,9700,9800,13800,100,7500,370600,550700,36000,66700,25700,84400,154100,44500,8500,5700,2700,100,100,400,300,0,0,0,580900,381300,33200,161600,4700
"all_households","all_quintiles",2006,116.1,292.7,75.5,181.1,36.2,109300,100300,57600,2100,4200,3800,100,1000,7400,8100,800,2300,800,2100,2900,7000,9000,5300,3200,300,200,3600,2300,300,400,600,22800,10000,8200,3800,800
"all_households","fourth_quintile",2006,22.1,58.5,14.1,40.2,4.2,108900,103700,71300,2300,6300,5300,100,1200,2900,1200,200,1400,500,900,1000,9000,5200,3000,1800,300,100,900,700,0,100,100,20900,6800,11200,2200,800
"all_households","highest_quintile",2006,23.2,58.5,11.7,42.2,4.6,301600,296400,147900,7400,8300,8700,100,2400,32200,38600,3400,8100,2800,8500,12200,15700,5200,3200,1700,200,100,500,400,0,100,100,77900,43300,18700,14600,1200
"all_households","lowest_quintile",2006,25.9,56.9,15.5,27.5,13.9,26400,10200,6100,0,400,400,0,100,900,0,0,300,100,100,100,1500,16200,9600,6200,200,200,9600,5500,900,1200,1900,800,-1000,1100,200,500
"all_households","middle_quintile",2006,22.2,58.5,16.1,36.7,5.7,73400,66100,44200,800,4400,3300,100,700,2000,500,100,1100,300,600,600,7400,7200,4200,2500,300,200,1800,1400,100,200,200,11500,2400,7100,1400,700
"all_households","percentiles_81_90",2006,11.4,29.3,6,21.4,2,154200,149600,100700,5000,7800,7400,100,1700,5400,2700,500,2300,800,1700,1800,11600,4600,2700,1500,300,100,600,400,0,100,100,33600,13600,15500,3500,900
"all_households","percentiles_91_95",2006,5.9,14.6,2.8,10.8,1.1,208200,203200,129800,8200,8600,9000,100,2200,11200,6500,1100,3600,1300,3400,3500,14700,4900,3000,1600,200,100,400,300,0,100,100,49000,23200,19100,5700,1100
"all_households","percentiles_96_99",2006,4.7,11.7,2.3,8.3,1.1,349100,343000,187500,11500,8900,10000,100,3100,39900,26500,3800,8200,4100,9300,10800,19400,6200,3900,2100,100,0,400,300,0,100,0,91400,53900,22200,13800,1500
"all_households","second_quintile",2006,22,58.5,17.7,33.4,7.5,48300,38400,24500,200,2300,1800,100,400,1600,200,0,800,200,300,400,5500,9800,5800,3600,300,200,4200,2900,400,400,500,4700,-700,4000,800,600
"all_households","top_1_percent",2006,1.1,2.9,.7,1.8,.4,2083300,2074600,556300,10000,9400,14100,100,8300,380500,620800,43900,89600,24700,100300,169100,47500,8700,5600,3100,100,0,500,400,0,100,100,621500,405900,34100,177400,4100
"all_households","all_quintiles",2007,116.9,292.9,74.4,181.8,36.7,112700,103500,59500,2200,4000,3900,100,800,7100,9200,800,2700,800,2400,2500,7500,9100,5400,3300,300,100,3700,2300,300,400,600,23100,10600,8500,3300,700
"all_households","fourth_quintile",2007,22.1,58.6,14.1,40,4.5,111500,106100,72900,2400,5900,5400,100,1000,2900,1400,200,1700,500,1000,900,9700,5400,3200,1800,300,100,900,700,0,100,100,21200,7100,11400,1900,700
"all_households","highest_quintile",2007,23.2,58.6,11.4,42.1,5,313400,307900,152900,7600,7900,8900,100,2100,31500,43500,3700,9400,2800,10000,10600,16900,5500,3400,1900,200,100,500,400,0,100,100,78700,45800,19100,12700,1100
"all_households","lowest_quintile",2007,26.6,56.9,15.2,28.2,13.4,27400,11600,7000,0,400,500,0,100,1000,100,0,300,100,100,100,1800,15800,9400,5900,300,200,9500,5500,1000,1200,1900,700,-1100,1300,200,400
"all_households","middle_quintile",2007,22,58.6,15.8,37,5.8,76000,68700,46200,900,4100,3500,100,700,1900,700,100,1200,400,600,500,7800,7300,4300,2600,400,100,1900,1500,100,200,200,11900,2700,7400,1200,600
"all_households","percentiles_81_90",2007,11.5,29.3,5.8,21.4,2.2,157200,152400,102600,5100,7300,7500,100,1500,5300,3200,400,2500,800,2000,1600,12300,4800,2900,1600,200,100,600,400,0,100,100,33900,14100,15800,3000,900
"all_households","percentiles_91_95",2007,5.9,14.6,2.7,10.8,1.2,213700,208500,132100,8600,8100,9200,100,1900,11400,7200,1000,4500,1500,3900,3100,16000,5300,3200,1800,200,100,500,400,0,100,100,49700,24200,19500,5000,1000
"all_households","percentiles_96_99",2007,4.7,11.7,2.3,8.2,1.2,360900,354200,193200,11800,8600,10200,100,2700,40100,27900,4100,9700,4200,11200,9300,21000,6700,4200,2300,100,100,500,400,0,100,100,92600,56700,22600,11900,1300
"all_households","second_quintile",2007,22.2,58.6,17.6,33.4,7.6,50800,40600,25900,300,2200,2000,100,400,1400,300,0,900,300,400,400,6100,10200,6000,3700,400,100,4300,3000,400,400,500,5100,-400,4300,700,500
"all_households","top_1_percent",2007,1.1,2.9,.7,1.8,.4,2194200,2185600,598000,10300,9200,14800,100,7500,361700,697600,47800,102900,23800,116000,144800,51000,8600,5500,3000,100,0,500,400,0,0,100,619700,428600,35500,152300,3200
"all_households","all_quintiles",2008,117.3,295.1,74.2,183.2,37.7,104600,95100,58600,2200,4000,3900,100,500,6300,4600,800,2200,900,2200,1500,7400,9500,5500,3400,400,100,3900,2500,400,400,600,19400,8400,8400,2000,600
"all_households","fourth_quintile",2008,22.2,59,14.2,40.3,4.6,108900,103300,72000,2400,5900,5400,100,600,2600,400,200,1400,500,1000,500,10200,5700,3200,1900,500,100,900,700,0,100,100,18500,5400,11300,1100,700
"all_households","highest_quintile",2008,23,59,12.1,42.4,4.5,283800,278900,154200,7800,8100,9100,100,1300,30400,22300,3500,7200,3200,8600,6300,16700,4900,2900,1700,300,100,500,400,0,100,100,68500,40300,19500,7600,1100
"all_households","lowest_quintile",2008,26.7,56.9,14.5,28.1,14.3,27600,10600,6400,0,300,500,0,100,800,0,0,400,100,200,100,1800,17000,9900,6500,400,200,9800,5800,1000,1200,1900,-100,-1800,1200,100,400
"all_households","middle_quintile",2008,22.2,59,15.8,37.2,6,73500,65700,44600,900,4000,3300,100,400,1700,200,100,1100,400,700,300,8000,7700,4400,2700,500,100,2100,1600,100,200,200,9500,1100,7100,700,600
"all_households","percentiles_81_90",2008,11.3,29.5,6.1,21.4,2,154000,149400,103400,5200,7500,7600,100,900,4800,1100,600,2000,800,1900,900,12600,4600,2600,1500,300,100,600,400,0,100,0,31000,12400,16000,1800,800
"all_households","percentiles_91_95",2008,5.9,14.8,2.8,10.8,1.1,206600,201800,135300,8600,8400,9500,100,1200,10000,2400,1200,3400,1600,3200,1600,15500,4900,2900,1700,300,100,500,400,0,100,0,46200,22500,19900,2800,1000
"all_households","percentiles_96_99",2008,4.7,11.8,2.4,8.3,1,333700,328500,196900,12400,8900,10700,100,1600,37100,10600,3700,7600,4600,8800,4800,20500,5200,3100,1900,200,0,500,400,0,100,0,83300,52000,23600,6500,1300
"all_households","second_quintile",2008,22.3,59,17.3,33.9,7.8,49000,38300,24700,300,2100,1900,100,200,1300,100,100,800,300,400,200,6000,10700,6200,3800,500,100,4700,3200,500,400,600,3200,-1800,4000,400,500
"all_households","top_1_percent",2008,1.1,3,.7,1.9,.4,1790700,1782700,588000,11000,9400,15000,100,4500,367900,390100,44000,76900,30000,104500,91000,50300,8000,5000,2800,200,100,600,400,0,100,100,502800,367000,36500,95500,3800
"all_households","all_quintiles",2009,117.6,298,73.9,185.4,38.6,98400,87400,56100,2100,4000,3800,100,400,5800,2300,700,1700,800,1600,1100,7100,11000,6000,3700,1100,100,4400,2700,500,500,600,17600,7400,8100,1500,600
"all_households","fourth_quintile",2009,22.3,59.6,14.2,40.7,4.6,106300,99600,69800,2100,6000,5200,100,500,2600,200,300,1100,500,800,400,10000,6700,3500,2100,1100,100,1100,900,100,100,100,17700,5200,10900,900,700
"all_households","highest_quintile",2009,23.2,59.6,12,43.2,4.4,256700,251200,148500,7500,8400,9100,100,1000,28100,11000,3100,5100,2600,6100,4600,16100,5500,3000,1700,700,0,600,500,0,100,100,61000,34900,19500,5600,1000
"all_households","lowest_quintile",2009,26.2,57.1,14.6,28.3,14.1,28000,9100,5300,0,300,400,0,0,900,-100,0,300,100,200,100,1500,19000,10700,6800,1300,200,10900,6200,1500,1300,2000,0,-1500,1000,100,400
"all_households","middle_quintile",2009,22.2,59.6,15.7,37.5,6.4,72000,62600,42100,700,3900,3200,100,300,1700,0,200,900,400,600,300,8400,9400,5000,3000,1300,100,2500,1900,200,200,200,8900,1000,6700,500,600
"all_households","percentiles_81_90",2009,11.5,29.8,6.1,21.7,2,150100,144800,101500,4700,7700,7500,100,700,4400,500,600,1600,800,1400,700,12500,5200,2800,1600,800,0,700,500,0,100,100,29600,11700,15700,1400,800
"all_households","percentiles_91_95",2009,5.9,14.9,2.8,11,1.1,200500,195100,132800,8100,8700,9400,100,900,9300,1500,1000,2400,1400,2400,1300,15800,5400,3000,1700,700,100,600,400,0,0,100,43900,20900,19900,2200,900
"all_households","percentiles_96_99",2009,4.7,11.9,2.4,8.6,1,312500,306900,194300,12500,9400,11200,100,1300,32200,5600,3300,5300,3500,6000,3500,18600,5600,3200,1800,600,0,500,400,0,100,0,76800,46400,24400,4800,1200
"all_households","second_quintile",2009,22.6,59.6,16.9,34.2,8.5,47800,34900,22100,200,1800,1700,100,100,1500,-100,100,700,300,400,200,5900,12800,7000,4300,1400,200,5400,3600,800,400,600,2600,-1900,3700,300,500
"all_households","top_1_percent",2009,1.1,3,.7,1.9,.4,1398900,1390700,517200,12200,9800,14700,100,3100,347600,190300,37700,53200,22500,73500,66000,42800,8200,4900,2900,300,0,600,500,0,100,100,402800,295300,35500,69200,2800
"all_households","all_quintiles",2010,120,301.4,73.5,188.3,39.7,100100,89100,55300,2000,3800,3700,100,500,6300,3400,700,1300,800,1700,1600,7800,11000,6000,3700,1200,100,4500,2800,600,500,700,18600,7900,7900,2100,600
"all_households","fourth_quintile",2010,22.8,60.3,14.1,41.2,5,105500,98600,68300,2000,5900,5100,100,600,2800,300,300,800,500,800,500,10700,6800,3600,2100,1000,100,1200,900,100,100,100,18000,5500,10700,1100,700
"all_households","highest_quintile",2010,23.6,60.3,12,43.4,4.9,268500,262800,148700,7400,8100,8900,100,1400,28400,16900,3100,4400,2800,6900,6700,19000,5700,3100,1800,600,100,600,400,0,100,100,65600,37400,19100,8000,1000
"all_households","lowest_quintile",2010,27.1,58,14.5,29.4,14.1,27300,8800,5200,0,300,400,0,0,1000,-100,0,200,100,100,100,1500,18400,10300,6600,1400,100,11200,6300,1600,1300,2100,0,-1500,1000,100,400
"all_households","middle_quintile",2010,22.6,60.3,15.6,38,6.7,71300,61500,41000,700,3800,3100,100,400,1800,100,100,600,400,500,300,8700,9800,5300,3100,1300,100,2600,1900,300,200,200,9000,1200,6500,700,600
"all_households","percentiles_81_90",2010,11.7,30.1,6.2,21.7,2.2,149900,144400,99500,4600,7500,7300,100,900,4800,700,500,1200,900,1500,900,14000,5500,3000,1700,700,100,700,500,0,100,100,30300,12300,15300,1800,800
"all_households","percentiles_91_95",2010,5.9,15.1,2.8,11.1,1.2,202900,197400,131500,8000,8500,9300,100,1300,10400,1800,1100,1800,1600,2500,1600,18000,5400,3000,1800,600,100,500,400,0,0,0,45400,22000,19600,2800,900
"all_households","percentiles_96_99",2010,4.8,12.1,2.3,8.6,1.1,321400,315600,196000,12200,9200,11000,100,1800,32500,7600,3400,4100,3900,6200,4600,22900,5800,3300,1900,500,0,500,300,0,0,0,80700,49200,23900,6400,1200
"all_households","second_quintile",2010,22.9,60.3,16.9,34.9,8.5,47200,34400,21700,200,1700,1600,100,200,1500,0,100,500,200,300,200,6200,12800,7100,4200,1400,100,5800,3700,1000,400,700,2700,-1800,3600,400,500
"all_households","top_1_percent",2010,1.1,3,.7,1.9,.4,1607800,1599500,547000,12200,9000,14800,100,4600,348000,300000,38000,51700,23900,89100,101000,60300,8300,5100,2900,300,100,800,600,0,100,100,470800,325900,35700,105700,3600
"all_households","all_quintiles",2011,121.2,302.5,72.9,188,41.6,100000,89300,55500,2000,3800,3700,100,500,6600,3400,700,1100,800,1800,1500,7800,10700,6000,3700,900,100,4500,2700,700,500,700,18300,8700,6900,2000,700
"all_households","fourth_quintile",2011,23,60.5,14,41.2,5.3,105600,99100,68200,2000,5900,5100,100,600,2900,400,200,700,500,900,500,11100,6500,3500,2100,800,100,1100,800,100,100,100,17700,6600,9300,1100,700
"all_households","highest_quintile",2011,23.6,60.5,12.1,43.3,5.2,271600,265800,151000,7500,8100,9000,100,1400,29300,16700,2900,3800,3000,7000,6600,19500,5700,3300,1800,500,100,600,400,0,100,0,65000,39100,16900,8000,1100
"all_households","lowest_quintile",2011,27.7,58.3,14,29.1,15.2,27300,9000,5300,0,300,400,0,0,1000,0,0,200,100,100,100,1600,18300,10500,6700,1000,100,10800,5900,1700,1200,2000,100,-1300,900,100,400
"all_households","middle_quintile",2011,23,60.5,15.3,38.3,6.9,70600,61400,40700,700,3800,3000,100,400,1900,200,100,500,400,600,300,8700,9200,5100,3000,1000,100,2700,1900,300,200,200,8900,1900,5600,700,600
"all_households","percentiles_81_90",2011,11.7,30.3,6.2,21.7,2.3,152000,146400,100300,4800,7500,7400,100,900,5200,900,600,1000,900,1700,900,14300,5500,3100,1800,600,100,600,500,0,100,100,29900,13800,13400,1900,800
"all_households","percentiles_91_95",2011,6,15.1,2.8,11.1,1.2,205300,199800,133200,8100,8500,9300,100,1200,10500,2000,1100,1400,1700,2700,1600,18400,5500,3200,1700,500,100,400,300,0,0,0,44700,23600,17200,2900,1000
"all_households","percentiles_96_99",2011,4.8,12.1,2.4,8.6,1.2,328700,322800,200400,12400,9200,11000,100,1800,34100,7700,3200,3600,4300,6900,4700,23400,6000,3500,2000,400,0,500,400,0,0,0,80800,51800,21100,6500,1300
"all_households","second_quintile",2011,23,60.5,17.1,35,8.4,46600,34700,22000,200,1700,1700,100,200,1500,0,100,400,300,400,200,6100,11900,6700,4000,1100,100,5900,3700,1000,400,700,2900,-1300,3200,400,600
"all_households","top_1_percent",2011,1.1,3,.7,1.9,.4,1601200,1593100,555900,12200,9000,14900,100,4600,353100,292500,35700,45000,25600,83100,98400,62800,8200,5200,2800,200,0,800,500,0,100,100,465100,325400,33400,103000,3300
"all_households","all_quintiles",2012,122.5,305.8,73.5,188.9,43.4,104700,93900,56000,2100,3700,3700,100,600,7700,5500,600,1000,900,2300,1800,7900,10800,6300,3800,600,100,4500,2700,700,500,600,19800,9700,7000,2400,700
"all_households","fourth_quintile",2012,23.4,61.2,14,41.7,5.5,105900,99300,68200,2100,5800,5100,100,800,3000,500,200,500,600,900,500,11100,6600,3700,2100,600,100,1100,900,100,100,100,18100,6700,9300,1200,800
"all_households","highest_quintile",2012,23.9,61.2,12,43.5,5.7,294300,288300,153800,7600,7900,9000,100,1600,33400,27100,2800,3600,3300,9700,8100,20300,6000,3500,2000,400,100,600,400,0,100,0,71700,43700,17100,9800,1200
"all_households","lowest_quintile",2012,27.8,59.2,14.3,29.5,15.4,26600,8400,4800,0,200,400,0,100,1000,0,0,100,100,100,100,1500,18200,10600,6800,700,200,11000,6000,1700,1300,1900,100,-1200,800,100,400
"all_households","middle_quintile",2012,23.2,61.2,15.6,38.3,7.3,70700,61400,40500,700,3800,3000,100,400,2000,200,100,400,400,600,300,8900,9300,5300,3100,800,100,2600,1900,300,200,200,9100,2000,5600,700,700
"all_households","percentiles_81_90",2012,11.9,30.6,6,22,2.6,153700,147800,100900,5000,7400,7500,100,1100,5300,1100,400,800,1000,1600,900,14600,5900,3400,1900,500,100,700,500,0,100,0,30800,14200,13600,2000,900
"all_households","percentiles_91_95",2012,6.1,15.3,2.8,11.1,1.4,208400,202600,134200,8200,8100,9400,100,1500,10900,2900,1100,1300,1800,3200,1800,18100,5800,3400,1900,400,100,500,400,0,100,0,46200,24500,17300,3300,1100
"all_households","percentiles_96_99",2012,4.8,12.2,2.4,8.5,1.3,345500,339400,204100,12200,8800,11000,100,2200,40300,11900,3200,3200,4600,8200,5500,24100,6000,3500,2200,300,0,400,300,0,0,0,86700,56300,21400,7700,1400
"all_households","second_quintile",2012,23.3,61.2,17.3,34.9,9,46500,34300,21500,200,1700,1600,0,200,1700,0,0,300,200,400,200,6000,12300,7100,4300,800,100,5900,3800,1000,400,600,2800,-1300,3100,400,600
"all_households","top_1_percent",2012,1.2,3.1,.7,1.9,.5,1981400,1972200,592200,11700,8200,15200,100,5800,411200,485900,34000,47100,28300,132800,126600,73300,9100,5600,3300,200,100,700,500,0,100,100,566000,395300,34300,132400,3900
"all_households","all_quintiles",2013,123.1,306,72.4,189,44.6,103400,92600,56500,2100,3700,3800,100,600,7400,4200,600,900,900,1900,1900,7900,10800,6400,3800,500,100,4600,2800,700,500,600,21400,9900,8200,2600,700
"all_households","fourth_quintile",2013,23.3,61.2,13.9,41.4,6,108500,101700,69500,2200,5700,5200,100,800,3000,700,200,400,600,900,700,11700,6800,3900,2300,500,100,1100,800,100,100,100,20200,7000,10900,1500,800
"all_households","highest_quintile",2013,24,61.2,11.9,43.3,6.1,283200,277000,153500,7800,7800,9200,100,1700,32400,20200,2600,3200,3300,7600,8400,19200,6100,3700,2100,300,100,500,400,0,0,0,75800,44500,20100,10100,1200
"all_households","lowest_quintile",2013,28.1,59.3,14.1,29.7,15.5,27300,9200,5300,0,300,400,0,100,1100,0,0,100,100,100,100,1700,18100,10900,6600,500,200,11100,6300,1700,1300,1800,300,-1300,1000,100,500
"all_households","middle_quintile",2013,23.3,61.2,15.3,38.6,7.3,72100,62900,41700,800,3700,3100,100,500,1900,300,100,300,400,500,400,9100,9200,5400,3100,600,100,2700,2000,300,200,200,10400,2200,6600,900,700
"all_households","percentiles_81_90",2013,12,30.6,5.9,21.8,2.8,156000,150000,101800,5000,7200,7600,100,1200,5600,1700,400,700,1000,1700,1300,14600,5900,3500,2000,400,100,600,500,0,100,0,34000,14700,15800,2500,900
"all_households","percentiles_91_95",2013,6,15.3,2.8,11.1,1.4,214500,209000,137700,8700,8200,9800,100,1600,11500,3900,900,1100,1800,3000,2400,18400,5500,3200,1900,300,100,500,400,0,0,0,51100,25300,20600,4100,1100
"all_households","percentiles_96_99",2013,4.8,12.2,2.4,8.5,1.4,349100,342200,203900,12500,8700,11200,100,2300,40600,13400,3200,3000,4700,8300,7300,23000,6900,4200,2300,200,100,400,300,0,0,0,92800,56800,24900,9700,1400
"all_households","second_quintile",2013,23.4,61.2,17,35,9.2,47400,35300,22100,200,1800,1700,0,300,1700,100,0,200,300,300,200,6400,12100,7300,4100,500,200,6000,4000,1000,500,600,3500,-1200,3700,500,600
"all_households","top_1_percent",2013,1.2,3.1,.7,1.9,.4,1671400,1662600,558900,12500,8200,15100,100,5800,380000,321500,31400,41300,28800,89000,115300,54700,8800,5600,3100,100,0,600,500,0,0,100,562900,397200,40700,121100,3900
"all_households","all_quintiles",2014,124.7,310.4,73.7,190.7,46.1,107100,96300,57600,2200,3600,3800,100,700,7700,5900,500,800,1000,2200,2100,8000,10800,6500,3800,300,100,5300,3600,600,500,700,22700,10700,8300,2900,800
"all_households","fourth_quintile",2014,23.5,62.1,13.8,42.1,6.2,110800,103700,70800,2200,5600,5300,100,900,3200,1000,200,400,600,900,700,11800,7200,4300,2400,300,100,1600,1300,100,100,100,21000,7300,11100,1600,900
"all_households","highest_quintile",2014,24.4,62.1,11.9,43.8,6.4,299300,292900,156900,7900,7600,9300,100,1900,33700,27900,2400,3000,3600,9000,9400,20100,6400,3900,2200,200,100,700,600,0,100,100,81400,48500,20300,11300,1400
"all_households","lowest_quintile",2014,28.6,60.1,14.9,29,16.2,26400,8800,5100,0,200,400,0,100,1100,0,0,100,100,100,100,1600,17600,10600,6600,200,200,12300,7600,1500,1300,1900,200,-1400,1000,100,500
"all_households","middle_quintile",2014,23.4,62.1,15.5,39,7.6,73600,64300,42700,800,3700,3200,100,500,2000,500,100,300,400,500,400,9200,9300,5600,3200,300,100,3300,2600,300,200,300,10700,2200,6800,900,700
"all_households","percentiles_81_90",2014,12.1,31,6,22.2,2.8,159600,153700,103800,5100,7200,7700,100,1300,5800,2200,400,600,1000,1900,1400,15100,5900,3600,2000,300,100,800,700,0,100,100,35200,15300,16200,2700,1100
"all_households","percentiles_91_95",2014,6.2,15.5,2.8,11.1,1.6,218900,212600,138100,8800,8000,9800,100,1800,11700,5200,800,1100,1800,3500,2700,19400,6300,3800,2100,200,100,600,500,0,100,100,52800,26500,20600,4500,1300
"all_households","percentiles_96_99",2014,4.9,12.4,2.4,8.5,1.5,362600,355300,206800,12800,8300,11300,100,2500,41300,18300,3000,2700,5100,10000,8300,24900,7300,4600,2500,200,0,600,500,0,0,100,98000,60500,25100,10800,1600
"all_households","second_quintile",2014,23.9,62.1,17.2,35.7,9.2,47500,35700,22700,200,1700,1700,0,300,1700,200,0,200,300,300,200,6100,11800,7200,4100,300,100,7000,5000,900,500,700,3600,-1300,3800,500,600
"all_households","top_1_percent",2014,1.2,3.1,.7,1.9,.5,1878500,1869800,588700,12200,7800,14900,100,6600,399600,447100,27700,39100,32500,106600,130600,56200,8700,5600,3000,100,0,1000,700,100,100,100,632000,450600,40500,137200,3700
"all_households","all_quintiles",2015,126.1,311.5,72.7,191.2,47.6,110400,99300,59700,2300,3800,4000,100,700,8100,5900,500,800,900,2200,2100,8400,11100,6700,4000,200,100,5700,3900,600,500,700,23300,11200,8600,2700,800
"all_households","fourth_quintile",2015,23.7,62.3,13.6,42.6,6.2,114400,107300,73400,2400,5900,5500,100,900,3300,1000,200,400,600,1000,700,12200,7100,4300,2500,300,100,1800,1400,100,100,100,21800,7800,11600,1500,900
"all_households","highest_quintile",2015,24.4,62.3,12,43.8,6.5,310300,303900,164200,8400,7800,9700,100,1900,35900,28400,2300,3100,3100,9100,9100,20700,6400,3900,2300,200,0,900,700,0,100,100,84400,50900,21100,10900,1400
"all_households","lowest_quintile",2015,29.2,60.5,14.6,28.8,17.1,27800,9400,5300,0,300,400,0,100,1100,0,0,100,100,100,100,1800,18400,11200,6800,100,200,12500,7800,1400,1200,2000,100,-1500,1000,100,400
"all_households","middle_quintile",2015,23.9,62.3,15,39.4,7.9,75900,66400,43900,900,3800,3300,100,500,2100,500,100,300,400,600,400,9700,9500,5800,3300,300,100,3800,3000,200,200,300,11100,2400,7000,900,800
"all_households","percentiles_81_90",2015,12.1,31.2,6,22.3,2.9,165800,159900,108500,5400,7400,8100,100,1300,6200,2200,400,600,1000,1700,1300,15700,5900,3500,2100,200,100,900,800,0,100,100,36900,16400,16800,2500,1100
"all_households","percentiles_91_95",2015,6.2,15.6,2.8,11.1,1.6,226100,220000,143000,9300,8100,10100,100,1700,12400,5100,900,1200,1800,3800,2700,19800,6200,3800,2200,200,0,800,700,0,100,100,54700,27900,21200,4400,1300
"all_households","percentiles_96_99",2015,4.9,12.5,2.5,8.5,1.5,376700,369600,218700,13500,8600,11700,100,2500,44500,17400,2800,2700,4500,9800,7600,25300,7100,4300,2600,200,0,800,600,0,100,100,102000,64300,26000,10100,1700
"all_households","second_quintile",2015,24,62.3,17.3,35.6,9.4,49600,37600,23700,300,1900,1800,0,300,1800,200,0,200,300,300,200,6700,12000,7400,4200,300,200,7900,5900,800,400,700,3800,-1200,3900,500,600
"all_households","top_1_percent",2015,1.2,3.1,.7,1.9,.5,1958600,1948900,620900,13300,7800,16200,100,6500,428000,465600,27200,39700,26000,110500,129000,58100,9700,6300,3400,100,0,1000,800,0,100,100,653400,470300,44000,135400,3700
"all_households","all_quintiles",2016,126.5,311.9,71.7,190.7,49.5,109500,98200,59800,2300,3800,4000,0,600,8000,5100,500,800,800,2100,1900,8400,11300,6900,4100,200,100,5800,4100,500,500,700,22900,10900,8600,2600,800
"all_households","fourth_quintile",2016,23.8,62.4,13.6,42.4,6.3,114700,107500,73900,2400,5900,5600,100,800,3200,800,200,400,600,1000,600,12300,7200,4300,2500,200,100,1900,1600,100,100,200,21800,7900,11600,1400,900
"all_households","highest_quintile",2016,24.3,62.4,11.9,43.8,6.7,305800,299300,164900,8500,8000,9800,100,1800,35400,24900,2200,3100,2900,8700,8500,20500,6500,3900,2300,200,100,1000,800,0,100,100,82400,49600,21200,10300,1300
"all_households","lowest_quintile",2016,29.8,60.5,13.7,28.6,18.2,28100,9200,5200,0,200,400,0,100,1200,0,0,100,100,100,100,1700,18900,11500,7100,100,200,12500,7800,1400,1200,2100,100,-1400,1000,100,400
"all_households","middle_quintile",2016,23.8,62.4,15.1,39.5,7.7,76200,66900,44700,900,4000,3400,100,500,2000,300,100,300,400,600,400,9400,9300,5600,3300,300,100,3900,3100,200,200,300,11200,2500,7100,800,700
"all_households","percentiles_81_90",2016,12.1,31.2,5.8,22.4,3.1,166500,160400,109100,5500,7500,8100,100,1200,6000,1900,400,600,1000,1800,1200,16000,6100,3700,2200,200,100,1100,900,0,100,100,36900,16500,16900,2400,1000
"all_households","percentiles_91_95",2016,6.2,15.6,2.8,11.2,1.6,228100,221900,145800,9400,8400,10200,100,1600,12400,4800,900,1200,1800,3500,2500,19300,6200,3700,2200,200,100,900,800,0,100,100,55100,28300,21500,4100,1200
"all_households","percentiles_96_99",2016,4.9,12.5,2.6,8.4,1.5,376400,369200,222900,13600,8800,11800,100,2400,42700,15600,2800,2700,4300,9700,7300,24600,7300,4400,2700,100,100,800,700,0,100,100,101700,64400,26200,9600,1600
"all_households","second_quintile",2016,24,62.4,17.1,35.4,9.9,50500,38100,23900,300,1900,1800,0,300,1800,100,0,200,300,400,200,6800,12400,7600,4400,200,200,8000,6000,700,500,800,3800,-1200,3900,500,600
"all_households","top_1_percent",2016,1.2,3.1,.7,1.9,.5,1865300,1856300,603500,13400,8500,16100,100,5900,430500,408200,25700,39700,23300,103900,121000,56500,9000,5600,3400,100,0,1100,900,0,0,100,617800,443500,43700,126900,3800
"all_households","all_quintiles",2017,127.7,315.2,72.4,191.3,51.5,113100,101800,61100,2400,3900,4100,0,500,8300,6800,500,900,900,2300,1600,8600,11300,6900,4100,200,100,5800,4100,500,400,700,23500,11900,8800,2100,700
"all_households","fourth_quintile",2017,24.1,63,13.4,42.9,6.8,116700,109500,75000,2500,5900,5700,100,600,3300,1200,200,400,600,1000,500,12500,7200,4400,2500,200,100,1900,1500,100,100,100,22000,8300,11800,1200,800
"all_households","highest_quintile",2017,24.7,63,11.8,44.2,7.1,319500,312500,168100,8600,8000,10000,100,1400,37300,32700,2100,3300,3000,9500,6800,21500,7000,4300,2400,200,100,900,800,0,100,100,84800,53500,21800,8300,1200
"all_households","lowest_quintile",2017,29.7,61.1,14.4,28.1,18.6,28100,9300,5200,0,300,400,0,0,1200,0,0,100,100,100,100,1800,18800,11400,7200,100,100,12400,7900,1300,1100,2100,0,-1500,1000,100,400
"all_households","middle_quintile",2017,24,63,15.1,39.6,8.2,77500,68300,45500,900,4000,3400,100,400,2200,600,100,300,400,600,300,9600,9300,5600,3300,200,100,4000,3300,200,200,300,11300,2700,7300,700,600
"all_households","percentiles_81_90",2017,12.3,31.5,5.8,22.5,3.2,169700,163300,110500,5600,7600,8300,100,1000,6400,2700,400,600,1000,1900,1000,16400,6400,3900,2300,200,100,1000,900,0,100,100,37400,17300,17200,2000,900
"all_households","percentiles_91_95",2017,6.2,15.8,2.8,11.2,1.7,235100,228400,148200,9600,8300,10500,100,1300,13000,6400,800,1100,1900,4000,2100,21100,6700,4100,2300,200,100,800,700,0,0,100,56400,29800,22200,3400,1100
"all_households","percentiles_96_99",2017,4.9,12.6,2.4,8.5,1.6,391100,383100,226600,13800,8700,12300,100,1900,44500,22700,2700,2800,4200,10800,6100,26000,8000,5000,2700,200,0,800,600,0,0,100,104900,68300,27200,8000,1400
"all_households","second_quintile",2017,24.3,63,17.4,35.6,10.1,50700,38500,24200,300,1900,1800,0,200,1800,200,0,200,300,400,200,6800,12300,7600,4400,200,100,8000,6100,700,400,700,3900,-1000,4000,400,500
"all_households","top_1_percent",2017,1.2,3.2,.7,1.9,.5,2019400,2009000,628900,13200,7900,16700,100,4900,456000,522500,24900,44100,25400,110800,95200,58600,10400,6500,3800,100,0,1500,1100,100,100,100,641100,492000,45500,100000,3600
"all_households","all_quintiles",2018,128.7,316.1,71.5,191.5,53.1,115300,103800,62100,2500,4000,4200,0,400,8100,7200,500,1000,900,2500,1300,9000,11400,7000,4200,200,100,5600,4100,500,400,700,22300,10800,9000,1800,700
"all_households","fourth_quintile",2018,24.5,63.2,13.1,42.9,7.2,117900,110600,75400,2600,6000,5700,100,600,3300,1300,200,500,600,1100,500,12900,7400,4400,2700,200,100,1800,1500,100,100,100,20800,7100,11900,1000,800
"all_households","highest_quintile",2018,24.9,63.2,11.6,44.2,7.5,325400,318200,170200,8900,8100,10100,100,1200,36800,34400,2100,3900,3200,10600,5900,22700,7200,4400,2600,200,100,900,700,0,100,100,80900,50600,22000,7100,1300
"all_households","lowest_quintile",2018,30,61.3,14.3,28.1,18.9,28700,9800,5700,0,400,400,0,0,1100,0,0,100,100,100,100,1700,18800,11500,7100,100,100,12400,8100,1200,1100,2000,-100,-1700,1100,100,400
"all_households","middle_quintile",2018,24.3,63.2,14.7,39.9,8.6,78700,69200,46100,1000,4100,3500,100,300,2100,700,100,300,400,600,300,9800,9500,5800,3400,200,100,3800,3200,200,200,200,10500,1800,7400,600,700
"all_households","percentiles_81_90",2018,12.5,31.6,5.8,22.5,3.4,173200,166500,112500,5900,7700,8400,100,800,6200,3100,400,800,1000,2000,900,16800,6800,4100,2400,200,100,900,700,0,100,100,36000,15900,17500,1700,1000
"all_households","percentiles_91_95",2018,6.2,15.8,2.8,11.2,1.8,241500,234600,151900,10000,8600,10700,100,1100,12900,7200,700,1300,1800,4400,1800,22000,6900,4200,2500,200,0,800,600,0,100,100,54400,27800,22400,2900,1200
"all_households","percentiles_96_99",2018,5,12.6,2.4,8.5,1.7,398700,390800,227900,13900,8400,12200,100,1600,46100,24300,2500,3300,4600,11700,5300,28800,7900,4900,2900,100,0,700,600,0,0,100,97800,62300,27100,6900,1500
"all_households","second_quintile",2018,24,63.2,17.6,35.5,10.2,52300,39900,25200,300,2300,1900,0,200,1800,300,0,200,300,400,200,6800,12400,7800,4300,200,100,7800,6200,600,400,600,3500,-1600,4200,300,600
"all_households","top_1_percent",2018,1.2,3.2,.6,2,.6,2008600,1997900,619500,13400,7800,16500,100,4000,433900,531900,24700,50800,27900,125100,80100,62100,10600,6600,3900,100,0,1200,1000,0,100,100,606500,473100,44800,84100,4400
"elderly_headed_hh","all_quintiles",1979,16.5,27.1,0,5.1,22,50400,34100,8500,0,300,400,0,100,1800,3600,400,6200,1300,3000,3400,5000,16300,12300,3800,100,100,1000,400,100,300,200,9100,4100,1000,3600,500
"elderly_headed_hh","fourth_quintile",1979,1.1,2.2,0,.6,1.6,80400,64000,21000,0,900,1200,100,300,2500,2400,100,13600,1900,3800,5200,10900,16400,12400,3700,100,100,200,100,0,100,0,14800,5900,2700,5500,800
"elderly_headed_hh","highest_quintile",1979,1.7,3.2,0,.9,2.3,201200,185600,38200,0,1100,1500,100,500,13900,31800,3500,27300,7500,23400,22400,14500,15600,11800,3600,100,0,100,100,0,0,0,60900,32900,3600,22800,1500
"elderly_headed_hh","lowest_quintile",1979,9.3,14.1,0,1.7,12.3,20600,4500,1200,0,0,100,0,0,100,0,0,900,200,100,300,1500,16100,12000,3900,0,200,1600,600,200,400,400,700,0,200,300,200
"elderly_headed_hh","middle_quintile",1979,1.5,2.7,0,.7,2,60900,44300,13900,0,700,800,100,200,1200,1400,100,9600,1300,2100,3400,9500,16500,12500,3700,200,100,300,100,0,100,0,9100,3000,1800,3600,600
"elderly_headed_hh","percentiles_81_90",1979,.6,1.1,0,.4,.8,102300,87100,30700,0,1200,1700,100,400,5200,4100,500,15800,3000,5800,7000,11700,15200,11500,3500,100,0,100,100,0,0,0,21700,9500,3800,7400,1000
"elderly_headed_hh","percentiles_91_95",1979,.3,.7,0,.2,.5,128300,112400,36100,0,1200,1900,100,500,6300,7100,1100,20200,3300,10900,10200,13500,15900,12100,3600,200,0,200,100,0,0,0,30400,14400,4200,10700,1200
"elderly_headed_hh","percentiles_96_99",1979,.5,.9,0,.2,.7,177100,161500,32700,0,900,1400,100,400,13400,18200,1900,30700,8000,19200,18600,16000,15600,11900,3600,0,100,100,100,0,0,0,48900,24900,3500,19000,1500
"elderly_headed_hh","second_quintile",1979,2.8,4.9,0,1.1,3.8,44200,26800,7900,0,400,500,0,100,600,400,0,6600,800,1000,2100,6600,17300,13300,3800,100,100,400,200,0,100,100,4500,900,1000,2200,500
"elderly_headed_hh","top_1_percent",1979,.2,.4,0,.1,.3,594300,578400,71200,0,1000,900,100,900,46900,161900,17600,57800,23100,92400,84700,19800,15900,12000,3900,0,0,100,100,0,0,0,223900,132100,2800,85600,3400
"elderly_headed_hh","all_quintiles",1980,16.8,27.6,0,5.1,22.5,50500,33400,8200,0,300,400,0,100,1400,3100,400,7600,1300,3100,2800,4900,17100,12700,4200,100,100,1100,400,100,300,300,8600,4400,900,2900,400
"elderly_headed_hh","fourth_quintile",1980,1.2,2.3,0,.6,1.7,79500,62500,20400,0,700,1200,100,200,1700,2300,100,15900,2000,3400,4200,10500,17000,12700,4200,100,0,200,100,0,100,0,14000,6400,2500,4400,700
"elderly_headed_hh","highest_quintile",1980,1.8,3.4,0,.9,2.5,186700,170600,35200,0,900,1400,100,400,10400,25200,3600,32900,7600,22100,16600,14100,16100,11900,4000,100,0,100,0,0,0,0,53600,32200,3300,16900,1200
"elderly_headed_hh","lowest_quintile",1980,9.2,13.7,0,1.7,12,20500,3700,900,0,0,100,0,0,100,0,0,1000,100,100,200,1200,16700,12300,4300,0,100,1800,600,200,400,500,500,0,100,200,200
"elderly_headed_hh","middle_quintile",1980,1.7,3,0,.8,2.2,59500,42200,12700,0,500,800,100,100,800,900,100,11200,1300,2000,2700,9100,17300,13000,4100,200,100,200,100,0,100,0,8200,3200,1600,2900,500
"elderly_headed_hh","percentiles_81_90",1980,.7,1.2,0,.3,.9,100300,84300,25700,0,900,1400,100,300,2600,4900,500,21100,3000,5800,6300,11800,16100,11900,3900,200,0,100,100,0,0,0,20900,10400,3100,6600,800
"elderly_headed_hh","percentiles_91_95",1980,.4,.7,0,.2,.5,127000,111100,34900,0,1100,1800,100,400,5300,7200,600,24800,4800,8900,8300,12900,15900,11800,4000,100,100,100,0,0,100,0,29600,15900,4100,8700,1000
"elderly_headed_hh","percentiles_96_99",1980,.5,1,0,.2,.8,172400,156300,33100,0,800,1400,100,400,10700,15900,2500,35700,6800,19500,14500,14900,16100,12000,3900,200,0,100,0,0,0,0,46400,27100,3300,14800,1200
"elderly_headed_hh","second_quintile",1980,2.9,5.1,0,1.1,4,44100,25400,6800,0,300,400,0,100,500,400,0,7200,700,1000,1600,6400,18800,14200,4400,100,100,300,200,0,100,0,4000,900,900,1700,400
"elderly_headed_hh","top_1_percent",1980,.2,.4,0,.1,.4,547100,530900,66700,0,1000,1000,100,700,39100,129500,19400,71400,26500,93200,62200,20200,16200,12000,4100,0,100,0,0,0,0,0,196300,128100,2800,62900,2500
"elderly_headed_hh","all_quintiles",1981,17.2,28.3,0,5.2,23.1,52900,34800,8100,0,300,500,0,100,1100,2900,400,9600,1400,3200,2200,5100,18100,13300,4600,100,100,1100,400,100,300,300,8500,4800,1000,2300,400
"elderly_headed_hh","fourth_quintile",1981,1.3,2.4,0,.6,1.8,80100,61800,18600,0,700,1200,100,200,1400,1300,100,18600,2000,3700,3200,10800,18300,13600,4500,100,0,200,100,0,100,0,13400,6900,2600,3300,600
"elderly_headed_hh","highest_quintile",1981,2,3.7,0,1,2.7,184800,167700,34000,0,1000,1600,100,300,8200,22900,3600,40600,7600,20800,12400,14700,17000,12600,4300,100,0,100,100,0,0,0,49500,32300,3600,12600,1000
"elderly_headed_hh","lowest_quintile",1981,8.8,13.1,0,1.6,11.5,21100,3500,900,0,0,100,0,0,0,0,0,1000,200,100,100,1200,17500,12800,4600,0,200,2000,800,300,400,500,500,0,100,200,200
"elderly_headed_hh","middle_quintile",1981,1.8,3.3,0,.8,2.5,61300,42400,11700,0,500,700,0,100,700,800,100,13800,1100,2400,2200,8200,18800,14100,4600,100,100,200,100,0,100,0,7900,3400,1600,2300,500
"elderly_headed_hh","percentiles_81_90",1981,.7,1.4,0,.4,1,102600,85200,26800,0,900,1600,100,200,1900,3100,500,24200,2500,6600,4600,12200,17500,13000,4300,100,100,100,100,0,0,0,20200,11200,3500,4800,700
"elderly_headed_hh","percentiles_91_95",1981,.4,.8,0,.2,.6,127000,109400,29000,0,1000,1700,100,300,3800,5500,800,31100,4200,10600,6500,14700,17600,13100,4500,100,0,100,100,0,100,0,28500,17100,3800,6800,800
"elderly_headed_hh","percentiles_96_99",1981,.6,1.1,0,.3,.8,172600,156700,31000,0,1000,1500,100,300,9000,13500,2000,46200,6500,19600,11100,14900,16000,11700,4200,0,0,100,100,0,100,0,45600,29500,3700,11300,1000
"elderly_headed_hh","second_quintile",1981,3.2,5.6,0,1.1,4.5,44600,24900,6100,0,300,400,0,100,400,200,0,8200,700,1100,1300,6100,19700,14800,4800,100,100,300,100,0,100,100,3600,1000,900,1300,400
"elderly_headed_hh","top_1_percent",1981,.2,.4,0,.1,.4,554000,536600,70800,0,1200,1400,100,600,31900,134100,21600,90800,31100,83200,48300,21500,17300,12600,4700,0,0,100,0,0,0,0,181100,126500,3700,48900,2100
"elderly_headed_hh","all_quintiles",1982,17.6,28.9,0,5.4,23.6,55000,35700,8500,0,300,500,0,0,1000,3100,600,10400,1300,3300,1400,5200,19400,14000,5100,100,100,1100,400,100,200,300,7700,4800,1100,1400,400
"elderly_headed_hh","fourth_quintile",1982,1.5,2.6,0,.7,1.9,79900,60700,17800,0,700,1100,100,100,1000,1500,100,19800,1400,4000,1900,11200,19100,14000,4900,200,100,200,100,0,100,0,11700,6600,2500,2000,600
"elderly_headed_hh","highest_quintile",1982,2,3.7,0,1,2.8,190100,171300,36200,0,1000,1700,100,200,8000,24800,4700,41500,7500,21900,7600,15900,18800,13800,4900,100,0,100,100,0,0,0,44800,32000,3900,7800,1000
"elderly_headed_hh","lowest_quintile",1982,8.5,12.6,0,1.5,11.1,21800,3300,900,0,0,100,0,0,0,0,0,1000,200,100,100,1000,18500,13200,5100,0,200,2000,800,200,400,500,400,0,100,100,200
"elderly_headed_hh","middle_quintile",1982,2.1,3.9,0,1,2.9,62100,41400,11500,0,600,700,100,100,300,600,100,14500,1000,1900,1300,8800,20700,15300,5200,200,100,200,100,0,0,0,6700,3200,1600,1300,500
"elderly_headed_hh","percentiles_81_90",1982,.7,1.4,0,.4,1,103200,84300,27000,0,1000,1700,100,100,2200,2000,800,25300,2300,6500,2600,12800,18900,14000,4800,100,0,200,100,0,100,0,18000,10900,3600,2800,700
"elderly_headed_hh","percentiles_91_95",1982,.4,.8,0,.2,.6,129700,110300,33000,0,900,1900,100,200,3200,4100,2100,29900,5000,9300,3600,17100,19400,14200,5100,0,0,100,100,0,100,0,25400,16500,4200,3800,900
"elderly_headed_hh","percentiles_96_99",1982,.6,1,0,.2,.8,173500,155100,32800,0,1000,1600,100,200,7600,11300,1800,48300,6400,20800,6500,16700,18500,13500,4900,0,0,0,0,0,0,0,40700,29200,3800,6600,1000
"elderly_headed_hh","second_quintile",1982,3.5,5.9,0,1.2,4.8,44800,23800,5500,0,200,400,0,0,200,300,0,9000,600,1200,800,5300,21100,15500,5300,100,100,400,200,0,100,100,3000,1000,800,800,400
"elderly_headed_hh","top_1_percent",1982,.3,.5,0,.1,.4,563100,544800,74600,0,1100,1800,100,400,32900,150000,26400,90400,28600,86900,30300,21500,18300,13300,4900,0,0,100,100,0,0,0,158800,121500,4500,30600,2200
"elderly_headed_hh","all_quintiles",1983,17.8,29.4,0,5.5,23.9,57000,36800,8300,0,300,500,0,100,1100,4000,700,9800,1200,3100,1800,5700,20300,14500,5500,100,100,1200,500,100,300,300,7900,4400,1100,1900,500
"elderly_headed_hh","fourth_quintile",1983,1.7,3,0,.8,2.2,81200,60900,16300,0,800,1100,100,100,1200,1700,200,19000,1700,4100,2500,12100,20200,14800,5300,100,100,200,100,0,0,0,11600,5900,2300,2700,700
"elderly_headed_hh","highest_quintile",1983,2,3.8,0,1,2.8,194800,175800,35000,0,1000,1700,100,200,8800,32300,6100,36800,7000,20000,9900,16800,19000,13700,5200,100,100,100,0,0,0,0,44600,29400,3900,10200,1200
"elderly_headed_hh","lowest_quintile",1983,8.1,12.2,0,1.6,10.7,22500,3200,700,0,0,0,0,0,0,0,0,1000,100,100,100,1000,19300,13500,5500,0,200,2300,1000,200,500,700,500,0,100,100,200
"elderly_headed_hh","middle_quintile",1983,2.2,3.9,0,.9,3,62500,40600,10800,0,500,700,100,100,600,800,200,12900,1100,1800,1600,9500,21900,16200,5600,100,100,200,100,0,100,0,6700,2900,1500,1700,600
"elderly_headed_hh","percentiles_81_90",1983,.8,1.5,0,.4,1.1,104300,85500,25400,0,1000,1600,100,200,1600,4000,800,24500,2700,6000,3600,14000,18800,13600,5100,100,100,100,0,0,0,0,18200,10100,3500,3800,800
"elderly_headed_hh","percentiles_91_95",1983,.4,.8,0,.2,.6,127700,109700,30400,0,1000,1800,100,200,3800,7400,1700,29800,3800,9200,5000,15500,18000,12900,5000,0,0,100,100,0,0,0,24800,14700,4000,5200,900
"elderly_headed_hh","percentiles_96_99",1983,.6,1,0,.2,.8,181200,161400,32800,0,1100,1600,100,200,8700,19200,2800,42300,6800,18900,8600,18300,19700,14300,5400,100,100,100,0,0,100,0,40300,26300,3900,8900,1200
"elderly_headed_hh","second_quintile",1983,3.8,6.4,0,1.2,5.2,44900,22900,5400,0,200,400,0,0,300,300,0,8200,500,1000,900,5600,22000,16100,5700,100,100,400,200,0,100,100,3100,900,800,1000,500
"elderly_headed_hh","top_1_percent",1983,.2,.4,0,.1,.4,640300,620300,78900,0,1100,2000,100,500,41900,198700,39000,76700,27300,87500,42100,24600,20000,14400,5500,100,0,0,0,0,0,0,176100,125800,4900,42600,2800
"elderly_headed_hh","all_quintiles",1984,18.1,29.8,0,5.6,24.3,60200,39900,9000,0,300,500,0,100,1300,4500,900,10600,1300,3000,2200,6100,20300,14500,5600,100,100,1200,500,100,200,300,8900,5000,1200,2300,500
"elderly_headed_hh","fourth_quintile",1984,1.7,3.2,0,.9,2.3,84900,65000,18300,100,800,1200,100,100,1400,2000,200,19700,1500,3800,2900,12900,19900,14400,5300,200,100,200,100,0,0,0,13000,6500,2600,3100,800
"elderly_headed_hh","highest_quintile",1984,2.1,3.9,0,1,2.9,211900,191000,38100,200,1100,1900,100,300,10100,35500,7200,39700,7200,19100,11800,18600,21000,15300,5500,100,100,100,0,0,0,0,51200,33600,4300,12100,1200
"elderly_headed_hh","lowest_quintile",1984,8.3,12.2,0,1.5,10.7,23000,4000,800,0,0,100,0,0,0,0,0,1200,200,100,200,1300,19100,13300,5600,0,200,2300,1000,200,400,700,600,0,100,200,300
"elderly_headed_hh","middle_quintile",1984,2.3,4.1,0,.9,3.2,65100,43100,10600,0,400,700,0,100,700,1000,200,14600,1200,2100,2000,9300,21900,15900,5800,200,0,200,100,0,0,0,7300,3000,1500,2100,700
"elderly_headed_hh","percentiles_81_90",1984,.8,1.6,0,.4,1.2,114700,92700,27600,200,1000,1800,100,200,2900,4200,1000,25300,1900,5900,4100,16500,22000,16000,5700,100,100,100,0,0,0,0,21000,11800,3900,4300,900
"elderly_headed_hh","percentiles_91_95",1984,.5,.9,0,.3,.7,139800,119800,35300,300,1200,2100,100,300,5800,7300,1800,32800,3900,8400,5800,14700,20100,14600,5300,100,100,100,0,0,0,0,29300,17600,4600,6100,1000
"elderly_headed_hh","percentiles_96_99",1984,.5,.9,0,.2,.7,191900,172000,33700,200,1000,1800,100,300,8100,18900,2800,46300,7900,19800,10300,20800,20000,14600,5300,0,0,100,0,0,0,0,46700,30700,4200,10600,1200
"elderly_headed_hh","second_quintile",1984,3.7,6.3,0,1.2,5.1,47200,25200,6000,0,200,400,0,0,400,300,100,8700,500,1000,1100,6400,22000,16000,5800,100,100,400,200,0,100,100,3500,900,900,1200,500
"elderly_headed_hh","top_1_percent",1984,.3,.5,0,.1,.4,682200,660800,84400,200,1200,2000,100,600,44500,215900,44800,83800,28100,77600,49200,28300,21300,15700,5600,0,0,100,0,0,0,0,192900,135800,4900,49800,2400
"elderly_headed_hh","all_quintiles",1985,18.5,30.5,0,5.8,24.8,62000,41300,9000,100,300,500,0,100,1200,5300,1000,10400,1300,3100,2000,6900,20800,14600,6000,100,100,1300,500,100,300,400,9100,5300,1200,2100,500
"elderly_headed_hh","fourth_quintile",1985,1.7,3.2,0,.8,2.3,86900,65400,18400,100,800,1200,100,100,700,2800,200,19000,1500,4200,2700,13500,21500,15500,5900,100,0,200,100,0,100,0,12700,6400,2700,2900,800
"elderly_headed_hh","highest_quintile",1985,2.1,3.9,0,1,2.9,227100,206100,39700,200,1100,2000,100,300,10200,43500,8200,40200,7400,19600,11400,22200,21000,15000,5900,100,100,100,100,0,0,0,53900,36400,4500,11700,1300
"elderly_headed_hh","lowest_quintile",1985,8.5,12.4,0,1.7,10.8,23200,3900,900,0,0,100,0,0,0,0,0,1200,100,100,200,1300,19300,13300,5800,0,100,2500,1000,200,500,800,600,0,100,200,300
"elderly_headed_hh","middle_quintile",1985,2.4,4.3,0,1,3.4,65900,43600,10500,100,500,700,0,100,500,900,200,13900,900,2400,1800,11000,22300,15900,6300,100,100,200,100,0,100,0,7200,3100,1600,1900,700
"elderly_headed_hh","percentiles_81_90",1985,.8,1.6,0,.4,1.1,114000,92400,26900,100,1000,1800,100,200,1800,4400,1100,24700,2300,7000,3900,17400,21500,15500,5900,100,0,100,100,0,0,0,21300,12500,3800,4100,900
"elderly_headed_hh","percentiles_91_95",1985,.4,.8,0,.2,.6,141700,120500,33400,300,1100,2100,100,300,3700,8100,1900,31600,2900,9500,5300,20300,21200,15400,5800,100,0,100,0,0,0,0,29500,18300,4800,5500,1000
"elderly_headed_hh","percentiles_96_99",1985,.6,1,0,.3,.8,199100,179000,38100,300,1200,2000,100,300,7600,27400,3400,43100,6700,18400,9600,21000,20100,14300,5700,100,0,100,0,0,0,0,46400,30500,4700,9800,1300
"elderly_headed_hh","second_quintile",1985,3.8,6.5,0,1.2,5.2,47800,25100,5300,0,200,400,0,0,300,300,0,8700,600,1000,1000,7100,22700,16100,6300,200,100,400,200,0,100,100,3400,1000,800,1100,500
"elderly_headed_hh","top_1_percent",1985,.3,.5,0,.1,.4,761400,740200,91100,200,1100,2100,100,600,51500,250900,50000,94800,31400,76500,47900,41900,21200,14800,6000,0,300,0,0,0,0,0,206500,149500,5700,48600,2700
"elderly_headed_hh","all_quintiles",1986,19,31.2,0,5.7,25.6,66300,45000,9000,100,300,500,0,100,1300,9600,1200,9300,1200,3200,2200,7000,21300,14900,6200,100,100,1200,600,100,200,400,9600,5500,1200,2300,600
"elderly_headed_hh","fourth_quintile",1986,1.7,3.2,0,.8,2.4,90000,68200,19400,200,900,1300,100,200,1300,4100,500,17100,1700,4200,2800,14400,21900,15400,6200,100,200,200,100,0,100,0,13300,6600,2900,3000,800
"elderly_headed_hh","highest_quintile",1986,2.1,3.8,0,.9,2.9,258400,237300,38700,300,1200,2000,100,300,10700,80500,9800,34900,7200,19900,12500,19100,21100,14800,6000,100,300,100,0,0,0,0,58600,39500,4700,12800,1700
"elderly_headed_hh","lowest_quintile",1986,8.5,12.3,0,1.5,10.8,23800,3800,800,0,0,100,0,0,0,0,0,1200,100,100,200,1300,20000,13700,6100,0,100,2400,1100,200,400,800,600,0,100,200,300
"elderly_headed_hh","middle_quintile",1986,2.5,4.6,0,1.1,3.5,68400,45300,10900,100,600,800,0,100,900,1900,100,12500,1000,2600,1900,12100,23000,16200,6600,200,100,300,200,0,100,0,7400,3100,1700,2000,700
"elderly_headed_hh","percentiles_81_90",1986,.8,1.4,0,.4,1,115500,94600,29500,300,1100,2000,100,200,3000,8900,1200,20800,1500,7200,3900,14900,20900,14600,5800,100,300,100,100,0,100,0,21100,11600,4400,4100,1000
"elderly_headed_hh","percentiles_91_95",1986,.5,.8,0,.2,.7,144700,122700,29000,300,1000,1900,100,200,3100,18000,1800,27200,3500,11400,5800,19400,22000,15500,6300,100,200,100,0,0,0,0,28900,17400,4200,6100,1200
"elderly_headed_hh","percentiles_96_99",1986,.6,1.1,0,.3,.8,217600,197300,38400,400,1500,2100,100,300,9600,42600,6900,36700,5500,20700,10100,22600,20400,14300,5800,0,300,100,100,0,0,0,48000,30900,5000,10400,1700
"elderly_headed_hh","second_quintile",1986,4.2,7.1,0,1.3,5.8,48000,25200,5600,0,200,400,0,0,100,300,100,8200,600,1000,1100,7500,22800,16300,6400,100,100,500,200,0,100,100,3500,900,900,1100,600
"elderly_headed_hh","top_1_percent",1986,.3,.5,0,.1,.4,917900,896200,80400,300,1600,2000,100,600,46800,457000,52800,81900,31800,66800,51600,22600,21700,15300,6200,0,200,100,0,0,0,0,231100,169400,5300,52200,4300
"elderly_headed_hh","all_quintiles",1987,19.4,32,0,5.8,26.2,60400,39500,8600,100,400,500,0,100,1400,4100,1800,8300,1000,3300,2700,7200,20900,14600,6100,0,100,1200,600,100,200,400,9200,4700,1200,2800,600
"elderly_headed_hh","fourth_quintile",1987,1.7,3.2,0,.9,2.3,90200,69300,19900,200,1000,1400,100,200,1400,2500,1100,15700,1400,5100,3800,15600,20800,14600,6100,100,100,200,100,0,0,0,14500,6700,3000,4000,800
"elderly_headed_hh","highest_quintile",1987,1.9,3.6,0,.9,2.7,230600,210400,39100,400,1500,1900,100,400,12800,36800,16600,34100,6000,22400,16900,21400,20200,14200,5900,100,100,100,100,0,0,0,59400,35900,4600,17300,1600
"elderly_headed_hh","lowest_quintile",1987,8.7,12.8,0,1.5,11.3,23300,3500,700,0,0,0,0,0,0,0,0,1100,100,100,200,1200,19800,13600,6100,0,100,2400,1100,100,500,700,600,0,100,200,300
"elderly_headed_hh","middle_quintile",1987,2.5,4.5,0,1.1,3.4,66500,44500,11800,100,600,800,0,100,400,1200,300,11200,1000,2600,2400,11900,22000,15700,6200,100,100,200,100,0,100,0,8000,3000,1800,2500,600
"elderly_headed_hh","percentiles_81_90",1987,.7,1.3,0,.4,1,116200,96000,25600,300,1200,1700,100,300,3100,6000,3000,20100,1900,7800,5700,19100,20200,14100,5800,200,100,200,100,0,0,0,23200,12300,3900,6000,1000
"elderly_headed_hh","percentiles_91_95",1987,.4,.8,0,.2,.6,149900,129400,34300,500,1600,2100,100,300,4500,9800,5600,27500,3000,11900,8500,19600,20500,14500,5800,100,100,100,0,0,0,0,33700,18800,4800,8900,1300
"elderly_headed_hh","percentiles_96_99",1987,.6,1,0,.2,.8,214100,193800,38100,300,1600,2100,100,400,10900,27500,13400,33600,6400,23100,15200,21300,20300,14200,6000,0,0,100,0,0,0,0,55000,32700,5000,15600,1700
"elderly_headed_hh","second_quintile",1987,4.5,7.7,0,1.4,6.3,47500,24800,5000,0,300,400,0,100,500,400,100,7000,500,1200,1300,8100,22700,16200,6400,100,100,400,200,0,100,100,3600,800,800,1400,600
"elderly_headed_hh","top_1_percent",1987,.2,.4,0,.1,.3,775900,756200,92500,300,1800,2100,100,800,62800,205000,87100,90900,23600,85300,71400,32300,19800,13900,5800,0,0,100,0,0,0,0,230000,148900,5300,72200,3600
"elderly_headed_hh","all_quintiles",1988,19.7,32.4,0,5.8,26.6,62700,41700,8700,100,400,500,0,100,1700,4300,1800,8600,1100,3500,2800,8100,21000,14700,6100,0,0,1300,600,100,300,400,9900,5200,1200,2900,600
"elderly_headed_hh","fourth_quintile",1988,1.7,3.2,0,.8,2.4,91900,70400,18300,200,1100,1300,100,200,1400,1900,1500,16500,1600,4900,3900,17600,21600,15400,6000,100,0,200,100,0,100,100,14800,7000,2900,4100,800
"elderly_headed_hh","highest_quintile",1988,1.9,3.6,0,.9,2.8,250500,229300,42000,400,1700,2100,100,400,16200,40100,16100,36400,6000,24600,17700,25500,21200,15100,6000,100,100,100,0,0,0,0,64000,39300,4900,18200,1600
"elderly_headed_hh","lowest_quintile",1988,8.8,12.9,0,1.5,11.4,23400,3700,700,0,0,0,0,0,0,0,0,1000,200,100,200,1500,19700,13500,6000,0,100,2500,1100,200,500,800,600,0,100,200,300
"elderly_headed_hh","middle_quintile",1988,2.5,4.4,0,1,3.4,67200,45300,11500,100,600,800,0,100,800,700,300,11200,1000,2500,2300,13300,21900,15800,6100,0,0,300,100,0,100,100,8300,3400,1900,2400,700
"elderly_headed_hh","percentiles_81_90",1988,.8,1.5,0,.4,1.1,121200,99800,29500,400,1500,2100,100,300,3200,4800,3800,19800,1500,8100,5600,19000,21500,15300,6100,100,0,100,100,0,0,0,24000,12400,4700,5900,1000
"elderly_headed_hh","percentiles_91_95",1988,.4,.8,0,.2,.6,149500,129200,32900,500,1800,2100,100,300,6500,7100,5900,25500,3000,12000,7800,23800,20300,14300,5900,100,0,100,0,0,0,0,33200,18600,5200,8200,1200
"elderly_headed_hh","percentiles_96_99",1988,.6,1,0,.2,.8,216100,195500,35500,400,1600,1900,100,300,11000,20200,16900,37100,6800,23800,15200,24700,20600,14500,5800,100,100,100,0,0,0,0,54200,32200,4700,15600,1700
"elderly_headed_hh","second_quintile",1988,4.6,8,0,1.5,6.5,48200,25700,5100,0,300,400,0,100,400,200,100,7000,600,1300,1300,8900,22500,16000,6400,100,0,500,200,0,100,100,3800,1000,900,1400,500
"elderly_headed_hh","top_1_percent",1988,.2,.4,0,.1,.3,991600,967900,121200,400,2000,2300,100,1100,94200,280100,76500,114400,25300,109900,86500,54000,23700,17200,6400,0,0,200,0,0,0,100,290600,192900,5900,87600,4200
"elderly_headed_hh","all_quintiles",1989,20.1,32.8,0,5.9,26.9,63200,42100,8200,100,400,500,0,100,1600,3800,1900,9600,1100,3500,2700,8300,21100,14800,6200,0,100,1300,600,100,300,400,9600,5100,1200,2800,500
"elderly_headed_hh","fourth_quintile",1989,1.8,3.3,0,.8,2.5,91800,70200,17400,200,1200,1300,100,200,1800,2100,1300,17500,1300,4800,3600,17600,21600,15400,6100,100,100,200,100,0,100,0,14900,7400,2900,3800,800
"elderly_headed_hh","highest_quintile",1989,2.1,3.9,0,1,2.9,239300,218700,36900,500,1600,2000,100,400,14000,33000,16900,41300,6400,23500,16500,25800,20600,14600,5900,100,0,100,0,0,0,0,59100,36400,4600,16800,1300
"elderly_headed_hh","lowest_quintile",1989,8.9,13,0,1.6,11.4,23700,3900,800,0,0,100,0,0,0,0,0,1100,200,100,200,1500,19700,13500,6100,0,0,2600,1100,200,500,800,600,0,100,200,300
"elderly_headed_hh","middle_quintile",1989,2.6,4.6,0,1,3.6,68400,46000,10700,100,800,800,0,100,600,800,400,12600,900,2600,2300,13200,22500,16000,6300,100,100,200,100,0,100,0,8200,3500,1700,2400,600
"elderly_headed_hh","percentiles_81_90",1989,.8,1.5,0,.4,1.1,119900,99700,25300,400,1400,1800,100,200,2100,4600,3800,23300,2500,7600,5700,21000,20200,14300,5700,100,100,100,0,0,0,0,23700,12900,4000,5900,900
"elderly_headed_hh","percentiles_91_95",1989,.4,.8,0,.2,.6,154100,132800,30600,500,1500,2100,100,300,5700,9600,7200,29300,2400,11800,8200,23600,21300,15000,6200,100,0,200,0,0,0,200,33400,18900,4900,8500,1100
"elderly_headed_hh","percentiles_96_99",1989,.6,1.1,0,.3,.8,221700,201300,36400,600,1800,2000,100,400,10100,20200,16100,41700,7500,23400,14800,26200,20400,14500,5800,0,0,0,0,0,0,0,54900,33600,4800,15100,1300
"elderly_headed_hh","second_quintile",1989,4.6,7.8,0,1.4,6.5,48700,25600,5000,0,300,400,0,0,400,300,100,7200,500,1200,1300,9000,23100,16300,6600,100,100,400,200,0,100,100,3700,1100,800,1300,500
"elderly_headed_hh","top_1_percent",1989,.2,.4,0,.1,.3,888100,866600,93000,400,2100,2200,100,800,83700,217000,85500,129200,25100,104200,76900,46300,21500,15400,6100,0,0,100,100,0,0,0,249900,163700,5700,77700,2800
"elderly_headed_hh","all_quintiles",1990,20.4,33.4,0,6,27.4,62900,41100,8700,100,400,600,0,100,1700,2500,1900,9400,1100,3300,2500,8700,21800,15000,6700,100,100,1400,600,100,200,400,9300,5000,1300,2600,500
"elderly_headed_hh","fourth_quintile",1990,1.8,3.3,0,.8,2.5,91900,69400,17200,200,1100,1300,0,200,1700,1400,1500,17000,1100,4300,3400,19000,22500,15700,6600,100,100,100,100,0,0,0,14500,7400,2800,3500,800
"elderly_headed_hh","highest_quintile",1990,2.1,4,0,1,3,230100,208600,40200,400,1600,2100,100,400,14600,22400,16400,40700,6500,21500,14900,26800,21500,15100,6300,100,0,200,100,0,0,100,55900,34400,5000,15300,1300
"elderly_headed_hh","lowest_quintile",1990,9.3,13.5,0,1.7,11.8,24500,4300,800,0,0,100,0,0,100,0,0,1100,200,200,200,1600,20300,13600,6500,0,100,2700,1200,200,500,800,600,0,100,200,300
"elderly_headed_hh","middle_quintile",1990,2.6,4.8,0,1.1,3.7,69000,45900,11200,100,700,800,0,100,900,400,400,11800,1000,2400,2100,14000,23100,16100,6800,100,100,200,100,0,100,0,8300,3600,1800,2200,600
"elderly_headed_hh","percentiles_81_90",1990,.8,1.6,0,.4,1.2,120000,98300,25600,300,1500,1800,100,200,2700,3400,4200,23400,2600,7100,5400,20000,21700,15200,6300,100,0,100,100,0,0,0,23300,12500,4100,5700,1000
"elderly_headed_hh","percentiles_91_95",1990,.5,1,0,.3,.7,151100,129900,32300,500,1500,2200,100,300,4800,6400,7800,26800,3900,12400,7700,23300,21200,14700,6300,100,100,200,100,0,100,0,32500,18300,5100,8000,1100
"elderly_headed_hh","percentiles_96_99",1990,.6,1,0,.2,.8,214400,194100,39800,500,1900,2300,100,400,12200,13600,15200,41400,5800,19900,13000,28100,20300,14100,6100,0,100,300,0,0,0,200,52100,31900,5600,13400,1300
"elderly_headed_hh","second_quintile",1990,4.5,7.7,0,1.4,6.3,50300,26300,5200,0,300,400,0,0,400,100,100,7300,500,1300,1200,9300,24000,16700,7100,100,100,400,200,0,100,100,3900,1200,900,1300,500
"elderly_headed_hh","top_1_percent",1990,.2,.4,0,.1,.3,873700,848900,115400,400,1800,2400,100,1000,88600,154800,86200,136400,30000,101400,72800,57700,24900,18200,6700,0,0,100,0,0,0,100,243700,161000,6200,73700,2800
"elderly_headed_hh","all_quintiles",1991,20.8,33.9,0,6,27.9,60500,37900,8000,100,400,500,0,100,1200,2100,1900,8200,1100,2900,2200,9200,22600,15500,7000,100,100,1500,700,100,300,400,8400,4300,1200,2200,600
"elderly_headed_hh","fourth_quintile",1991,1.8,3.2,0,.8,2.4,90900,68400,16800,200,1100,1200,0,100,1400,1500,1800,15300,1400,4100,3100,20200,22600,15600,6800,100,0,200,100,0,0,0,14100,7200,2800,3300,900
"elderly_headed_hh","highest_quintile",1991,2,3.7,0,.9,2.8,218700,195900,38200,400,1700,2100,100,300,11400,18600,17600,35800,6700,19800,13500,29700,22700,15800,6600,100,200,100,0,0,0,0,51500,31200,5100,13800,1400
"elderly_headed_hh","lowest_quintile",1991,9.3,13.6,0,1.7,11.9,25100,4100,800,0,0,100,0,0,100,0,0,1100,100,100,200,1600,21000,14100,6800,0,100,2900,1300,200,500,800,700,0,100,200,300
"elderly_headed_hh","middle_quintile",1991,2.8,5.1,0,1.1,4,69000,44700,10000,100,600,700,0,100,600,500,400,10700,1000,2400,1900,15500,24200,16800,7300,100,0,200,100,0,100,0,7800,3400,1600,2000,700
"elderly_headed_hh","percentiles_81_90",1991,.8,1.5,0,.4,1.1,122600,99000,25900,300,1400,1900,100,200,2800,3200,4000,19800,2700,7200,4800,24700,23600,16500,6900,100,100,100,0,0,0,0,22900,12500,4200,5100,1100
"elderly_headed_hh","percentiles_91_95",1991,.5,.9,0,.2,.6,149800,128500,32500,500,1900,2200,100,300,4600,5200,7000,25200,2700,11100,6800,28200,21300,14700,6300,100,200,100,0,0,0,0,31400,18000,5100,7000,1200
"elderly_headed_hh","percentiles_96_99",1991,.6,1,0,.2,.8,211300,190200,38500,600,1900,2200,0,300,9600,15000,17500,37100,7400,18800,12900,28400,21100,14700,6400,0,0,100,0,0,0,0,49800,29600,5500,13200,1400
"elderly_headed_hh","second_quintile",1991,4.7,8.1,0,1.4,6.6,50300,25400,4900,0,300,400,0,0,300,200,100,6700,500,1200,1100,9600,24900,17300,7400,100,100,600,300,0,100,100,3600,1000,800,1200,600
"elderly_headed_hh","top_1_percent",1991,.2,.4,0,.1,.3,751900,725300,96100,400,2200,2300,0,700,63400,116400,92600,115700,28400,88800,62600,55800,26700,18900,6800,0,900,100,100,0,0,0,208300,134700,7200,63300,3100
"elderly_headed_hh","all_quintiles",1992,20.4,33.5,0,5.8,27.7,63000,39500,8700,100,500,600,0,100,1600,2600,2100,6500,1200,3200,2500,9800,23600,15900,7400,100,100,1600,800,100,300,400,9100,4500,1300,2600,600
"elderly_headed_hh","fourth_quintile",1992,1.8,3.3,0,.8,2.5,93100,69400,18300,300,1200,1400,0,200,1600,1800,1700,10700,1800,4400,3200,22700,23700,16100,7400,100,100,200,100,0,100,0,14400,7100,3000,3400,900
"elderly_headed_hh","highest_quintile",1992,2,3.8,0,.9,2.9,232100,209000,43400,600,1900,2300,100,400,15000,22600,19000,27400,7000,21000,16100,32200,23100,15800,7000,200,100,200,100,0,100,0,56500,33100,5400,16500,1500
"elderly_headed_hh","lowest_quintile",1992,9,13.2,0,1.5,11.7,25600,3600,700,0,0,100,0,0,0,0,0,900,100,100,200,1400,22000,14600,7300,100,100,3200,1500,300,600,800,700,0,100,200,300
"elderly_headed_hh","middle_quintile",1992,2.7,4.9,0,1.1,3.8,70200,45000,10300,100,700,800,0,100,800,800,600,9100,800,2600,2200,16100,25200,17300,7700,200,100,400,200,0,100,100,8000,3300,1700,2300,700
"elderly_headed_hh","percentiles_81_90",1992,.8,1.5,0,.4,1.1,123400,100100,25300,500,1500,1900,100,200,3100,5100,4900,14800,2100,7900,5700,26900,23300,15700,7200,200,200,200,100,0,100,0,23500,12200,4300,5900,1100
"elderly_headed_hh","percentiles_91_95",1992,.5,.9,0,.2,.7,152800,130200,30800,500,1900,2100,100,300,3600,6300,9900,19700,3400,12600,8300,30700,22700,15500,7000,100,100,200,100,0,100,0,32000,17500,4600,8600,1300
"elderly_headed_hh","percentiles_96_99",1992,.6,1,0,.2,.8,225200,203100,47900,700,2300,2800,100,400,12400,17100,20300,26300,8200,19300,14900,30400,22100,15200,6700,200,0,200,100,0,0,0,53700,30200,6600,15400,1600
"elderly_headed_hh","second_quintile",1992,4.8,8.1,0,1.4,6.8,50500,24700,4800,0,200,400,0,0,500,200,100,5400,600,1200,1200,10000,25800,17700,7800,100,100,500,300,0,100,100,3600,900,800,1200,600
"elderly_headed_hh","top_1_percent",1992,.2,.4,0,.1,.3,897500,871000,135900,700,2300,3600,100,1100,99600,150900,95500,101500,32600,101100,82500,63500,26400,18700,7600,100,0,300,200,0,100,0,262400,166700,8400,83700,3600
"elderly_headed_hh","all_quintiles",1993,20.6,33.8,0,5.8,28.1,63700,38900,8400,100,500,500,0,100,1600,3100,2100,5100,1200,3100,2900,10100,24800,16400,8200,100,100,1700,800,100,300,400,9300,4500,1200,3000,600
"elderly_headed_hh","fourth_quintile",1993,1.8,3.3,0,.8,2.5,95200,69900,18200,300,1500,1300,0,200,1300,2700,2100,8500,1900,4700,3900,23200,25300,16800,8100,100,200,400,300,0,100,0,14800,6900,2900,4100,1000
"elderly_headed_hh","highest_quintile",1993,2,3.7,0,.9,2.8,233800,209000,41600,600,2200,2300,100,400,14500,26900,18400,22000,7300,20500,19000,33100,24800,16800,7700,200,100,100,0,0,0,0,60100,33700,5400,19400,1600
"elderly_headed_hh","lowest_quintile",1993,9.2,13.6,0,1.6,12,26600,3600,700,0,0,100,0,0,0,0,0,800,100,200,200,1500,23000,14900,8000,100,100,3200,1500,200,600,900,700,0,100,200,300
"elderly_headed_hh","middle_quintile",1993,2.6,4.6,0,1,3.7,70600,44400,10300,100,800,800,0,100,800,1200,700,6300,1100,2600,2300,17300,26200,17500,8500,100,100,400,300,0,100,0,8100,3200,1700,2400,800
"elderly_headed_hh","percentiles_81_90",1993,.8,1.5,0,.4,1.1,126000,101000,28000,600,2100,2000,100,300,2100,5300,5300,11300,2700,8600,6500,26400,25000,16800,7900,300,100,200,100,0,100,0,23900,11600,4400,6800,1200
"elderly_headed_hh","percentiles_91_95",1993,.5,.9,0,.2,.7,154500,130100,31800,700,2000,2300,100,300,4600,8800,7300,14700,4400,12100,9300,31800,24400,16200,7600,200,400,100,0,0,0,0,34000,17900,5100,9600,1400
"elderly_headed_hh","percentiles_96_99",1993,.5,.9,0,.2,.7,224400,200400,41800,700,2200,2400,100,400,12100,21100,19500,21700,7100,19300,17600,34300,24000,16400,7600,100,0,0,0,0,0,0,55100,29200,6100,18000,1800
"elderly_headed_hh","second_quintile",1993,4.8,8.3,0,1.5,6.9,52100,24900,4900,0,300,400,0,100,400,300,100,4400,600,1300,1300,10700,27300,18300,8700,100,100,700,400,0,100,100,3700,900,800,1400,600
"elderly_headed_hh","top_1_percent",1993,.2,.4,0,.1,.3,849000,822200,115600,700,3000,2700,100,1100,90700,165400,91000,80100,32400,87900,92700,58800,26800,18900,7900,0,0,0,0,0,0,0,270300,165100,7900,93800,3500
"elderly_headed_hh","all_quintiles",1994,21.2,34.6,0,5.9,28.7,63700,38700,8300,100,600,500,0,100,1700,2900,2100,4600,1200,3100,3100,10300,25000,16500,8300,100,100,1800,900,100,300,400,9800,4700,1300,3200,700
"elderly_headed_hh","fourth_quintile",1994,1.7,3.3,0,.9,2.4,98500,72500,19900,300,1500,1500,100,200,1400,2500,2400,7900,1800,4600,4200,24200,26000,17300,8500,100,100,300,200,0,100,0,16200,7600,3200,4400,1100
"elderly_headed_hh","highest_quintile",1994,2,3.8,0,.9,2.9,242900,216800,41700,700,2400,2400,100,500,16500,26700,18800,20800,7800,20400,21000,37200,26100,17800,8100,100,100,300,300,0,0,0,65200,36600,5600,21400,1600
"elderly_headed_hh","lowest_quintile",1994,9.8,14.2,0,1.7,12.5,26700,3300,700,0,0,100,0,0,0,0,0,600,100,200,200,1400,23400,15100,8100,0,200,3200,1500,300,600,800,700,0,100,200,400
"elderly_headed_hh","middle_quintile",1994,2.7,4.8,0,1,3.7,71700,45600,11200,100,900,800,0,100,700,900,800,5900,1100,2800,2500,17700,26100,17500,8400,100,100,500,300,0,100,0,8700,3400,1800,2600,800
"elderly_headed_hh","percentiles_81_90",1994,.8,1.5,0,.4,1.1,127600,101700,25800,500,2000,1900,100,300,2800,4800,5200,10500,3000,8100,6800,30100,25900,17500,8200,100,200,300,200,0,100,0,25800,13200,4200,7100,1200
"elderly_headed_hh","percentiles_91_95",1994,.5,.9,0,.2,.7,159600,132200,29300,500,2100,2100,100,300,4800,8200,8900,15100,3500,11400,10200,35800,27400,18900,8400,100,100,400,400,0,0,0,35700,19200,4600,10500,1300
"elderly_headed_hh","percentiles_96_99",1994,.5,1,0,.2,.8,230400,205100,44500,1000,2700,2700,100,500,13200,18800,19400,18400,8300,18300,18200,39000,25300,17300,7900,0,100,300,300,0,0,0,58400,31400,6700,18700,1600
"elderly_headed_hh","second_quintile",1994,5,8.4,0,1.3,7,51700,24900,4600,0,300,300,0,100,400,200,200,4100,600,1400,1400,11300,26700,17800,8700,100,100,700,500,0,100,100,3800,900,800,1400,700
"elderly_headed_hh","top_1_percent",1994,.2,.4,0,.1,.3,875500,849200,119200,800,3700,3700,100,1200,100800,166800,88000,76900,33500,90100,103200,61300,26300,18300,7900,0,100,200,200,0,0,0,290300,172400,10100,104500,3300
"elderly_headed_hh","all_quintiles",1995,21.4,34.8,0,6,28.9,67300,41700,9000,200,600,600,0,100,1700,3400,2000,5500,1200,3300,3400,10800,25600,16600,8800,100,100,1800,900,100,300,400,10800,5300,1400,3500,700
"elderly_headed_hh","fourth_quintile",1995,1.9,3.5,0,.8,2.6,100200,73400,18600,400,1500,1400,0,200,1500,2700,1900,9800,1600,4700,4500,24600,26700,17600,9000,100,100,400,300,0,100,0,17100,8200,3100,4700,1100
"elderly_headed_hh","highest_quintile",1995,2.2,4,0,.9,3,245000,219800,42600,900,2300,2500,100,500,15300,28400,16500,24000,7400,21500,21600,36200,25200,16700,8400,100,100,300,200,0,100,0,67500,38000,5800,22100,1600
"elderly_headed_hh","lowest_quintile",1995,9.8,14.2,0,1.6,12.5,28100,4000,800,0,0,100,0,0,100,0,0,700,100,200,200,1700,24100,15500,8600,0,100,3300,1600,200,600,900,800,0,200,200,400
"elderly_headed_hh","middle_quintile",1995,2.7,4.9,0,1.1,3.8,73800,47500,11800,200,900,900,0,100,600,1000,700,7000,1100,2400,2700,18000,26300,17200,9000,100,100,500,300,0,100,100,9200,3700,1900,2800,800
"elderly_headed_hh","percentiles_81_90",1995,.9,1.6,0,.4,1.2,126700,102500,25600,700,1800,1900,100,300,2100,5200,4600,12700,2400,8600,7300,29000,24200,15700,8300,100,100,300,300,0,0,0,26700,13700,4200,7700,1200
"elderly_headed_hh","percentiles_91_95",1995,.5,1,0,.3,.7,163900,138300,34700,1000,2200,2400,100,400,4300,9000,8500,16800,4300,12500,11100,31000,25600,17000,8500,100,0,400,300,0,0,0,38400,20100,5500,11500,1300
"elderly_headed_hh","percentiles_96_99",1995,.6,1,0,.2,.8,245000,218500,43800,1200,2500,2700,100,500,14200,22800,16100,24500,8500,19400,20000,42300,26500,17700,8800,0,0,200,200,0,100,0,64100,35200,6600,20600,1700
"elderly_headed_hh","second_quintile",1995,4.7,8.1,0,1.4,6.7,54600,26800,5500,100,300,400,0,100,300,400,200,4300,600,1300,1500,11800,27800,18300,9400,100,100,800,500,0,100,100,4200,1100,900,1500,700
"elderly_headed_hh","top_1_percent",1995,.2,.4,0,.1,.3,954000,928600,131200,1100,4000,4300,100,1500,102800,192000,88700,88600,33800,104200,113500,62900,25300,17500,7800,0,0,200,100,0,100,0,323700,194500,10700,114900,3500
"elderly_headed_hh","all_quintiles",1996,21.3,34.6,0,5.8,28.8,73900,47400,9900,200,500,700,0,100,2100,5200,2100,6000,1400,3700,3800,11700,26500,17000,9300,100,100,1800,1000,100,300,400,12600,6500,1500,4000,700
"elderly_headed_hh","fourth_quintile",1996,1.9,3.6,0,.9,2.7,101000,74200,19500,500,1400,1500,0,200,1100,3200,1600,9300,1900,4400,4400,25200,26700,17400,9200,100,100,500,300,0,100,0,17200,8400,3200,4600,1000
"elderly_headed_hh","highest_quintile",1996,2.4,4.4,0,1.1,3.4,269900,243600,45500,1000,2000,2600,100,600,17800,40500,16000,25500,7700,22600,23100,38700,26300,17100,8900,100,200,400,300,0,100,0,75500,44300,6000,23600,1600
"elderly_headed_hh","lowest_quintile",1996,9.2,13.1,0,1.4,11.7,28400,3900,800,0,0,100,0,0,0,0,0,600,100,200,200,1700,24600,15500,9000,0,100,3400,1600,200,700,900,700,0,100,200,400
"elderly_headed_hh","middle_quintile",1996,2.9,5.1,0,1.1,4,76200,47600,11000,200,700,800,0,100,700,1400,500,7200,1100,2600,2800,18500,28600,18800,9600,100,100,500,400,0,100,100,9300,3800,1800,2900,800
"elderly_headed_hh","percentiles_81_90",1996,1,1.8,0,.4,1.4,133900,106700,26600,800,1700,2000,100,300,3600,6400,4000,13700,2900,8800,7600,28300,27200,17800,9200,100,100,500,400,0,100,0,27900,14400,4600,7900,1100
"elderly_headed_hh","percentiles_91_95",1996,.6,1.1,0,.3,.8,168600,143100,35300,1100,1900,2500,100,400,4200,11300,5700,16600,3400,12000,10300,38300,25500,16400,8600,100,400,400,300,0,100,0,39000,21300,5700,10700,1300
"elderly_headed_hh","percentiles_96_99",1996,.6,1.1,0,.2,.9,248800,223300,44200,1200,2000,2700,100,500,12700,27400,15000,24600,9000,20400,20000,43500,25500,16600,8800,100,100,300,200,0,0,0,66500,37900,6400,20600,1600
"elderly_headed_hh","second_quintile",1996,4.8,8.1,0,1.3,6.8,55200,26500,5200,0,300,400,0,100,400,400,200,4300,600,1300,1500,11700,28800,18800,9800,100,100,900,600,0,200,100,4100,1000,900,1600,600
"elderly_headed_hh","top_1_percent",1996,.2,.4,0,.1,.4,1083300,1057300,145100,1100,3500,4400,0,1700,117400,273000,88600,94400,32600,106700,120500,68400,26000,17500,8500,0,0,400,400,0,0,0,366200,229200,11100,122100,3800
"elderly_headed_hh","all_quintiles",1997,21.5,35,0,6,29,77800,50800,10100,200,500,700,0,100,2300,7100,2000,6000,1400,4000,3800,12500,27100,17300,9700,100,100,1800,1000,100,300,400,13200,7100,1500,4000,700
"elderly_headed_hh","fourth_quintile",1997,2,3.7,0,.8,2.9,103500,75600,18600,500,1000,1400,0,200,1100,4200,1600,9500,1800,4700,4300,26500,27900,17900,9800,100,100,500,400,0,100,0,17700,9200,3100,4500,1000
"elderly_headed_hh","highest_quintile",1997,2.4,4.4,0,1,3.5,289100,261500,45000,1000,1700,2500,0,500,19500,54100,15500,25200,7800,24600,23300,40900,27600,17900,9500,0,100,200,200,0,0,0,78700,47400,5800,23800,1600
"elderly_headed_hh","lowest_quintile",1997,9.1,13.3,0,1.7,11.5,29400,4200,900,0,0,100,0,0,100,100,0,600,100,200,200,1900,25200,15800,9300,0,100,3400,1700,200,600,900,800,0,200,200,400
"elderly_headed_hh","middle_quintile",1997,3,5.4,0,1.1,4.3,77600,49000,11100,200,700,800,0,100,600,2000,500,7100,1000,2800,2600,19300,28700,18400,10000,100,100,700,500,0,100,0,9400,4000,1800,2800,800
"elderly_headed_hh","percentiles_81_90",1997,.9,1.7,0,.4,1.3,136800,109500,25100,800,1400,1900,0,300,3500,9800,4300,13200,2600,9300,7500,29700,27400,17600,9600,100,100,200,200,0,0,0,28200,15000,4300,7800,1100
"elderly_headed_hh","percentiles_91_95",1997,.6,1.2,0,.3,.9,174200,147600,32600,1100,1700,2300,0,400,4100,14800,6700,16500,3800,13800,10600,39100,26600,17200,9200,0,100,300,200,0,0,0,40300,22700,5300,11000,1300
"elderly_headed_hh","percentiles_96_99",1997,.7,1.2,0,.2,.9,269800,241200,44500,1100,1900,2600,0,500,14900,38300,15600,24200,8500,24300,20700,43900,28700,18700,9600,100,200,300,200,0,0,0,70600,41000,6600,21200,1800
"elderly_headed_hh","second_quintile",1997,4.7,7.9,0,1.3,6.6,56700,27600,5500,100,300,400,0,100,400,700,100,4400,600,1300,1400,12300,29200,18900,10100,100,0,900,600,0,200,100,4200,1100,900,1500,600
"elderly_headed_hh","top_1_percent",1997,.2,.4,0,.1,.3,1266700,1238200,159100,1100,2600,4700,0,1800,138200,384100,84200,99600,36900,115500,128400,81900,28500,18900,9600,0,0,200,100,0,0,0,409000,263100,11600,130200,4000
"elderly_headed_hh","all_quintiles",1998,21.6,35.4,0,6,29.3,82100,54800,10900,200,500,700,0,100,2400,8800,2000,6100,1400,4000,3700,13900,27300,17800,9400,100,100,2000,1200,100,300,400,13800,7600,1600,3800,800
"elderly_headed_hh","fourth_quintile",1998,2,3.7,0,.9,2.8,106900,79400,19600,500,1200,1500,0,200,1700,4700,1400,9900,1800,4900,3900,28000,27500,18100,9200,100,200,600,500,0,100,0,18400,9900,3300,4200,1100
"elderly_headed_hh","highest_quintile",1998,2.6,4.7,0,1.1,3.6,299000,271900,47000,1100,1700,2600,100,500,19500,64500,14800,24000,7200,22900,21200,44800,27000,18000,8900,100,100,500,400,0,100,0,77800,48200,6100,21700,1800
"elderly_headed_hh","lowest_quintile",1998,9.1,13.4,0,1.5,12,30900,4900,1100,0,0,100,0,0,100,100,0,800,200,200,200,2200,26000,16600,9300,0,0,3600,2000,200,600,800,900,0,200,200,400
"elderly_headed_hh","middle_quintile",1998,3.1,5.4,0,1.2,4.2,79000,50600,11700,200,600,900,0,100,600,2300,600,6800,1000,2700,2400,20600,28400,18800,9500,100,100,700,500,0,100,0,9600,4300,2000,2500,800
"elderly_headed_hh","percentiles_81_90",1998,1,1.9,0,.5,1.4,139700,113400,26700,900,1400,2000,100,300,3300,10100,3300,13200,2400,8400,6400,34900,26200,17200,8800,100,100,500,400,0,100,0,28500,16000,4600,6700,1300
"elderly_headed_hh","percentiles_91_95",1998,.7,1.2,0,.3,.9,180600,153400,36800,1200,1600,2700,100,400,5600,16600,6400,16400,3800,13200,9500,39200,27200,18200,8900,0,100,700,500,0,100,0,40300,23000,6000,9900,1400
"elderly_headed_hh","percentiles_96_99",1998,.6,1.2,0,.2,.9,282400,253800,45600,1100,1500,2700,0,500,14600,47300,16000,22700,8500,23900,19300,49900,28600,19200,9300,100,0,400,300,0,0,0,71200,42900,6500,19800,2000
"elderly_headed_hh","second_quintile",1998,4.6,7.8,0,1.3,6.5,58400,29400,6000,100,300,500,0,100,400,800,100,4500,600,1300,1300,13400,29000,19100,9700,100,100,1000,700,0,100,100,4400,1300,1000,1400,700
"elderly_headed_hh","top_1_percent",1998,.2,.4,0,.1,.3,1349400,1323500,165000,1200,3300,4800,0,1700,140300,475200,83600,94900,34100,109200,121700,88300,25900,17300,8600,0,0,600,300,0,100,200,409400,269700,11900,123400,4400
"elderly_headed_hh","all_quintiles",1999,21.8,35.7,0,6.2,29.5,84300,57800,11500,300,500,800,0,100,2800,9600,2100,5900,1500,4300,3600,14900,26400,17200,9000,100,100,2000,1200,100,400,400,14700,8300,1700,3800,900
"elderly_headed_hh","fourth_quintile",1999,2.1,4,0,1,3,109800,82600,21300,700,1200,1600,0,200,1700,5000,1400,9100,2000,5400,3900,29000,27200,18100,9000,100,100,600,400,0,100,0,19200,10300,3500,4100,1200
"elderly_headed_hh","highest_quintile",1999,2.6,4.6,0,1,3.6,319400,292900,48900,1200,1900,2700,0,500,22500,72700,15500,23700,7800,24900,21700,48800,26500,17600,8500,0,200,400,300,0,100,0,84400,53800,6300,22200,2100
"elderly_headed_hh","lowest_quintile",1999,9.2,13.7,0,1.7,12,30600,5600,1300,0,0,100,0,0,100,100,0,700,200,200,200,2500,25000,16000,8900,0,100,3700,2100,200,700,800,1000,0,200,200,500
"elderly_headed_hh","middle_quintile",1999,3.1,5.4,0,1.2,4.2,79200,52200,12500,200,700,900,0,100,700,2500,500,6300,900,2900,2200,21700,27000,17900,9000,100,100,600,500,0,100,0,10100,4700,2100,2400,1000
"elderly_headed_hh","percentiles_81_90",1999,1,1.9,0,.5,1.4,143700,117900,28600,1000,1400,2100,0,300,2900,12200,3100,12300,2700,9300,6500,35200,25800,17100,8500,100,100,400,300,0,100,0,29900,16800,4800,6800,1400
"elderly_headed_hh","percentiles_91_95",1999,.6,1.1,0,.2,.9,184000,158000,34100,1400,1700,2500,0,400,6400,20900,7000,15000,3100,13300,9500,42600,26000,17100,8600,100,200,600,500,0,100,100,41800,24500,5700,9900,1600
"elderly_headed_hh","percentiles_96_99",1999,.7,1.2,0,.2,1,293400,266000,45000,1200,1800,2700,0,500,13700,53400,16400,21600,9500,24000,19400,56600,27400,18600,8600,0,200,400,300,0,0,0,75100,46400,6400,19900,2300
"elderly_headed_hh","second_quintile",1999,4.6,7.7,0,1.2,6.5,58400,30200,6200,100,300,500,0,100,400,800,200,4300,600,1400,1300,14000,28300,18700,9400,100,100,1000,700,0,200,100,4700,1400,1100,1400,800
"elderly_headed_hh","top_1_percent",1999,.2,.4,0,.1,.3,1486500,1458500,184200,1600,4100,5600,100,1900,171200,516000,87600,100400,37100,123400,123900,101400,27900,18600,8300,0,1000,100,100,0,0,0,451800,306600,14000,125800,5300
"elderly_headed_hh","all_quintiles",2000,22.6,36.9,0,6.4,30.4,84400,57900,11400,300,500,800,0,100,2600,9600,1800,6000,1400,4000,3300,16000,26500,17500,8800,100,100,2100,1300,100,300,400,14300,8400,1700,3400,800
"elderly_headed_hh","fourth_quintile",2000,2.2,4.1,0,.9,3.1,109500,82600,21400,700,1300,1600,0,200,1500,4700,1300,9200,1600,4900,3500,30600,26900,18000,8700,100,100,600,500,0,100,0,19100,10700,3600,3700,1100
"elderly_headed_hh","highest_quintile",2000,2.6,4.7,0,1,3.7,322800,294000,48700,1200,1800,2700,0,500,21600,74500,13800,25500,8200,24000,20000,51400,28800,19600,8800,100,300,600,500,0,100,0,83500,54800,6300,20500,1700
"elderly_headed_hh","lowest_quintile",2000,9.4,13.9,0,1.8,12.1,30900,6300,1300,0,0,100,0,0,100,100,0,800,200,200,200,3200,24600,15900,8600,0,100,3800,2200,200,600,800,900,0,200,200,400
"elderly_headed_hh","middle_quintile",2000,3.2,5.7,0,1.2,4.5,80800,53200,12400,300,800,900,0,100,500,2300,500,6500,900,2700,2100,23200,27500,18400,9100,100,0,700,500,0,100,0,10100,5000,2100,2200,900
"elderly_headed_hh","percentiles_81_90",2000,1,1.9,0,.4,1.5,146500,119800,27400,1000,1500,2100,0,300,3600,12200,3200,13100,2800,8500,6100,37900,26700,17600,8700,100,300,600,400,0,100,0,29800,17500,4700,6400,1200
"elderly_headed_hh","percentiles_91_95",2000,.6,1.2,0,.3,.9,194100,164500,33400,1200,1700,2400,0,400,6500,23000,5700,17700,3800,13200,9400,46000,29500,20500,8800,0,200,600,500,0,100,0,43000,26400,5400,9800,1400
"elderly_headed_hh","percentiles_96_99",2000,.7,1.2,0,.2,1,307100,277300,48500,1500,1900,3000,0,500,15600,54500,15100,23700,10100,24800,18400,59600,29800,20500,8900,0,400,500,400,0,100,0,78200,50100,7200,18900,1900
"elderly_headed_hh","second_quintile",2000,4.9,8.3,0,1.4,6.9,58700,30600,6300,100,300,500,0,100,300,800,100,4000,600,1400,1200,14900,28200,18800,9200,100,100,1100,800,0,200,100,4500,1500,1100,1200,700
"elderly_headed_hh","top_1_percent",2000,.2,.4,0,.1,.3,1589800,1556800,195600,1600,3000,5700,0,1900,170300,584700,83800,113500,41100,126500,122700,106300,33100,23700,9300,0,100,600,500,0,100,0,474300,331100,14100,124600,4500
"elderly_headed_hh","all_quintiles",2001,22.6,36.7,0,6.3,30.4,79000,51300,11400,300,600,800,0,100,2500,5400,1900,6000,1500,3400,2400,15200,27700,18000,9500,100,100,2200,1400,100,300,400,11900,7000,1700,2500,700
"elderly_headed_hh","fourth_quintile",2001,2.2,4.1,0,1,3,109400,81800,22500,800,1400,1700,0,200,1900,2000,1600,9100,1700,4500,2500,31700,27700,18200,9300,100,100,600,500,0,100,0,17400,9900,3800,2700,1000
"elderly_headed_hh","highest_quintile",2001,2.3,4.2,0,1,3.2,304300,275700,54000,1500,2300,3100,100,400,23600,48200,15700,27200,9400,21600,16100,52600,28600,19200,9200,100,100,400,400,0,100,0,75500,50400,7200,16500,1500
"elderly_headed_hh","lowest_quintile",2001,9.6,13.9,0,1.7,12.2,30900,5000,1100,0,0,100,0,0,0,0,0,800,100,300,200,2400,25900,16600,9200,0,100,4100,2400,200,700,800,800,0,200,200,400
"elderly_headed_hh","middle_quintile",2001,3.3,5.7,0,1.1,4.6,80600,51700,12400,300,800,1000,0,100,700,1100,500,6600,1100,2400,1500,23300,28900,19000,9700,100,100,700,600,0,100,100,9000,4400,2100,1600,900
"elderly_headed_hh","percentiles_81_90",2001,1,1.9,0,.5,1.3,149000,121100,36200,1500,2100,2800,100,300,3600,4600,3600,14700,3000,7300,4300,37000,27800,18600,9000,200,0,400,300,0,100,0,28700,16900,6100,4600,1100
"elderly_headed_hh","percentiles_91_95",2001,.5,1,0,.2,.7,188300,160400,34700,1500,2100,2600,100,300,6500,11300,7900,18300,5100,12500,7200,50400,28000,18800,9100,100,100,500,400,0,100,0,39000,24400,5900,7500,1200
"elderly_headed_hh","percentiles_96_99",2001,.6,1,0,.2,.8,290100,260400,53100,1500,2100,3200,0,400,17900,33200,16900,24900,10800,20600,13900,61700,29700,20000,9700,100,0,400,400,0,0,0,69200,45400,7800,14300,1700
"elderly_headed_hh","second_quintile",2001,5.1,8.5,0,1.4,7.1,59300,29700,6300,100,300,500,0,0,300,400,200,4300,700,1400,900,14300,29600,19400,10000,100,100,1200,900,0,200,100,3800,1100,1100,1000,700
"elderly_headed_hh","top_1_percent",2001,.2,.4,0,.1,.3,1382800,1352000,191000,1400,3800,5600,0,1300,179400,393200,89900,116200,47000,115800,100800,106500,30800,20900,9400,200,300,400,200,0,100,0,410500,290800,13800,102100,3800
"elderly_headed_hh","all_quintiles",2002,22.8,36.9,0,6.2,30.7,76300,47600,10900,300,600,700,0,100,2500,4300,1900,4500,1500,3100,2200,15100,28600,18400,10000,100,100,2400,1500,100,300,400,10800,6200,1600,2300,700
"elderly_headed_hh","fourth_quintile",2002,2.1,3.8,0,.9,2.9,108100,79800,21200,700,1600,1500,0,100,1800,1500,1700,7100,1800,4100,2200,34300,28300,18400,9700,200,0,700,600,0,100,0,16200,9400,3400,2400,1000
"elderly_headed_hh","highest_quintile",2002,2.2,4,0,.9,3,298700,269300,55300,1500,2800,3000,100,400,27000,42900,16200,21400,9700,20200,16400,52500,29300,19700,9400,100,0,500,400,0,100,0,73500,48200,7000,16700,1600
"elderly_headed_hh","lowest_quintile",2002,10,14.5,0,1.7,12.7,31900,4900,1000,0,0,100,0,0,100,-100,0,700,100,300,200,2500,27000,17100,9800,100,100,4200,2600,200,600,800,800,0,200,200,400
"elderly_headed_hh","middle_quintile",2002,3.3,5.8,0,1.3,4.6,80400,50700,13200,200,900,1000,0,100,600,500,600,5000,1100,2300,1300,23800,29700,19100,10200,200,100,900,800,0,100,0,8400,4000,2100,1400,800
"elderly_headed_hh","percentiles_81_90",2002,.9,1.8,0,.5,1.3,146500,117900,34100,1500,2400,2500,100,200,3400,3900,3900,10200,3400,6800,3900,41600,28600,18900,9400,200,0,500,400,0,100,0,26600,16000,5400,4100,1100
"elderly_headed_hh","percentiles_91_95",2002,.5,.9,0,.2,.7,187100,157900,37500,1400,2800,2500,0,300,8900,10800,8300,14600,5400,11600,7100,46700,29100,19600,9500,100,0,400,300,0,0,0,38000,23400,6100,7400,1200
"elderly_headed_hh","percentiles_96_99",2002,.5,1,0,.2,.8,279000,249000,57100,1600,2700,3300,0,400,20400,26800,15200,18200,10900,18600,12900,60800,29900,20300,9500,100,100,700,500,0,100,0,65500,42600,8100,13300,1600
"elderly_headed_hh","second_quintile",2002,5,8.3,0,1.3,7,59600,28700,6100,100,300,400,0,0,300,100,200,3300,700,1300,800,15100,30900,20100,10600,200,100,1200,900,0,200,200,3400,900,1000,800,700
"elderly_headed_hh","top_1_percent",2002,.2,.4,0,.1,.3,1300900,1269600,188600,2000,5000,5400,100,1200,193700,336700,93200,96600,44900,105800,103600,92800,31300,21800,9400,100,0,300,300,0,0,0,390000,267000,13800,104800,4500
"elderly_headed_hh","all_quintiles",2003,23.3,37.8,0,6.4,31.4,77600,48800,11500,400,700,800,0,100,2800,4900,1700,3500,1500,3200,2800,14900,28800,18500,10100,100,100,2600,1700,100,300,400,10900,5500,1700,2900,700
"elderly_headed_hh","fourth_quintile",2003,2.2,4.1,0,1,3.1,109800,81200,24400,1000,2000,1800,0,200,1600,1600,1700,5200,2100,3900,2600,33100,28600,18600,9800,200,100,800,700,0,100,0,15700,7900,3900,2900,900
"elderly_headed_hh","highest_quintile",2003,2.2,4.1,0,1,3.1,315700,285400,59400,2500,3100,3400,100,500,29000,50100,15000,17900,9900,22300,22100,50100,30400,20300,9900,100,0,600,500,0,100,0,75500,43300,7900,22700,1600
"elderly_headed_hh","lowest_quintile",2003,10.4,15,0,1.8,13.2,31200,4400,900,0,0,100,0,0,0,-100,0,600,100,300,200,2300,26700,16800,9800,100,100,4500,2700,200,600,900,700,0,200,200,400
"elderly_headed_hh","middle_quintile",2003,3.2,5.7,0,1.2,4.5,81300,50800,13000,300,1000,1000,0,100,800,300,800,3600,1000,2300,1500,25100,30500,19800,10400,200,100,1000,900,0,100,0,8300,3700,2200,1600,800
"elderly_headed_hh","percentiles_81_90",2003,.9,1.7,0,.5,1.3,150000,120700,35900,1900,2400,2600,100,300,4200,4500,3900,7900,3300,7300,4900,41600,29300,19400,9600,100,100,500,400,0,100,0,26100,13900,5900,5200,1100
"elderly_headed_hh","percentiles_91_95",2003,.5,1,0,.3,.7,190700,160600,49400,3100,2900,3500,100,500,9900,9600,5800,10000,4800,10500,7500,43000,30100,20300,9600,200,0,600,500,0,100,0,37500,20200,8100,7900,1300
"elderly_headed_hh","percentiles_96_99",2003,.5,1,0,.2,.8,292000,260300,60300,2900,3700,3600,0,600,22300,31800,14100,16700,11400,18700,17400,56700,31700,21200,10400,100,0,800,700,0,100,0,66600,38100,8900,17900,1700
"elderly_headed_hh","second_quintile",2003,5,8.4,0,1.2,7.1,59600,28400,6000,100,400,500,0,100,500,0,200,2600,600,1200,900,15500,31200,20100,10800,200,100,1300,1000,0,100,100,3400,800,1000,900,700
"elderly_headed_hh","top_1_percent",2003,.2,.4,0,.1,.3,1385500,1353100,181500,2700,4400,5400,0,1600,198000,389200,86700,82100,47100,124200,143500,86800,32400,21700,10700,0,0,300,300,0,0,0,400400,237400,13800,145000,4200
"elderly_headed_hh","all_quintiles",2004,23.3,37.9,0,6.4,31.5,84300,55000,12100,400,800,800,0,100,3300,8000,1700,3300,1500,3800,3600,15500,29300,18500,10600,100,100,2700,1800,100,300,400,12600,6300,1800,3800,700
"elderly_headed_hh","fourth_quintile",2004,2.2,4,0,1,3.1,113000,83400,23700,1000,2000,1800,0,300,1800,2600,1600,4700,1700,4200,3000,34800,29600,19000,10400,100,0,800,600,0,100,0,16500,8400,3900,3300,1000
"elderly_headed_hh","highest_quintile",2004,2.4,4.4,0,1.1,3.4,351700,321600,60600,2800,3200,3300,100,700,31400,74500,13500,16700,10100,26000,27600,51100,30000,19600,10400,100,0,600,500,0,100,0,85800,47600,7800,28300,2000
"elderly_headed_hh","lowest_quintile",2004,10.3,15,0,1.8,13.2,32100,4700,900,0,0,100,0,0,0,-100,0,400,100,200,200,2600,27500,17000,10300,100,100,4600,3000,200,600,900,700,0,200,200,400
"elderly_headed_hh","middle_quintile",2004,3.3,5.9,0,1.3,4.6,83000,52700,13600,300,1200,1000,0,200,1100,900,500,3300,1100,2400,1700,25400,30300,19400,10800,100,100,1100,900,0,100,0,8800,3900,2200,1800,800
"elderly_headed_hh","percentiles_81_90",2004,1,1.9,0,.5,1.4,153700,124100,36500,1900,2800,2700,100,400,3900,7200,3400,6900,3900,7800,5800,41000,29600,19200,10300,100,0,700,600,0,100,0,27400,14000,5900,6300,1200
"elderly_headed_hh","percentiles_91_95",2004,.5,1,0,.2,.8,198700,168800,48800,3200,3000,3400,100,600,9100,13900,4900,9400,5500,11400,9000,46600,29900,19300,10500,100,0,600,600,0,100,0,40000,21000,7800,9500,1500
"elderly_headed_hh","percentiles_96_99",2004,.6,1.1,0,.2,.9,302400,272100,58400,3100,3600,3500,0,700,22500,42300,13400,14700,10000,23300,20400,56200,30300,19800,10400,100,0,600,500,0,100,0,70400,38600,8700,21100,2100
"elderly_headed_hh","second_quintile",2004,4.9,8.2,0,1.3,7,61000,29300,6500,100,400,500,0,100,400,200,200,2200,600,1200,900,16000,31800,20300,11300,100,0,1500,1200,0,200,100,3600,800,1100,1000,700
"elderly_headed_hh","top_1_percent",2004,.2,.4,0,.1,.4,1630400,1598900,192400,4800,5100,5500,0,2100,216400,566500,74600,78700,45800,139800,177000,90200,31500,21100,10400,0,0,600,500,0,100,0,466600,267600,13900,179100,6000
"elderly_headed_hh","all_quintiles",2005,23.7,38.7,0,6.7,32.1,91100,61400,12800,500,900,800,0,200,4000,10100,1600,3800,1700,4000,4600,16300,29800,18700,10900,100,100,2600,1700,100,300,500,14600,7200,1900,4800,700
"elderly_headed_hh","fourth_quintile",2005,2.3,4.4,0,1.1,3.3,116800,86400,24000,1000,2400,1800,0,400,2300,3300,1300,4900,1900,4400,3700,35000,30300,19300,10800,100,100,800,700,0,100,0,17500,8500,4000,4100,1000
"elderly_headed_hh","highest_quintile",2005,2.7,5,0,1.2,3.8,364800,333800,58400,2800,3500,3200,0,900,33300,83200,12200,18500,9800,25000,31400,51700,30900,20100,10600,100,200,700,600,0,100,0,90700,49000,7600,32300,1800
"elderly_headed_hh","lowest_quintile",2005,10.3,14.7,0,1.6,13.1,32300,4600,900,0,0,100,0,0,100,0,0,400,100,200,200,2500,27700,17000,10600,0,100,4500,2700,200,500,1000,800,0,200,200,400
"elderly_headed_hh","middle_quintile",2005,3.4,6.2,0,1.4,4.8,85200,54100,14200,400,1300,1100,0,200,900,1200,400,3600,1100,2200,2100,25400,31100,19600,11200,100,100,1200,1000,0,100,0,9500,4100,2400,2300,800
"elderly_headed_hh","percentiles_81_90",2005,1.2,2.2,0,.5,1.6,156300,126100,32900,2000,2800,2400,0,500,4100,8700,3000,7700,3300,8300,7100,43300,30200,19200,10500,100,300,800,700,0,100,0,28400,14200,5500,7600,1200
"elderly_headed_hh","percentiles_91_95",2005,.6,1.2,0,.3,.9,205500,174800,48500,3400,3600,3400,100,800,8100,16000,5000,10400,4700,11000,10600,49200,30700,19900,10600,100,100,500,400,0,0,0,41800,21300,7700,11400,1400
"elderly_headed_hh","percentiles_96_99",2005,.7,1.2,0,.3,.9,325600,294200,60100,3400,3900,3600,0,900,27000,54000,12000,16900,11200,22900,25300,52900,31400,20900,10400,100,100,700,500,0,100,0,79600,42600,8800,26300,2000
"elderly_headed_hh","second_quintile",2005,4.7,8.1,0,1.3,6.8,62600,30300,6700,100,500,500,0,100,500,300,200,2300,600,1200,1200,16100,32300,20300,11800,100,100,1600,1200,100,200,100,4000,900,1100,1300,700
"elderly_headed_hh","top_1_percent",2005,.2,.4,0,.1,.4,1880600,1846600,201000,3000,5300,5600,0,2800,255300,693000,75500,95200,50200,146900,217900,94900,34000,22900,11000,0,0,600,500,0,100,0,545200,304800,14600,220700,5200
"elderly_headed_hh","all_quintiles",2006,24,39,0,6.5,32.4,96400,65000,13100,500,900,900,0,200,3700,11100,1900,4800,1600,4400,5000,16900,31300,19000,12200,100,100,2500,1400,100,300,700,15600,7700,2000,5200,700
"elderly_headed_hh","fourth_quintile",2006,2.5,4.6,0,1.1,3.5,118800,87300,22600,1100,2100,1700,0,400,2100,4100,1400,6600,1700,4600,4200,34500,31500,19200,12100,100,100,900,700,0,100,100,18100,8800,3800,4600,900
"elderly_headed_hh","highest_quintile",2006,2.9,5.3,0,1.2,4.1,368900,337000,56200,2800,3500,3200,0,900,29600,84700,13400,22100,9300,26800,31800,52700,31900,20200,11600,100,0,800,600,0,100,100,91300,49300,7500,32800,1600
"elderly_headed_hh","lowest_quintile",2006,10.2,14.5,0,1.5,13,34600,5000,1000,0,0,100,0,0,0,0,0,500,100,200,200,2700,29600,17600,11900,0,100,4300,2200,200,500,1400,800,0,200,200,300
"elderly_headed_hh","middle_quintile",2006,3.5,6.3,0,1.4,4.9,87800,54900,14200,400,1300,1100,0,200,800,1500,500,4400,1000,2300,2300,24900,32900,20000,12700,100,100,1200,900,0,100,200,10000,4300,2400,2500,800
"elderly_headed_hh","percentiles_81_90",2006,1.2,2.2,0,.5,1.7,160400,129200,33400,2000,3000,2500,0,600,4300,8300,3400,9800,3100,8000,7300,43400,31200,19700,11400,100,0,900,700,0,100,100,29500,14900,5500,7900,1100
"elderly_headed_hh","percentiles_91_95",2006,.7,1.3,0,.3,1,209900,178100,43000,3000,3400,3100,0,700,8800,17800,6200,13000,4600,13400,12100,48900,31700,20200,11400,100,0,700,600,0,0,100,43400,22100,7200,12800,1200
"elderly_headed_hh","percentiles_96_99",2006,.7,1.3,0,.3,1,338300,305900,61600,3400,3800,3600,0,1000,22500,55300,13600,20700,10400,26800,26800,56300,32400,20600,11700,100,0,700,500,0,100,100,82700,44500,8700,27800,1800
"elderly_headed_hh","second_quintile",2006,4.7,8,0,1.4,6.6,64500,31000,7000,100,400,500,0,100,500,500,200,2700,600,1100,1200,15900,33500,20300,13000,100,100,1500,1000,0,200,300,4100,1000,1200,1400,600
"elderly_headed_hh","top_1_percent",2006,.3,.5,0,.1,.4,1883000,1848600,184700,3500,5200,5500,0,2800,226800,715600,80600,109300,48400,152200,217000,96900,34400,22100,12200,0,0,800,600,0,200,100,540400,301100,14300,219800,5200
"elderly_headed_hh","all_quintiles",2007,24.4,39.6,0,6.9,32.7,104200,72700,14600,600,900,900,0,200,4000,13700,2000,5700,1700,5200,4600,18600,31500,19200,12100,100,100,2600,1400,100,300,700,16600,9000,2100,4800,600
"elderly_headed_hh","fourth_quintile",2007,2.7,4.9,0,1.2,3.7,120600,89200,23800,1000,2000,1800,0,300,2000,4200,1300,7200,1500,4600,3400,36100,31400,19400,11800,100,0,1000,700,0,100,200,17600,9100,3900,3800,900
"elderly_headed_hh","highest_quintile",2007,3.1,5.7,0,1.3,4.5,395700,363300,60000,2900,2900,3200,0,800,31200,98800,13600,25800,9100,31300,28100,55600,32400,20300,11900,100,100,900,600,0,100,200,92800,54800,7600,28900,1500
"elderly_headed_hh","lowest_quintile",2007,10,13.9,0,1.5,12.5,35300,6000,1300,0,100,100,0,0,0,100,0,600,100,200,200,3300,29300,17500,11600,100,0,4200,2000,200,500,1500,800,0,200,200,300
"elderly_headed_hh","middle_quintile",2007,3.5,6.3,0,1.4,4.9,89400,56900,15300,400,1200,1100,0,200,900,1900,400,4700,1100,2200,1900,25400,32600,20000,12400,100,100,1400,1000,0,200,200,10100,4700,2500,2100,700
"elderly_headed_hh","percentiles_81_90",2007,1.3,2.4,0,.6,1.8,163400,131500,32800,1900,2600,2500,0,500,4000,10500,2700,10500,3000,8700,6200,45500,31900,19900,11800,100,0,1000,700,0,100,200,28900,15600,5500,6700,1100
"elderly_headed_hh","percentiles_91_95",2007,.8,1.4,0,.3,1.1,212000,180100,43600,3300,3000,3100,0,600,7300,19600,5200,14600,4600,14000,10000,51200,31900,20000,11600,100,200,800,600,0,100,100,42000,23100,7100,10600,1200
"elderly_headed_hh","percentiles_96_99",2007,.8,1.4,0,.3,1.1,348700,315300,63100,3800,3000,3600,0,900,25000,55900,13800,23000,10900,30000,22300,59900,33400,21000,12300,100,100,900,700,0,100,200,81600,48000,8800,23100,1600
"elderly_headed_hh","second_quintile",2007,4.8,8.3,0,1.5,6.8,67600,33000,7400,100,500,600,0,100,300,700,200,3000,700,1200,1100,17300,34600,21200,13200,100,100,1900,1200,100,200,400,4300,1200,1200,1200,600
"elderly_headed_hh","top_1_percent",2007,.3,.5,0,.1,.4,2207900,2175100,231600,3300,3900,6200,0,2900,252200,889800,90700,141800,47000,195800,205000,104800,32800,20700,12000,0,0,400,300,0,0,100,587400,359600,15800,207900,4000
"elderly_headed_hh","all_quintiles",2008,25.2,41.2,0,7.4,33.7,91300,59600,14500,600,1000,900,0,100,3200,6000,1900,4600,1900,4500,2600,17900,31600,19100,12300,100,100,2600,1500,100,300,700,12000,6600,2100,2700,600
"elderly_headed_hh","fourth_quintile",2008,2.8,5.1,0,1.3,3.9,118200,87100,24900,1100,2500,1800,0,200,1900,1400,1400,6000,1900,4300,2000,37600,31000,18800,11900,200,200,700,500,0,100,100,14800,7800,4100,2200,800
"elderly_headed_hh","highest_quintile",2008,2.8,5.1,0,1.2,3.9,349300,318000,69000,3500,3700,3800,0,600,33600,51500,14400,21800,11700,29100,17500,58000,31300,19500,11600,100,100,700,500,0,100,100,77200,49000,8900,18000,1300
"elderly_headed_hh","lowest_quintile",2008,10.8,15.4,0,2,13.4,35300,5600,1200,0,0,100,0,0,0,-100,0,600,100,300,100,3100,29800,17700,11900,100,100,4600,2400,300,500,1400,200,-500,200,200,300
"elderly_headed_hh","middle_quintile",2008,3.7,6.7,0,1.5,5.2,87600,54600,14800,400,1200,1100,0,100,800,400,500,4200,1100,2500,1100,26400,33000,20100,12600,200,100,1200,800,0,200,200,7600,3300,2400,1300,600
"elderly_headed_hh","percentiles_81_90",2008,1.2,2.2,0,.5,1.7,158200,127100,35800,2300,3200,2700,0,300,4200,3800,3900,8600,3000,8800,3700,46600,31100,19300,11500,100,200,600,500,0,100,100,24800,13900,6000,4000,900
"elderly_headed_hh","percentiles_91_95",2008,.7,1.3,0,.3,1,208400,176200,53600,3900,3800,3800,0,500,8500,5500,6100,12500,5700,12300,5500,54500,32300,20300,11800,200,100,700,600,0,0,100,38300,22500,8700,6000,1100
"elderly_headed_hh","percentiles_96_99",2008,.7,1.2,0,.3,.9,322200,292200,76600,5000,3800,4400,0,600,27000,22100,13900,21100,13700,27500,12900,63400,30000,18500,11400,100,0,600,500,0,0,100,71300,45500,10700,13600,1500
"elderly_headed_hh","second_quintile",2008,4.9,8.4,0,1.5,7,66500,31300,7400,100,400,500,0,100,300,100,200,2700,700,1300,700,16900,35300,21500,13500,200,100,1600,1100,100,200,300,2700,200,1200,700,600
"elderly_headed_hh","top_1_percent",2008,.2,.4,0,.1,.4,1766800,1733900,256000,4200,5100,7000,0,2000,267600,497700,90900,115000,66000,181500,131700,109200,32800,21000,11800,0,0,700,600,0,100,100,462700,307200,18100,133700,3700
"elderly_headed_hh","all_quintiles",2009,25.5,42.2,0,7.7,34.5,86500,52000,14300,600,1000,900,0,100,2700,3200,1900,3700,1600,3600,2000,16500,34500,20800,13200,400,100,2900,1600,200,300,700,10700,6000,2100,2100,500
"elderly_headed_hh","fourth_quintile",2009,2.7,5.2,0,1.3,3.9,118600,84100,24800,1000,2500,1800,0,200,2100,900,1700,5100,1900,3700,1700,36900,34500,21000,12900,500,100,900,700,0,100,100,14600,7900,4100,1900,700
"elderly_headed_hh","highest_quintile",2009,2.7,5.1,0,1.3,3.8,315400,281900,73200,3800,4200,4200,100,500,34700,29600,14100,17100,9500,23100,14200,53600,33500,20900,12200,300,0,700,500,0,100,100,68100,42600,9600,14600,1200
"elderly_headed_hh","lowest_quintile",2009,10.5,15.1,0,2,13.1,37200,4700,1000,0,0,100,0,0,0,-200,0,500,200,300,100,2600,32500,19300,12800,300,100,5000,2600,400,600,1500,500,-100,200,100,300
"elderly_headed_hh","middle_quintile",2009,3.9,7,0,1.5,5.5,87700,51600,13800,300,1100,1000,0,100,700,-100,700,3400,1100,2000,900,26400,36100,21800,13800,500,100,1300,900,0,100,200,7600,3700,2300,1000,600
"elderly_headed_hh","percentiles_81_90",2009,1.2,2.3,0,.6,1.7,159100,126000,40100,2400,3400,3000,0,300,4300,2000,3700,7400,2800,6800,2900,46800,33100,20500,12200,400,0,700,600,0,100,100,24500,13800,6600,3200,900
"elderly_headed_hh","percentiles_91_95",2009,.6,1.2,0,.3,.9,203500,170500,58100,3700,4100,4200,100,400,8900,5100,5700,9000,4900,9600,4600,52100,33000,20700,11900,300,0,600,500,0,0,100,36100,20800,9300,5000,1000
"elderly_headed_hh","percentiles_96_99",2009,.6,1.1,0,.3,.9,304900,271000,85400,6100,5100,5100,100,600,28100,15200,13700,17000,11500,20500,10600,52000,33900,21400,12300,200,0,600,500,0,100,100,64300,39500,12300,11200,1300
"elderly_headed_hh","second_quintile",2009,5.3,9.1,0,1.5,7.6,66100,28500,6500,100,400,500,0,0,300,-200,200,2200,700,1200,500,16000,37500,22700,14300,400,100,1800,1200,100,200,300,2700,500,1100,600,500
"elderly_headed_hh","top_1_percent",2009,.2,.4,0,.1,.3,1471800,1435800,255700,5000,6900,7600,100,1600,283100,280400,93400,90900,51900,153300,109100,97000,36000,22800,13100,100,0,500,300,0,100,100,394900,262200,19300,110600,2800
"elderly_headed_hh","all_quintiles",2010,26,43,0,7.8,35.3,90300,56300,14600,600,1000,900,0,100,3600,4200,1800,2800,1700,3600,2600,18800,33900,20400,13000,400,100,2800,1600,200,300,700,12000,6600,2100,2700,500
"elderly_headed_hh","fourth_quintile",2010,3,5.6,0,1.4,4.2,117000,83400,24400,900,2400,1800,0,200,2000,700,1500,3500,1600,3600,1900,38700,33600,20400,12600,500,100,1100,800,0,100,100,14800,8000,4000,2100,700
"elderly_headed_hh","highest_quintile",2010,3,5.7,0,1.4,4.3,316900,285400,68200,3500,4300,3800,0,600,32500,34800,12900,13000,9700,21800,16900,63200,31500,19400,11700,300,0,700,500,0,100,100,70800,43100,8900,17600,1200
"elderly_headed_hh","lowest_quintile",2010,10.3,14.8,0,1.7,13.1,36900,4500,1000,0,0,100,0,0,100,-100,0,400,100,200,100,2600,32300,19200,12800,400,0,5000,2500,500,500,1500,500,-100,200,100,300
"elderly_headed_hh","middle_quintile",2010,4.1,7.3,0,1.6,5.7,86400,50900,13700,300,1000,1000,0,100,800,100,500,2200,1100,1800,1000,27100,35500,21500,13400,500,0,1300,900,100,100,200,7700,3700,2300,1100,600
"elderly_headed_hh","percentiles_81_90",2010,1.4,2.6,0,.6,1.9,156800,125300,37500,2300,3400,2700,0,400,4400,2800,3100,5200,3000,6700,3500,50200,31500,19300,11900,300,0,700,500,0,100,100,24900,14100,6100,3900,800
"elderly_headed_hh","percentiles_91_95",2010,.7,1.4,0,.4,1,204600,174000,53100,3200,4500,3800,100,500,10700,4900,6300,6700,5500,9400,5500,59700,30700,18700,11400,500,0,600,500,0,100,100,37900,22200,8600,6000,1000
"elderly_headed_hh","percentiles_96_99",2010,.7,1.2,0,.3,1,312400,281000,81900,5600,5200,4800,100,800,27200,17900,13300,12200,12100,18900,12800,68400,31400,19500,11600,300,100,600,500,0,100,100,69300,42900,11500,13600,1300
"elderly_headed_hh","second_quintile",2010,5.3,9,0,1.5,7.5,65300,28100,6300,100,300,500,0,100,300,-100,200,1500,700,1000,600,16700,37200,22600,14100,500,100,2000,1300,100,200,400,2800,600,1100,600,500
"elderly_headed_hh","top_1_percent",2010,.2,.5,0,.1,.4,1548800,1514700,246200,5400,5900,7200,0,2100,267400,346900,86100,76500,52500,150400,136000,132000,34100,21700,12200,100,100,900,700,0,100,100,426500,266600,18700,138100,3100
"elderly_headed_hh","all_quintiles",2011,27.2,45.4,0,8.3,37.1,90600,57900,15200,600,1100,1000,0,100,4200,4500,1700,2300,1800,3800,2600,19000,32700,19800,12500,300,100,2700,1400,300,300,700,12500,7200,1900,2700,600
"elderly_headed_hh","fourth_quintile",2011,3.2,6,0,1.6,4.5,115300,84300,25000,900,2400,1900,0,200,2100,1100,1300,2700,1800,3500,1800,39600,31000,18600,11900,400,100,700,500,0,100,100,14900,8600,3600,2000,800
"elderly_headed_hh","highest_quintile",2011,3.2,5.9,0,1.4,4.5,330400,299900,73000,3700,4400,4000,0,700,37400,37100,12300,11600,10100,23100,17600,65100,30400,18900,11200,200,100,500,400,0,100,100,74500,46800,8200,18200,1300
"elderly_headed_hh","lowest_quintile",2011,11,16.1,0,2,14.1,36100,4500,1000,0,0,100,0,0,100,-100,0,300,100,200,100,2700,31600,18900,12400,300,0,4900,2400,600,500,1500,600,0,200,100,300
"elderly_headed_hh","middle_quintile",2011,4.2,7.6,0,1.6,6,86100,51600,13500,300,1200,1000,0,100,1000,400,500,1800,1200,2100,1000,27500,34500,21000,13000,400,100,1200,800,100,200,200,7800,4100,1900,1200,600
"elderly_headed_hh","percentiles_81_90",2011,1.4,2.6,0,.6,2,156700,126100,37000,2100,3300,2700,0,400,5500,2600,3300,4300,3000,7100,3400,51300,30600,18900,11400,200,100,600,400,0,100,100,25100,15100,5300,3800,900
"elderly_headed_hh","percentiles_91_95",2011,.8,1.5,0,.4,1.1,205500,175600,56400,4200,4800,4000,100,500,9800,5000,5200,4700,5500,9900,5200,60600,29900,18800,10700,300,100,300,200,0,0,0,37900,23200,7900,5700,1100
"elderly_headed_hh","percentiles_96_99",2011,.7,1.4,0,.3,1,315300,285200,85900,5500,5400,5000,0,800,29300,18200,11500,10000,12400,19900,12600,68600,30200,18800,11100,300,0,400,300,0,0,100,69400,44200,10500,13400,1400
"elderly_headed_hh","second_quintile",2011,5.3,9.2,0,1.6,7.5,64200,28400,6400,100,400,500,0,100,300,0,200,1100,600,1100,500,17100,35800,22000,13400,400,0,1900,1200,100,200,400,2900,800,900,600,500
"elderly_headed_hh","top_1_percent",2011,.3,.5,0,.1,.4,1706900,1675300,284400,6300,6800,8000,0,2400,318900,378400,85000,76600,56800,160100,146900,144700,31600,20100,11400,100,0,700,500,0,100,100,472000,300200,18900,149300,3500
"elderly_headed_hh","all_quintiles",2012,28.3,47.5,0,8.8,38.7,97400,64200,16000,700,1000,1000,0,200,4900,7800,1600,2000,1800,4700,3100,19300,33200,20400,12500,200,100,2700,1500,300,300,600,14300,8300,2100,3300,600
"elderly_headed_hh","fourth_quintile",2012,3.3,6.2,0,1.5,4.7,116800,84700,24800,1000,2300,1900,0,300,2400,1600,1300,2000,1900,4000,1900,39400,32000,19800,11800,300,100,800,600,0,100,100,15400,8800,3600,2200,800
"elderly_headed_hh","highest_quintile",2012,3.5,6.6,0,1.6,5,362900,331900,74700,4000,4000,4200,0,800,38700,60200,10700,9700,10100,28300,20600,66000,30900,19100,11600,200,0,500,300,0,100,100,83400,52000,8600,21400,1400
"elderly_headed_hh","lowest_quintile",2012,11.1,16.3,0,2.1,14.1,36000,4300,1000,0,0,100,0,0,100,-100,0,200,100,200,100,2600,31700,19200,12300,200,100,4900,2500,600,500,1300,600,0,200,100,300
"elderly_headed_hh","middle_quintile",2012,4.4,8.1,0,1.8,6.3,86800,51800,14100,300,1200,1100,0,200,1000,500,500,1400,1100,2000,1000,27500,35000,21700,12800,300,100,1100,700,100,100,200,8100,4200,2000,1100,700
"elderly_headed_hh","percentiles_81_90",2012,1.6,3,0,.8,2.2,161700,129800,40700,2600,3500,3100,0,500,4900,3500,2100,3000,3200,6600,3200,52900,31900,19800,11700,300,0,500,400,0,100,100,26500,15900,6000,3700,1000
"elderly_headed_hh","percentiles_91_95",2012,.9,1.6,0,.4,1.2,210600,179600,57300,4200,3800,4100,0,600,10300,8400,5000,4300,5400,11100,5900,59200,31000,19200,11600,200,0,500,400,0,100,100,39700,23800,8000,6600,1200
"elderly_headed_hh","percentiles_96_99",2012,.8,1.5,0,.3,1.2,328800,299900,88200,6000,5000,5200,0,1000,32900,25600,11500,8700,12400,21800,13800,67800,28900,17300,11300,200,100,300,200,0,0,100,75000,47700,10900,14800,1600
"elderly_headed_hh","second_quintile",2012,5.5,9.6,0,1.6,8,64800,28100,6200,100,400,500,0,100,400,100,200,900,700,1300,600,16800,36800,22800,13600,300,100,1800,1200,200,200,300,2900,800,900,600,600
"elderly_headed_hh","top_1_percent",2012,.3,.5,0,.1,.4,2084700,2053300,283300,5600,5000,7700,0,2800,336500,645900,74300,67700,57400,224600,185300,157000,31400,19300,11800,100,200,300,200,0,100,100,569500,358700,18400,188100,4300
"elderly_headed_hh","all_quintiles",2013,29.2,48.8,0,9.1,39.7,94900,61800,16400,700,1100,1100,0,200,4800,5800,1500,1700,1900,3800,3300,19500,33200,20500,12400,200,100,2600,1400,300,300,700,14900,8300,2500,3500,700
"elderly_headed_hh","fourth_quintile",2013,3.6,6.7,0,1.7,5,118700,86600,25600,1100,2300,1900,0,300,2000,2100,1100,1600,2000,3600,2400,40700,32100,19800,11900,200,100,700,500,0,100,100,16700,8900,4200,2700,900
"elderly_headed_hh","highest_quintile",2013,3.7,7,0,1.6,5.4,324900,294400,72900,4000,4100,4200,0,800,37200,40600,9700,8100,10000,21800,20200,60700,30500,19000,11300,200,0,600,400,0,100,100,82100,49700,10000,21000,1400
"elderly_headed_hh","lowest_quintile",2013,11.4,16.6,0,2.2,14.4,36300,4700,1000,0,0,100,0,0,100,0,0,200,100,200,100,2900,31600,19200,12200,100,100,4700,2300,600,500,1400,700,0,200,100,400
"elderly_headed_hh","middle_quintile",2013,4.4,7.9,0,1.7,6.2,88400,52900,14200,400,1100,1100,0,200,900,1000,400,1000,1100,1900,1200,28500,35500,22100,13000,300,100,1100,700,100,100,200,8800,4300,2300,1400,700
"elderly_headed_hh","percentiles_81_90",2013,1.7,3.3,0,.8,2.5,162100,131600,42400,2700,3300,3200,0,500,5700,5300,2200,2600,2900,6400,4400,50000,30400,18800,11400,200,100,600,400,0,100,100,28800,15800,7200,4900,1000
"elderly_headed_hh","percentiles_91_95",2013,.9,1.6,0,.4,1.2,211700,182200,54900,4300,3900,4000,0,700,11900,10000,4500,3400,6200,11000,7900,59700,29500,18200,11100,100,0,600,500,0,100,100,43100,24200,9100,8500,1300
"elderly_headed_hh","percentiles_96_99",2013,.9,1.6,0,.3,1.3,334600,303700,89000,5800,5300,5200,0,1000,33800,28200,10700,7300,12200,21700,17900,65500,31000,19700,11100,200,0,500,400,0,100,100,80800,47800,12500,18900,1600
"elderly_headed_hh","second_quintile",2013,5.7,9.8,0,1.8,8.1,65900,29000,6700,100,400,500,0,100,500,300,100,700,700,900,700,17300,36900,23100,13400,200,200,2000,1200,200,200,400,3400,900,1100,700,600
"elderly_headed_hh","top_1_percent",2013,.3,.5,0,.1,.4,1626600,1594400,264200,6100,5700,7800,0,2800,315700,386100,67900,58300,57600,148100,160700,113500,32200,20200,11900,100,0,500,400,0,0,100,528100,339000,21800,163500,3800
"elderly_headed_hh","all_quintiles",2014,30.3,50.3,0,9.2,41,98400,65600,16900,700,1000,1100,0,200,5300,8000,1300,1500,1900,4400,3600,19700,32800,20300,12400,100,100,2900,1600,300,300,700,16200,9200,2500,3800,700
"elderly_headed_hh","fourth_quintile",2014,3.7,7,0,1.7,5.3,121700,88300,26400,1100,2300,2000,0,300,2500,3100,800,1300,1800,3600,2300,41000,33400,20800,12300,200,100,1000,700,100,100,100,17200,9300,4400,2700,900
"elderly_headed_hh","highest_quintile",2014,3.9,7.3,0,1.6,5.7,350400,318800,74100,4000,3600,4200,0,900,39000,55300,8500,7500,10400,25800,22400,63100,31700,19900,11500,100,100,600,400,0,100,100,90300,55700,9800,23400,1500
"elderly_headed_hh","lowest_quintile",2014,12,17.2,0,2.2,15,34800,4500,1000,0,0,100,0,0,100,0,0,100,100,200,100,2700,30400,18300,12000,0,0,5200,2700,500,500,1500,600,-100,200,100,400
"elderly_headed_hh","middle_quintile",2014,4.6,8.3,0,1.8,6.5,89500,53900,14700,300,1200,1100,0,200,900,1400,300,900,1000,1900,1200,28800,35600,22400,12900,200,100,1400,900,100,200,200,9000,4500,2400,1400,700
"elderly_headed_hh","percentiles_81_90",2014,1.7,3.2,0,.8,2.5,165400,133400,41100,2700,3100,3200,0,500,5100,6700,2300,2400,2900,7300,4800,51400,31900,20000,11600,200,100,700,500,0,100,100,29300,15900,7000,5300,1100
"elderly_headed_hh","percentiles_91_95",2014,1,1.8,0,.4,1.4,217100,185500,56200,4000,3500,4000,0,700,10000,13500,3600,3200,5300,11600,8100,61700,31600,19800,11600,100,100,700,500,0,100,100,44000,24700,9100,8800,1300
"elderly_headed_hh","percentiles_96_99",2014,.9,1.7,0,.3,1.4,342400,310800,84000,5800,4000,4900,0,1100,32800,35800,9500,6400,12400,25400,19200,69400,31700,20100,11400,100,0,400,300,0,0,100,84100,50400,11900,20300,1600
"elderly_headed_hh","second_quintile",2014,5.7,9.8,0,1.8,8,65500,29400,7100,100,400,500,0,100,600,500,100,600,700,900,700,17000,36100,22600,13200,100,100,2000,1200,100,200,400,3500,900,1200,800,600
"elderly_headed_hh","top_1_percent",2014,.3,.6,0,.1,.5,1834900,1804400,286000,6100,5100,7600,0,3200,339500,518900,55800,52600,62500,176400,176700,114000,30500,19500,10900,0,0,700,500,0,0,100,598200,392600,21700,179900,3900
"elderly_headed_hh","all_quintiles",2015,31.3,52.3,0,9.7,42.6,101000,67400,18000,800,1100,1200,0,200,5600,7900,1200,1500,1700,4400,3400,20300,33600,20700,12700,100,100,3000,1600,300,300,800,16600,9600,2700,3600,700
"elderly_headed_hh","fourth_quintile",2015,3.7,7,0,1.7,5.3,125900,92200,27700,1200,2400,2100,0,300,2500,3000,800,1300,1700,3700,2300,43000,33700,20900,12600,100,100,1100,800,100,100,200,18100,9900,4600,2600,900
"elderly_headed_hh","highest_quintile",2015,4,7.5,0,1.7,5.8,364100,333000,82200,4600,4000,4600,0,900,43000,56500,8100,7500,9200,26100,21500,64800,31100,19200,11800,100,0,700,500,0,0,100,93900,59100,10900,22500,1500
"elderly_headed_hh","lowest_quintile",2015,12.6,18.3,0,2.5,15.8,36800,5100,1100,0,0,100,0,0,100,0,0,100,100,200,100,3100,31800,19300,12300,0,100,5300,2700,500,500,1600,600,-100,200,100,400
"elderly_headed_hh","middle_quintile",2015,4.8,8.8,0,1.9,6.9,92700,56500,15700,400,1300,1200,0,200,1000,1200,300,900,1100,2000,1200,30000,36200,22800,13200,100,100,1400,1000,100,200,200,9600,4900,2600,1400,700
"elderly_headed_hh","percentiles_81_90",2015,1.8,3.3,0,.8,2.5,170500,139200,45700,3200,3500,3500,0,500,5900,6000,1900,2300,3000,6200,4100,53200,31300,19000,12200,100,0,600,500,0,0,100,30800,17300,7800,4700,1100
"elderly_headed_hh","percentiles_91_95",2015,1,1.8,0,.4,1.4,223900,193300,59100,4300,4000,4300,0,700,12300,13300,3600,3400,4900,12800,7900,62600,30700,19200,11400,100,0,700,600,0,0,100,45900,26100,9800,8600,1300
"elderly_headed_hh","percentiles_96_99",2015,.9,1.7,0,.4,1.3,355900,325100,96300,6800,4500,5600,0,1100,33500,35700,8800,6200,11300,25400,18000,72000,30800,18900,11800,100,0,600,500,0,0,100,87500,53600,13100,19100,1700
"elderly_headed_hh","second_quintile",2015,5.8,10,0,1.8,8.2,68000,31000,7400,100,500,600,0,100,500,400,100,600,600,1000,700,18300,37000,23200,13600,100,100,2100,1300,100,200,400,3700,1100,1300,700,600
"elderly_headed_hh","top_1_percent",2015,.3,.6,0,.1,.5,1880800,1848400,312200,6800,5700,8800,0,3300,368100,525800,54000,52800,50800,177400,168800,113800,32300,20600,11600,0,100,700,600,0,0,100,606600,406000,24800,172100,3700
"elderly_headed_hh","all_quintiles",2016,32.3,54,0,10,44.1,99200,65400,17900,800,1100,1200,0,200,5600,6700,1200,1500,1600,4200,3200,20200,33800,20900,12800,100,0,3100,1700,300,300,900,15800,9200,2600,3300,600
"elderly_headed_hh","fourth_quintile",2016,3.8,7.1,0,1.8,5.4,126300,91900,27800,1200,2400,2100,0,300,2500,2400,800,1400,1600,3600,2100,43600,34400,21500,12700,100,0,1100,800,0,100,200,17800,10000,4600,2400,800
"elderly_headed_hh","highest_quintile",2016,4,7.8,0,1.9,5.9,357100,325700,83500,4600,4500,4700,0,900,44000,49400,7900,7700,8500,25300,20200,64500,31400,19500,11800,100,0,800,600,0,100,100,90500,56800,11100,21100,1500
"elderly_headed_hh","lowest_quintile",2016,13.3,19.4,0,2.6,16.8,36900,5000,1100,0,0,100,0,0,100,0,0,100,100,200,100,3000,31900,19400,12400,0,0,5400,2700,500,500,1700,600,-100,200,100,300
"elderly_headed_hh","middle_quintile",2016,4.7,8.6,0,1.8,6.8,92600,56400,15800,400,1200,1200,0,200,1200,800,400,800,1000,1900,1100,30400,36200,22700,13300,100,0,1400,900,100,100,200,9600,5000,2600,1300,700
"elderly_headed_hh","percentiles_81_90",2016,1.8,3.6,0,1,2.6,172400,141300,47600,3100,4000,3700,0,500,6300,4900,2100,2100,2900,6500,3900,53800,31000,19200,11600,100,0,1100,800,0,100,200,30800,17300,8100,4400,1000
"elderly_headed_hh","percentiles_91_95",2016,1,1.9,0,.5,1.4,229500,197600,62600,4600,4300,4500,0,700,12800,12600,3700,3700,4700,11700,7600,64000,31900,19900,11800,100,0,600,400,0,0,100,46500,26800,10100,8300,1300
"elderly_headed_hh","percentiles_96_99",2016,.9,1.8,0,.4,1.4,358200,326400,99800,6700,5000,5700,0,1100,37800,31700,9000,6400,10600,24800,17000,71000,31800,19600,12100,100,0,500,400,0,0,100,87200,54000,13600,18100,1600
"elderly_headed_hh","second_quintile",2016,6,10.4,0,1.8,8.7,68700,31300,7500,100,400,600,0,100,500,300,100,600,600,1000,600,18700,37400,23400,13800,100,100,2300,1400,100,200,500,3700,1100,1300,700,600
"elderly_headed_hh","top_1_percent",2016,.3,.6,0,.1,.5,1886100,1854700,317800,7200,6400,9200,0,3100,391900,493200,53800,59200,47700,184000,169600,111600,31400,19500,11800,0,0,600,400,0,0,100,604900,401800,25700,172700,4600
"elderly_headed_hh","all_quintiles",2017,33.4,55.9,0,10.2,45.7,101400,68400,18600,800,1100,1200,0,200,5600,9100,1100,1500,1700,4400,2600,20500,33000,20400,12500,100,100,3100,1700,300,300,900,16100,9900,2800,2700,600
"elderly_headed_hh","fourth_quintile",2017,4.1,7.7,0,1.9,5.8,127500,94600,29200,1200,2500,2200,0,300,3100,3600,800,1300,1600,3700,1700,43400,33000,20700,12100,100,100,900,600,0,100,100,18000,10400,4900,2000,800
"elderly_headed_hh","highest_quintile",2017,4.3,8.2,0,2,6.3,369600,336800,83700,4600,3800,4800,0,700,42400,63600,7300,7900,8600,26400,15900,67000,32800,20600,12000,100,0,700,500,0,100,100,89800,60600,11300,16600,1400
"elderly_headed_hh","lowest_quintile",2017,13.6,19.8,0,2.5,17.3,36000,4900,1100,0,0,100,0,0,100,0,0,100,100,200,100,2900,31100,18800,12200,0,100,5300,2700,500,500,1700,500,-100,200,100,300
"elderly_headed_hh","middle_quintile",2017,4.9,9,0,1.9,7.1,92400,57700,16500,500,1400,1200,0,100,1200,1600,300,800,1000,1800,900,30400,34700,21500,13000,100,0,1500,1100,100,200,200,9600,5200,2700,1000,700
"elderly_headed_hh","percentiles_81_90",2017,2,3.8,0,1,2.8,175800,143700,47200,3100,3500,3700,0,400,5900,7700,1700,2200,2700,7000,3200,55400,32100,19900,12000,100,0,700,500,0,100,100,30600,18000,8000,3700,1000
"elderly_headed_hh","percentiles_91_95",2017,1,1.9,0,.5,1.5,237500,203800,62300,4700,4000,4600,0,600,13000,16400,3500,3300,5700,13100,6300,66300,33700,21500,12200,100,0,700,600,0,0,100,46600,28200,10400,6800,1200
"elderly_headed_hh","percentiles_96_99",2017,1,1.9,0,.4,1.5,372500,339300,101100,6700,4100,5900,0,900,35500,44900,8400,6500,9700,27300,14000,74100,33300,21300,11900,100,0,600,400,0,0,100,88000,57600,13900,14900,1600
"elderly_headed_hh","second_quintile",2017,6.1,10.5,0,1.8,8.7,67600,31600,7800,100,500,600,0,100,600,600,100,600,700,1100,500,18500,36000,22500,13300,100,100,2300,1500,100,200,500,3700,1300,1300,600,600
"elderly_headed_hh","top_1_percent",2017,.3,.6,0,.1,.5,1954800,1921800,318100,7100,4700,9300,0,2500,378200,610300,50300,61000,50400,183100,129000,117700,33000,20500,12400,100,0,1200,1000,0,0,200,591600,430200,26100,131500,3900
"elderly_headed_hh","all_quintiles",2018,34.6,58.1,0,10.8,47.3,105100,72200,19500,900,1900,1300,0,100,5900,9700,1100,1800,1800,4900,2200,21300,32900,20400,12300,100,100,2900,1600,200,300,800,15500,9600,2900,2300,700
"elderly_headed_hh","fourth_quintile",2018,4.3,8.2,0,2,6.2,128200,95800,29400,1200,3800,2200,0,200,3000,3900,700,1600,1500,3700,1400,43000,32400,19900,12300,100,100,900,600,0,100,100,16600,9200,4900,1600,900
"elderly_headed_hh","highest_quintile",2018,4.6,8.9,0,2.2,6.7,374100,341700,84200,4800,5500,4900,0,600,43300,64600,6600,8700,9000,28300,13200,68100,32300,20200,11900,100,100,600,400,0,0,100,84100,57500,11400,13800,1500
"elderly_headed_hh","lowest_quintile",2018,13.8,20.1,0,2.6,17.5,36200,5400,1200,0,300,100,0,0,100,0,0,200,200,200,100,3100,30800,18800,12000,0,0,5300,2800,500,500,1600,500,-200,200,100,400
"elderly_headed_hh","middle_quintile",2018,5.2,9.5,0,2.1,7.5,92900,58400,16800,500,2500,1300,0,100,1100,1700,300,900,900,1900,700,29700,34500,21600,12700,100,100,1300,900,100,100,200,8700,4300,2800,900,700
"elderly_headed_hh","percentiles_81_90",2018,2.1,4,0,1,3,178800,146600,47600,3300,5100,3700,0,400,6400,8500,1600,2600,2700,7100,2700,54900,32200,20000,11800,100,200,500,400,0,0,100,29100,16900,8100,3100,1100
"elderly_headed_hh","percentiles_91_95",2018,1.1,2.2,0,.6,1.6,242500,210200,67500,5000,5900,4900,0,500,13100,17400,2600,3700,5000,13400,5000,66100,32300,20300,11900,100,100,500,300,0,0,100,44700,26900,11000,5500,1300
"elderly_headed_hh","percentiles_96_99",2018,1.1,2.1,0,.5,1.6,377400,345500,101000,6700,5600,5800,0,700,37000,46400,7400,6900,10500,28100,11600,77800,32000,20000,11900,0,0,700,500,0,0,100,80900,53200,13800,12300,1600
"elderly_headed_hh","second_quintile",2018,6.2,10.7,0,1.9,8.8,69300,32600,8200,100,1300,600,0,100,500,600,100,700,700,1000,400,18400,36700,23300,13100,100,100,2100,1400,100,200,400,3400,1000,1400,500,600
"elderly_headed_hh","top_1_percent",2018,.3,.6,0,.1,.5,1953700,1919500,303700,6900,5700,8800,0,2000,381100,608500,47000,67500,54500,203700,106900,123300,34200,21800,12300,100,0,800,600,0,100,100,549800,411800,25000,108900,4200
"hh_with_children","all_quintiles",1979,32.9,135.5,64.8,69.4,1.3,77100,75300,57500,0,2600,2900,200,800,3800,2200,100,1400,300,600,1200,1700,1700,1100,200,300,200,2500,700,500,200,1200,16900,8200,6100,1900,700
"hh_with_children","fourth_quintile",1979,7.2,29.2,12.7,16.4,.2,95200,94200,77000,0,3500,4100,200,1000,3100,700,0,1400,200,300,700,2000,1000,500,100,300,100,400,100,0,0,200,21000,10000,8600,1700,800
"hh_with_children","highest_quintile",1979,5,20.8,8.2,12.4,.2,179300,178300,120200,0,4100,4500,200,1600,16100,12400,700,4900,1400,3300,5600,3200,1000,600,100,200,100,300,100,0,0,200,46300,28200,9800,7100,1200
"hh_with_children","lowest_quintile",1979,5.4,22.2,12.6,9,.5,17500,13700,10100,0,500,600,100,100,600,100,0,300,100,0,100,1000,3800,2800,500,300,200,10600,2800,2200,800,4900,1600,-400,1400,300,400
"hh_with_children","middle_quintile",1979,7.7,31.9,15.3,16.4,.2,69200,68000,55400,0,2900,3100,200,700,2100,300,0,800,100,100,400,1800,1200,600,100,400,100,700,200,100,0,300,14000,5500,6600,1100,700
"hh_with_children","percentiles_81_90",1979,2.8,11.6,4.6,6.9,.1,128100,127200,100400,0,4100,4700,200,1300,6400,2100,100,2600,500,700,1500,2600,900,500,100,200,100,300,100,0,0,200,29900,16100,10000,2800,1000
"hh_with_children","percentiles_91_95",1979,1.1,4.6,1.8,2.8,0,162200,161200,118200,0,4300,4700,200,1500,13500,5300,300,4200,1000,1900,3100,3100,1100,700,100,200,100,200,100,0,0,100,39600,23500,10300,4600,1200
"hh_with_children","percentiles_96_99",1979,.9,3.6,1.5,2.1,0,242100,241200,146500,0,4200,4000,200,1900,36000,17500,1100,8200,2800,5400,8600,5000,900,600,100,100,100,300,100,0,0,200,63900,42800,9100,10400,1500
"hh_with_children","second_quintile",1979,7.4,30.5,15.4,14.8,.3,45000,43100,33900,0,1900,2000,100,500,1800,300,0,500,100,100,200,1700,1900,1100,200,500,200,1900,500,400,100,800,7500,1900,4300,700,600
"hh_with_children","top_1_percent",1979,.2,.9,.4,.5,0,685700,684300,284700,0,3700,3200,200,3500,77700,163300,10100,25500,10500,36500,59800,5600,1400,1100,200,100,0,500,100,100,0,300,225900,152300,7600,63300,2700
"hh_with_children","all_quintiles",1980,33.2,135.9,64.5,70,1.3,73800,71800,55600,0,2200,2800,100,600,3100,2000,100,1700,400,700,900,1700,2000,1100,200,600,200,2600,700,600,200,1200,16400,8300,5900,1500,600
"hh_with_children","fourth_quintile",1980,7.1,28.9,12.7,16.1,.2,92400,91300,75200,0,3100,4000,200,800,2700,600,0,1600,200,300,500,2000,1100,500,100,400,100,300,100,0,0,200,20800,10400,8400,1300,700
"hh_with_children","highest_quintile",1980,5,20.6,8.1,12.3,.2,175600,174600,120700,0,3600,4700,200,1300,13400,11600,600,5800,1400,3600,4300,3500,1100,600,100,300,100,300,100,0,0,200,45600,28900,10100,5600,1000
"hh_with_children","lowest_quintile",1980,5.7,22.7,12.6,9.6,.5,16600,12600,9500,0,400,600,100,100,400,100,0,300,100,0,100,1000,4000,2500,500,700,300,10400,2700,2300,800,4700,1500,-300,1300,200,300
"hh_with_children","middle_quintile",1980,7.7,31.9,15.2,16.5,.2,66700,65200,53400,0,2500,3000,200,600,2100,300,0,900,200,100,300,1600,1500,700,100,600,100,700,200,100,100,400,13600,5700,6400,900,600
"hh_with_children","percentiles_81_90",1980,2.8,11.5,4.5,6.9,.1,125500,124500,99200,0,3600,4800,200,1100,5700,1700,100,2900,500,800,1100,2800,1000,500,100,300,100,300,100,0,0,200,30000,16900,10100,2200,800
"hh_with_children","percentiles_91_95",1980,1.2,4.7,1.8,2.8,0,158800,157500,117900,0,3600,4800,200,1300,10300,5200,200,5100,800,1900,2500,3600,1300,900,100,300,100,300,100,0,0,100,39600,24500,10400,3700,1000
"hh_with_children","percentiles_96_99",1980,.8,3.4,1.4,2,0,235300,234400,149100,0,3800,4400,200,1600,29600,14600,1000,9800,3000,6400,6500,4500,900,500,100,100,100,200,100,0,0,200,63100,43900,9800,8100,1300
"hh_with_children","second_quintile",1980,7.4,30.7,15.4,15,.3,42900,40400,31900,0,1600,1800,100,400,1600,200,0,700,100,100,200,1600,2500,1200,200,900,200,2200,600,600,100,1000,7100,2000,4000,600,500
"hh_with_children","top_1_percent",1980,.2,1,.4,.6,0,662100,661000,296700,0,3500,3800,200,3000,63800,153800,8100,29900,10500,35400,45100,7300,1000,800,100,100,0,500,100,100,0,300,203900,144700,8600,48100,2400
"hh_with_children","all_quintiles",1981,33,134.5,63.9,69.3,1.3,73500,71500,55600,0,2300,3000,100,500,2500,2000,100,2000,400,700,700,1600,2000,1100,200,500,100,2700,700,600,200,1200,16700,8500,6500,1200,600
"hh_with_children","fourth_quintile",1981,7.1,29.1,12.8,16.1,.2,93700,92500,76300,0,3200,4500,200,700,2300,600,0,1800,300,400,400,2000,1200,600,100,400,100,300,100,0,0,200,22000,10900,9400,1100,600
"hh_with_children","highest_quintile",1981,4.9,19.9,7.9,11.8,.1,175700,174600,121800,0,3900,5200,200,1000,11100,11300,800,7200,1500,3800,3400,3400,1100,700,100,300,100,200,100,0,0,100,45600,29100,11100,4500,900
"hh_with_children","lowest_quintile",1981,5.6,22.6,12.5,9.6,.5,16000,12200,9200,0,400,600,100,100,200,100,0,300,100,0,100,900,3800,2500,500,500,200,10500,2600,2400,700,4800,1500,-200,1300,200,300
"hh_with_children","middle_quintile",1981,7.7,31.4,14.8,16.4,.2,66400,65000,53000,0,2500,3300,100,500,1800,300,0,1100,100,200,200,1800,1400,700,100,500,100,700,200,100,100,300,14100,5900,6900,700,500
"hh_with_children","percentiles_81_90",1981,2.8,11.3,4.5,6.7,.1,125100,124000,99200,0,3800,5200,200,900,4500,1300,100,3600,500,1000,900,2900,1100,600,100,300,100,200,100,0,0,100,31000,17500,11000,1700,800
"hh_with_children","percentiles_91_95",1981,1.1,4.5,1.8,2.7,0,158300,157100,118700,0,4000,5500,200,1000,9000,4000,200,6000,1000,2200,1800,3500,1100,700,100,200,100,200,0,0,0,100,40500,25100,11700,2800,900
"hh_with_children","percentiles_96_99",1981,.8,3.2,1.3,1.9,0,234100,232900,152800,0,4000,4800,200,1300,25700,13600,1200,11800,2500,6000,4800,4300,1200,800,100,200,100,300,100,0,0,200,61400,43500,10800,6100,1100
"hh_with_children","second_quintile",1981,7.3,30.2,15.1,14.7,.3,42300,40000,31400,0,1600,2000,100,300,1500,200,0,700,100,100,200,1600,2300,1300,200,700,100,2300,600,600,100,900,7300,2100,4300,400,400
"hh_with_children","top_1_percent",1981,.2,.9,.4,.5,0,684900,683900,308000,0,4300,4100,200,2500,53100,163700,11300,41800,12400,38800,38400,5400,1000,700,100,100,0,500,200,100,0,300,196700,144000,9500,40900,2400
"hh_with_children","all_quintiles",1982,33,134.1,63.2,69.5,1.4,72000,69700,54700,0,2500,3000,100,300,2200,1900,200,2000,400,700,400,1400,2300,1100,200,800,200,2600,700,600,200,1200,15400,7600,6500,700,600
"hh_with_children","fourth_quintile",1982,7.1,28.9,12.6,16.2,.2,92500,91200,75200,0,3500,4500,200,400,2200,500,0,1900,200,400,200,1900,1300,600,100,500,100,300,100,0,0,100,20500,9800,9400,600,700
"hh_with_children","highest_quintile",1982,4.9,19.6,7.8,11.6,.1,174300,173100,124000,0,4300,5500,200,700,10000,10900,900,6500,1600,3400,1900,3200,1100,700,100,300,100,200,100,0,0,100,41500,26300,11700,2600,900
"hh_with_children","lowest_quintile",1982,5.9,23.3,12.7,10.1,.5,15000,10900,8200,0,400,500,100,0,200,100,0,400,100,100,100,600,4100,2300,500,1000,200,10400,2600,2200,700,4900,1400,-200,1200,100,300
"hh_with_children","middle_quintile",1982,7.6,31,14.6,16.2,.2,65300,63400,51600,0,2800,3200,200,300,1500,300,0,1300,200,200,200,1700,1900,800,200,800,200,500,100,100,0,200,13100,5300,6800,400,600
"hh_with_children","percentiles_81_90",1982,2.8,11.2,4.4,6.7,.1,124400,123200,99600,0,4100,5400,200,500,3600,1400,100,3500,700,1000,500,2500,1200,600,100,400,100,200,100,0,0,100,28900,15700,11400,1100,800
"hh_with_children","percentiles_91_95",1982,1.1,4.3,1.7,2.6,0,157600,156500,122000,0,4300,5800,200,600,7200,3200,300,5600,800,2100,900,3400,1100,600,100,200,100,300,100,0,0,100,37200,22400,12300,1600,900
"hh_with_children","percentiles_96_99",1982,.8,3.3,1.3,1.9,0,232900,232000,160600,0,4400,5400,200,800,22900,10800,1400,10100,2700,5800,2500,4400,900,700,100,100,0,200,100,0,0,100,56200,39900,11900,3300,1100
"hh_with_children","second_quintile",1982,7.2,30,14.9,14.7,.3,41200,38400,30200,0,1800,1900,100,200,1200,200,0,800,100,100,100,1500,2900,1200,200,1200,200,2200,600,500,200,900,6800,1900,4200,300,500
"hh_with_children","top_1_percent",1982,.2,.9,.4,.5,0,696900,695700,319600,0,4500,5400,200,1600,60000,175600,13200,36500,14000,33700,23500,8000,1200,800,100,100,200,400,200,0,0,200,173800,134600,12000,25100,2100
"hh_with_children","all_quintiles",1983,33.2,133.5,63.3,68.9,1.3,72600,70500,54100,0,2600,3000,200,400,2500,2700,200,1800,400,600,600,1300,2200,1000,200,700,200,2700,700,600,200,1200,15400,7200,6500,1000,700
"hh_with_children","fourth_quintile",1983,7,28.1,12.2,15.7,.2,92300,91000,74600,0,3700,4500,200,500,2100,700,0,1700,200,400,300,1900,1300,600,100,500,100,200,100,0,0,100,20000,8900,9500,800,800
"hh_with_children","highest_quintile",1983,5.1,19.9,7.9,11.8,.1,183700,182700,125700,0,4600,5800,200,900,11500,15300,1300,6300,1600,3300,2800,3400,1000,500,100,300,100,200,0,0,0,100,43300,26300,12300,3700,1100
"hh_with_children","lowest_quintile",1983,6.1,24.1,13.3,10.4,.4,14000,10100,7700,0,400,500,100,100,200,200,0,300,100,0,100,600,3900,2200,500,1000,300,10700,2700,2300,600,5100,1500,-200,1100,100,400
"hh_with_children","middle_quintile",1983,7.5,30.6,14.5,15.9,.2,64300,62500,50500,0,2900,3200,200,400,1700,400,0,1100,200,200,200,1800,1800,800,200,700,200,500,100,100,100,200,12600,4700,6700,500,700
"hh_with_children","percentiles_81_90",1983,2.9,11.2,4.4,6.7,.1,125100,124100,99700,0,4400,5600,200,700,4000,1700,100,3300,500,800,600,2400,1000,500,100,400,100,200,0,0,0,100,28300,14300,11700,1400,900
"hh_with_children","percentiles_91_95",1983,1.1,4.4,1.7,2.6,0,160900,160100,123000,0,4700,6100,200,900,8000,4300,400,4900,1100,1700,1200,3600,800,400,100,200,100,200,100,0,0,100,37200,20900,13100,2100,1100
"hh_with_children","percentiles_96_99",1983,.8,3.4,1.4,2,0,239100,238100,158200,0,5000,5900,200,1100,23900,15900,2100,9400,2700,4900,3500,5600,1000,700,100,200,100,200,0,0,0,100,55500,36700,12900,4600,1300
"hh_with_children","second_quintile",1983,7.2,29.6,14.7,14.6,.3,40000,37300,29100,0,1800,1900,100,200,1400,300,0,800,100,100,100,1300,2700,1100,200,1100,200,1800,500,500,100,800,6600,1600,4100,300,600
"hh_with_children","top_1_percent",1983,.2,.9,.4,.5,0,813200,811800,340600,0,5100,5900,200,2300,77000,234500,17800,38700,13400,35000,34100,7100,1400,900,200,100,200,600,200,100,0,400,213500,160700,13100,36400,3300
"hh_with_children","all_quintiles",1984,33.4,133.5,63.2,68.9,1.4,78200,76300,57800,300,2600,3400,200,500,3400,2800,300,2000,400,600,700,1500,1800,1000,200,400,200,2600,700,500,200,1200,16900,7700,7200,1200,800
"hh_with_children","fourth_quintile",1984,7.1,28.3,12.5,15.6,.2,97800,96600,78100,500,3700,4900,200,600,2800,600,100,1900,300,400,400,2100,1200,600,100,300,100,300,100,0,0,200,21400,9100,10400,1000,900
"hh_with_children","highest_quintile",1984,5.2,20.4,8.2,12,.2,198900,197700,133100,900,4400,6300,200,1100,15400,15900,1500,7100,1600,2800,3200,4100,1100,700,200,200,100,200,100,0,0,100,46800,27600,13600,4300,1400
"hh_with_children","lowest_quintile",1984,6.1,23.5,12.7,10.4,.4,15300,12100,9300,0,400,600,100,100,300,100,0,300,100,0,100,700,3200,2000,500,400,300,10100,2600,2000,700,4800,2000,-100,1400,100,500
"hh_with_children","middle_quintile",1984,7.5,30.5,14.5,15.8,.2,68000,66500,53200,200,2900,3400,200,400,2200,400,0,1100,200,200,200,1800,1500,700,200,500,100,600,200,100,100,300,13800,4900,7400,700,700
"hh_with_children","percentiles_81_90",1984,2.9,11.2,4.5,6.6,.1,133200,132000,104200,800,4300,6100,200,800,5500,1600,200,3400,700,800,700,2700,1200,700,200,300,100,200,100,0,0,100,30200,14700,12900,1600,1100
"hh_with_children","percentiles_91_95",1984,1.2,4.6,1.8,2.8,0,171200,170300,125700,1000,4600,6700,200,1000,11800,4200,500,5400,900,2000,1400,4800,900,600,100,200,0,200,0,0,0,100,39200,21000,14400,2500,1300
"hh_with_children","percentiles_96_99",1984,.9,3.6,1.5,2.1,0,255200,254000,167100,1000,4600,6300,200,1300,30300,15700,1900,9400,2600,4400,3800,5400,1200,800,200,200,100,200,100,0,0,100,59200,38100,14300,5100,1600
"hh_with_children","second_quintile",1984,7.2,29.5,14.7,14.5,.3,42800,40600,31800,100,1800,2100,100,300,1500,200,0,800,100,100,100,1600,2100,1000,200,700,200,2100,600,500,100,900,7600,1900,4600,400,700
"hh_with_children","top_1_percent",1984,.2,1,.4,.6,0,891200,890000,381300,900,4700,6400,200,2900,94100,239700,21200,50200,12600,25200,38800,11900,1200,800,200,100,100,500,200,100,0,300,231500,171100,14500,41700,4200
"hh_with_children","all_quintiles",1985,34,135.6,64.2,70,1.4,77600,75700,57400,500,2700,3500,200,400,3000,3100,300,1900,400,600,600,1300,1900,1000,300,400,200,2700,700,500,200,1300,16700,7500,7400,1000,800
"hh_with_children","fourth_quintile",1985,7.2,28.6,12.4,16,.2,97700,96600,77800,700,3900,5100,200,600,2600,700,100,1900,200,300,300,2200,1100,500,100,300,100,300,100,0,0,100,21500,9000,10700,900,900
"hh_with_children","highest_quintile",1985,5.3,20.5,8.3,12,.1,196300,195400,132500,1400,4700,6500,200,1000,13200,17900,1600,6200,1400,2600,2800,3500,900,500,100,200,100,200,100,0,0,100,45800,26700,13900,3800,1300
"hh_with_children","lowest_quintile",1985,6.4,24.4,13.4,10.5,.4,15000,11400,8600,0,400,600,100,100,400,100,0,300,100,0,0,700,3600,2300,500,400,300,10500,2700,2000,700,5000,1800,-200,1400,100,500
"hh_with_children","middle_quintile",1985,7.6,31,14.6,16.1,.3,68700,67100,53700,400,3000,3600,200,400,1800,300,0,1100,200,200,200,1900,1500,700,200,500,200,500,200,100,100,200,13900,4900,7700,600,700
"hh_with_children","percentiles_81_90",1985,2.9,11.3,4.6,6.6,.1,132900,132100,105000,1300,4500,6300,200,800,4500,1800,200,2900,600,700,600,2800,900,400,100,300,100,200,100,0,0,100,30500,14800,13300,1400,1000
"hh_with_children","percentiles_91_95",1985,1.2,4.8,1.9,2.8,0,172400,171600,129600,1500,4900,6800,200,1000,9700,5100,700,4700,800,1600,1300,3900,800,500,100,200,100,200,0,0,0,100,39500,21600,14500,2200,1200
"hh_with_children","percentiles_96_99",1985,.9,3.4,1.4,2,0,258500,257400,169400,1500,5200,6700,200,1200,27000,18700,2600,9500,2400,4200,3600,5000,1200,600,100,200,200,300,100,0,0,200,58900,37700,14900,4900,1600
"hh_with_children","second_quintile",1985,7.3,29.9,14.8,14.7,.3,42800,40600,31300,100,1900,2100,100,200,1700,300,0,800,200,100,100,1500,2200,1100,300,600,200,1900,500,400,100,800,7500,1800,4700,400,600
"hh_with_children","top_1_percent",1985,.2,.9,.4,.5,0,891900,891200,357500,1300,5100,6400,200,2500,89400,288800,20100,42100,11000,25800,36400,4700,700,500,100,100,100,700,200,100,0,400,222800,164600,14600,38900,4700
"hh_with_children","all_quintiles",1986,34.4,136.6,64.4,70.8,1.4,83300,81300,58300,500,2700,3600,200,500,3600,6500,400,1700,300,800,700,1500,1900,1000,300,400,200,2700,800,500,200,1300,18100,8500,7700,1200,800
"hh_with_children","fourth_quintile",1986,7.3,28.8,12.5,16.2,.2,100700,99700,79900,900,3900,5300,200,700,2500,1100,100,1600,200,400,300,2600,1000,400,100,300,100,300,100,0,0,200,22400,9400,11200,1000,800
"hh_with_children","highest_quintile",1986,5.3,20.7,8.3,12.2,.1,228200,227200,137000,1500,4800,6800,200,1100,15400,38900,2300,5700,1300,4400,3700,4000,1000,500,100,200,200,200,0,0,0,100,53400,32600,14600,4800,1300
"hh_with_children","lowest_quintile",1986,6.6,25.1,13.7,10.9,.5,14600,11100,8300,0,400,600,100,100,400,100,0,300,100,0,0,700,3500,2000,600,500,400,10500,2900,1900,700,5000,1700,-200,1300,100,400
"hh_with_children","middle_quintile",1986,7.6,30.8,14.5,16.1,.3,70000,68400,54400,400,3000,3700,200,400,2400,500,0,1000,100,200,200,1900,1700,700,200,500,200,600,200,100,100,200,14300,5000,8000,600,700
"hh_with_children","percentiles_81_90",1986,2.9,11.5,4.6,6.8,.1,139000,137900,108000,1400,4600,6700,200,900,5500,2600,200,2700,400,800,600,3400,1000,500,100,300,200,200,0,0,0,100,32100,15400,14200,1500,1000
"hh_with_children","percentiles_91_95",1986,1.2,4.6,1.8,2.7,0,179800,179000,131100,1600,4800,7100,200,1000,12700,7200,800,4400,700,1900,1300,4200,800,400,100,200,100,100,0,0,0,100,41700,22900,15300,2300,1200
"hh_with_children","percentiles_96_99",1986,.9,3.6,1.5,2.1,0,284100,283300,178700,1700,5300,6800,200,1400,31300,29600,3100,8100,3300,4200,3700,5900,800,500,100,200,0,300,100,0,0,200,65500,43600,15200,5100,1600
"hh_with_children","second_quintile",1986,7.4,30.2,14.9,15,.3,43200,40800,31100,100,1900,2200,100,300,1900,300,0,700,100,100,100,1800,2500,1200,300,700,300,2000,600,400,100,900,7600,1800,4800,400,600
"hh_with_children","top_1_percent",1986,.2,1,.4,.5,0,1399600,1398200,375300,1400,4700,6600,200,2800,93900,704500,33900,42400,9200,64200,56600,2500,1400,600,100,100,500,800,200,100,100,300,338300,259700,14800,59400,4500
"hh_with_children","all_quintiles",1987,34.5,137.2,65.2,70.5,1.4,80700,78900,58800,600,3000,3600,100,600,4300,2500,200,1900,400,700,800,1300,1800,1000,300,400,200,2800,900,500,200,1200,17900,8000,7700,1400,800
"hh_with_children","fourth_quintile",1987,7.3,28.8,12.5,16,.2,102300,101100,80100,1000,4300,5400,200,800,3300,600,100,1600,300,500,500,2500,1200,600,100,300,100,300,100,0,0,100,22000,8500,11400,1300,900
"hh_with_children","highest_quintile",1987,5.3,20.7,8.2,12.3,.2,216200,215200,144700,1700,5200,7000,200,1400,19100,14100,1400,7200,1500,3200,4000,4400,1000,500,200,200,100,200,100,0,0,100,55000,33100,15100,5400,1300
"hh_with_children","lowest_quintile",1987,6.8,26.3,14.8,11.1,.5,12500,9300,6500,0,500,400,0,100,700,100,0,200,100,0,100,700,3200,2000,600,300,300,11200,3400,2000,800,5000,1200,-300,1100,100,400
"hh_with_children","middle_quintile",1987,7.7,30.9,14.5,16.1,.2,69700,68300,53800,400,3400,3700,200,500,2300,400,0,1000,200,200,300,1900,1400,700,200,400,200,500,200,0,100,200,13800,4400,7900,800,700
"hh_with_children","percentiles_81_90",1987,2.9,11.4,4.5,6.7,.1,141000,140100,109100,1600,4900,6800,200,1100,6000,1600,200,2700,500,1000,900,3500,900,500,100,200,100,200,0,0,0,100,32600,15300,14300,2000,1100
"hh_with_children","percentiles_91_95",1987,1.2,4.6,1.8,2.8,0,184100,183100,137100,1900,5300,7500,200,1300,11000,4200,500,4600,800,2000,1800,4800,1000,600,200,200,100,200,0,0,0,100,44700,24100,16100,3200,1300
"hh_with_children","percentiles_96_99",1987,.9,3.7,1.5,2.2,0,278400,277300,178500,1900,5900,7100,200,1700,34900,16400,2200,10200,2900,4900,5400,5200,1100,700,200,100,100,300,100,0,0,100,71000,46600,15800,7100,1600
"hh_with_children","second_quintile",1987,7.2,29.6,14.7,14.6,.3,42100,40100,30300,100,2100,2100,100,300,2100,200,0,700,100,100,200,1500,2000,1000,200,500,200,1700,600,300,100,700,7000,1200,4700,500,600
"hh_with_children","top_1_percent",1987,.3,1.1,.4,.6,0,994000,992700,462500,1700,6600,7700,200,4200,146900,194000,16700,58100,11900,27500,44500,10300,1300,800,300,100,200,600,200,100,100,300,297900,228100,17200,48700,3900
"hh_with_children","all_quintiles",1988,34.8,137.2,65.1,70.7,1.4,83000,81100,59500,700,3100,3700,100,600,5000,2500,200,1900,400,700,800,1800,1900,1000,300,300,300,2800,900,500,200,1200,18400,8200,8100,1400,700
"hh_with_children","fourth_quintile",1988,7.3,28.5,12.3,16,.2,103200,102100,80100,1200,4500,5600,200,800,3400,500,100,1600,300,400,400,2900,1000,500,100,300,200,300,100,0,0,100,22700,8700,11900,1200,900
"hh_with_children","highest_quintile",1988,5.3,20.6,8.3,12.2,.1,226600,225700,148800,2000,5700,7300,200,1500,23300,14500,1200,7100,1400,3400,4000,5500,900,400,100,100,200,200,100,0,0,100,56800,34200,15700,5400,1300
"hh_with_children","lowest_quintile",1988,6.8,26.5,14.9,11.2,.5,13700,9800,6800,0,400,500,0,100,600,100,0,300,0,0,100,800,3900,2300,700,300,600,11100,3400,2000,800,4900,1200,-500,1200,100,400
"hh_with_children","middle_quintile",1988,7.8,31.3,14.8,16.3,.2,71200,69700,54400,500,3500,3900,200,600,2400,300,0,1000,200,200,300,2200,1500,700,200,400,200,600,300,100,100,200,14500,4500,8400,800,700
"hh_with_children","percentiles_81_90",1988,2.9,11.4,4.6,6.7,.1,143100,142200,110500,1900,5300,7100,200,1100,5900,1400,200,2700,400,900,900,3800,900,400,100,200,200,200,100,0,0,100,33400,15500,14900,2000,1100
"hh_with_children","percentiles_91_95",1988,1.2,4.6,1.8,2.7,0,186800,186000,137100,2300,5800,7800,200,1400,13700,3200,400,4600,800,1900,1600,5300,800,400,100,100,100,200,100,0,0,100,45100,24100,16700,3000,1300
"hh_with_children","percentiles_96_99",1988,.9,3.7,1.5,2.1,0,290800,289900,185700,2100,6300,7400,200,1800,41000,14600,1700,9900,2500,4700,4900,7200,900,400,200,100,200,300,100,0,0,100,73100,48100,16700,6600,1600
"hh_with_children","second_quintile",1988,7.4,29.4,14.4,14.6,.3,42300,40300,29800,200,2100,2200,100,300,2300,100,0,700,100,200,200,2000,1900,900,300,400,300,1700,600,300,100,700,7000,1000,4900,500,600
"hh_with_children","top_1_percent",1988,.2,1,.4,.6,0,1210600,1209800,538600,1800,7100,7500,200,4900,217200,233700,15400,63900,11200,35500,50900,21800,800,400,200,0,200,300,100,100,0,100,340300,263400,17100,55800,3900
"hh_with_children","all_quintiles",1989,34.8,138.4,65.7,71.3,1.4,85300,83300,60500,800,3200,3800,100,600,5300,2500,300,2200,400,800,900,1900,1900,1100,300,300,300,2900,1000,500,200,1200,18700,8300,8300,1400,700
"hh_with_children","fourth_quintile",1989,7.3,28.8,12.5,16.1,.2,104700,103500,81000,1300,4700,5700,200,800,3600,500,0,1700,300,400,400,2900,1200,600,100,300,200,300,100,0,0,100,23100,8900,12100,1200,800
"hh_with_children","highest_quintile",1989,5.4,21,8.5,12.3,.1,231400,230400,149400,2200,5700,7500,200,1400,24400,13800,1500,8900,1600,3900,4200,5800,1000,500,100,200,200,300,100,0,0,100,57700,34800,16100,5600,1300
"hh_with_children","lowest_quintile",1989,6.7,26.8,15,11.3,.5,14800,11000,7800,0,400,600,100,100,700,100,0,300,100,100,100,900,3700,2100,700,300,600,11600,3700,2100,800,5000,1200,-600,1400,100,400
"hh_with_children","middle_quintile",1989,7.8,31.1,14.6,16.3,.2,72100,70600,55000,600,3600,4000,200,500,2500,300,0,1000,200,300,300,2200,1500,800,200,300,200,600,200,100,100,200,14600,4600,8500,800,700
"hh_with_children","percentiles_81_90",1989,2.9,11.4,4.6,6.7,.1,145300,144300,111000,2000,5300,7200,200,1100,6300,1500,200,3100,500,1000,900,3900,1000,500,100,200,100,300,100,0,0,100,34100,15900,15200,2000,1000
"hh_with_children","percentiles_91_95",1989,1.2,4.8,1.9,2.8,0,190700,189600,137200,2500,5700,7800,200,1300,14100,4100,600,5500,1000,1800,1800,6000,1000,500,100,100,300,300,100,0,0,100,45500,24400,16700,3100,1200
"hh_with_children","percentiles_96_99",1989,1,3.7,1.6,2.2,0,291000,290300,187000,2500,6300,7800,200,1700,38900,12400,2200,11400,2600,5000,4700,7700,700,400,100,100,100,200,100,0,0,100,73100,47900,17300,6400,1400
"hh_with_children","second_quintile",1989,7.4,29.9,14.7,14.9,.3,43100,40900,30100,200,2100,2200,100,300,2500,200,0,700,200,100,200,2000,2200,1200,300,400,300,2000,800,300,200,800,6700,700,4900,500,600
"hh_with_children","top_1_percent",1989,.3,1.1,.4,.6,0,1158900,1158100,495100,2100,7300,7900,200,4400,219600,200900,17700,80100,13500,41000,49200,19200,800,500,100,100,200,500,200,0,100,200,319600,244800,18000,53600,3100
"hh_with_children","all_quintiles",1990,35,140.2,67.1,71.7,1.5,83600,81600,60200,800,3300,3900,100,500,5000,1700,200,2000,400,700,700,2000,1900,900,300,400,300,3400,1200,600,300,1300,18500,8000,8500,1300,700
"hh_with_children","fourth_quintile",1990,7.3,29,12.7,16.1,.2,104600,103400,80500,1300,4800,5800,200,700,3500,500,100,1700,300,500,400,3100,1200,600,200,300,200,400,200,0,100,100,23200,8900,12300,1200,800
"hh_with_children","highest_quintile",1990,5.4,21.2,8.8,12.2,.2,219300,218300,146600,2300,6000,7600,200,1300,22900,9500,1100,7300,1400,3000,3400,5600,1000,500,200,200,200,300,100,0,0,100,54400,31900,16500,4700,1300
"hh_with_children","lowest_quintile",1990,6.6,26.7,15.2,11.1,.5,15000,11700,8500,0,400,600,100,100,700,0,0,300,100,100,100,800,3400,1800,800,300,500,13200,4600,2300,900,5400,1400,-600,1500,100,400
"hh_with_children","middle_quintile",1990,7.8,31.8,15,16.5,.3,72300,70700,55000,600,3600,4100,200,500,2400,100,0,1000,200,300,200,2500,1600,700,200,400,200,700,300,100,100,200,14800,4600,8700,700,700
"hh_with_children","percentiles_81_90",1990,2.9,11.5,4.8,6.7,.1,144200,143200,110400,2100,5500,7400,200,1000,5700,1300,200,3000,500,900,900,4200,1000,400,200,200,200,300,100,0,0,100,34000,15600,15500,1900,1000
"hh_with_children","percentiles_91_95",1990,1.2,4.9,2,2.8,0,189000,188100,136900,2500,6300,8100,200,1200,15300,2300,400,4900,900,1700,1500,5800,900,400,200,200,100,200,100,0,0,100,45200,23600,17600,2700,1200
"hh_with_children","percentiles_96_99",1990,1,3.8,1.6,2.1,0,290000,289000,186200,2400,6600,7700,200,1600,42700,10500,2000,10500,2600,4800,4600,6600,1000,500,200,100,200,300,100,0,0,100,72800,47400,17500,6200,1600
"hh_with_children","second_quintile",1990,7.7,30.7,15,15.4,.3,44100,41800,31500,200,2100,2400,100,300,2200,100,0,600,100,100,100,1900,2300,1100,300,500,400,2400,1000,400,200,800,7400,1200,5200,400,600
"hh_with_children","top_1_percent",1990,.3,1,.5,.6,0,973200,971900,463300,2100,7800,8000,200,3800,186500,136400,12600,57800,11000,27300,38500,16600,1300,700,200,100,400,500,200,100,0,200,267800,203800,18500,42400,3200
"hh_with_children","all_quintiles",1991,35.4,140.9,67.2,72.2,1.4,82500,80400,59500,800,3200,3900,100,500,4800,1600,300,1800,400,700,700,2000,2200,1000,300,500,300,3800,1400,700,300,1400,18400,7800,8600,1200,800
"hh_with_children","fourth_quintile",1991,7.4,29.2,12.8,16.2,.2,103000,101700,80300,1300,4600,5900,200,700,2800,400,100,1500,300,400,400,3000,1300,600,200,400,200,500,200,0,100,100,22800,8500,12300,1100,1000
"hh_with_children","highest_quintile",1991,5.6,21.8,9,12.6,.2,216000,214900,143900,2400,5900,7800,200,1200,23300,8400,1600,7000,1500,3200,3300,5500,1100,500,200,200,100,400,200,0,0,200,55100,31700,17500,4500,1400
"hh_with_children","lowest_quintile",1991,6.7,26.8,15,11.4,.5,15400,11600,8600,0,400,600,100,100,600,100,0,300,100,100,100,700,3800,2000,700,600,500,14100,5000,2600,900,5500,1300,-800,1500,100,500
"hh_with_children","middle_quintile",1991,7.8,31.2,14.7,16.3,.3,70600,68700,53400,600,3500,4000,100,500,2100,200,0,1000,200,200,200,2600,1900,800,200,600,200,900,400,100,100,300,14300,4400,8400,700,800
"hh_with_children","percentiles_81_90",1991,3.1,11.9,4.9,6.9,.1,142200,141000,108600,2200,5500,7500,200,900,6200,1300,200,2500,400,800,800,4000,1100,500,200,300,200,400,200,0,0,200,33800,15200,15800,1700,1100
"hh_with_children","percentiles_91_95",1991,1.3,5.1,2.1,3,0,186300,185300,135600,2600,6100,8300,200,1100,14200,2400,600,4600,1100,1900,1500,5100,1000,500,200,200,100,300,100,0,0,200,45500,23300,18200,2700,1300
"hh_with_children","percentiles_96_99",1991,.9,3.8,1.6,2.1,0,285300,284500,183300,2600,6600,8200,200,1500,43500,8600,2200,9700,2700,4500,4100,6700,800,400,100,100,100,500,200,0,100,200,73900,46100,20400,5600,1800
"hh_with_children","second_quintile",1991,7.7,30.9,15.2,15.4,.3,42800,40200,30200,200,2000,2300,100,300,2000,200,0,500,100,100,100,2000,2600,1100,300,800,400,3100,1300,600,300,1000,6900,900,5000,400,600
"hh_with_children","top_1_percent",1991,.3,1.1,.5,.6,0,980900,979700,457100,2400,7300,7100,100,3500,196000,121400,19800,61500,11300,31900,39000,21400,1200,700,200,200,200,700,300,100,100,200,285400,216100,23100,42400,3800
"hh_with_children","all_quintiles",1992,36.1,142.8,68.4,72.8,1.5,83600,81100,59600,1000,3600,4000,100,500,5300,1700,300,1300,400,600,800,2000,2400,1100,400,700,300,4100,1700,700,400,1400,18500,7800,8500,1300,900
"hh_with_children","fourth_quintile",1992,7.5,29.6,13.2,16.2,.2,103800,102200,79600,1600,5200,5800,200,700,3300,400,100,1100,300,400,400,3100,1600,700,200,500,100,600,300,100,100,200,22700,8300,12300,1100,1000
"hh_with_children","highest_quintile",1992,5.7,22.1,9.3,12.7,.2,221900,220700,148500,2900,6600,8200,200,1300,24200,9100,1400,4800,1600,2800,3600,5500,1100,500,200,300,100,400,200,0,100,100,56900,33000,17500,5000,1400
"hh_with_children","lowest_quintile",1992,6.8,27.5,15.4,11.6,.5,15700,11400,8500,0,400,600,100,100,600,0,0,200,100,0,100,700,4300,2200,900,900,400,14700,5600,2700,1200,5200,1200,-900,1500,100,500
"hh_with_children","middle_quintile",1992,8,31.7,15,16.4,.3,70200,68200,52100,700,3900,3900,100,500,2500,300,0,700,200,200,200,2800,2000,900,300,700,200,1200,600,200,100,300,13900,4100,8300,700,800
"hh_with_children","percentiles_81_90",1992,3.1,12.2,5.1,7,.1,143300,142000,109100,2600,6200,7600,200,1000,5900,1100,200,1700,500,800,800,4300,1300,600,200,400,200,500,200,0,100,100,33800,14900,15900,1800,1200
"hh_with_children","percentiles_91_95",1992,1.3,5,2.1,2.9,0,187800,187100,137200,3300,7100,8500,200,1200,14600,2500,400,3000,900,1400,1500,5400,800,400,100,200,0,400,200,0,100,100,45800,23400,18300,2700,1400
"hh_with_children","percentiles_96_99",1992,1,4,1.7,2.3,0,292500,291400,190700,3300,7400,9200,200,1700,44000,8800,2100,6700,2800,3900,4400,6300,1100,500,200,200,200,400,200,0,0,100,76000,47700,20400,6000,1800
"hh_with_children","second_quintile",1992,8,31.2,15.2,15.6,.4,41700,38700,28900,200,2100,2200,100,300,1900,100,0,400,100,100,100,2000,3000,1300,400,900,300,3800,1600,700,400,1100,6400,500,4800,400,700
"hh_with_children","top_1_percent",1992,.3,1,.4,.6,0,1079600,1078200,523100,2800,7200,9400,100,4300,218600,142000,18100,44500,12900,29800,47000,18400,1300,900,400,100,0,400,200,0,0,100,320900,244400,21200,51300,4000
"hh_with_children","all_quintiles",1993,37.2,147.8,71.1,75,1.7,84700,82300,60100,1100,3900,4000,100,600,5200,2000,300,1100,400,600,900,1900,2400,1200,400,600,300,4400,1800,700,400,1400,19300,8200,8600,1600,900
"hh_with_children","fourth_quintile",1993,7.7,30.5,13.7,16.6,.2,104700,103100,79900,1700,5900,5900,200,900,3100,600,0,800,300,400,400,3200,1600,700,200,500,200,500,300,100,100,200,23000,8400,12300,1300,1000
"hh_with_children","highest_quintile",1993,6,23.3,9.8,13.3,.2,224700,223700,148600,3100,7400,8000,200,1500,24400,10800,1500,4100,1700,2800,4500,5200,1000,500,200,200,100,400,200,0,100,100,60700,35300,17900,6000,1500
"hh_with_children","lowest_quintile",1993,6.8,28,15.7,11.7,.6,16000,11600,8400,0,400,600,100,100,900,0,0,100,100,0,100,800,4400,2300,1000,700,400,15800,6100,2700,1300,5700,1200,-1000,1500,200,600
"hh_with_children","middle_quintile",1993,8.3,33.1,15.6,17.2,.3,70400,68300,52500,800,4300,3900,100,600,2000,300,0,500,200,200,200,2700,2000,900,300,700,300,1400,600,200,200,400,14000,4000,8300,800,800
"hh_with_children","percentiles_81_90",1993,3.2,12.6,5.3,7.2,.1,144200,143100,109200,2700,7000,7500,200,1200,6300,1100,200,1400,500,800,800,4300,1100,500,200,200,100,400,200,0,100,100,34000,15000,15800,2000,1200
"hh_with_children","percentiles_91_95",1993,1.4,5.3,2.2,3,0,189200,188300,137300,3300,7700,8500,200,1400,14100,3400,700,2300,1200,1600,1900,4700,900,400,200,300,100,300,100,0,0,100,47200,23700,18700,3400,1400
"hh_with_children","percentiles_96_99",1993,1.1,4.3,1.8,2.4,0,292000,290800,188800,3900,8200,9000,200,1900,43600,9500,2100,5500,2700,4000,5000,6600,1100,700,200,200,100,400,200,0,100,100,79100,48700,21700,6900,1800
"hh_with_children","second_quintile",1993,8.2,32.1,15.9,15.9,.4,41600,38700,28700,200,2200,2200,100,300,1900,200,0,300,200,100,200,2100,2900,1400,400,800,300,4200,1900,800,400,1100,6400,400,4700,500,700
"hh_with_children","top_1_percent",1993,.3,1.1,.5,.6,0,1089700,1088900,512000,3200,7900,7900,100,4900,212900,167700,17700,39200,14700,28300,58100,14400,800,400,200,100,100,700,300,100,100,200,371000,279600,24400,63000,3900
"hh_with_children","all_quintiles",1994,37.5,148.9,71.5,75.9,1.6,86500,84300,60900,1200,4300,4100,100,700,5700,1800,300,1000,400,600,1000,2200,2200,1100,400,400,200,4400,1800,700,400,1500,19800,8200,8900,1700,1000
"hh_with_children","fourth_quintile",1994,7.8,30.7,13.6,16.9,.2,106500,105200,81200,1900,6200,6000,200,900,3300,500,100,700,300,400,500,3100,1300,600,200,300,100,700,300,100,100,200,23600,8500,12600,1400,1100
"hh_with_children","highest_quintile",1994,6.1,23.7,10,13.5,.2,228500,227300,149900,3300,8100,8400,200,1600,25600,9800,1400,3800,1700,2700,4700,5900,1200,700,200,200,100,500,200,0,100,100,62800,36000,18800,6300,1600
"hh_with_children","lowest_quintile",1994,6.8,28.1,15.9,11.7,.5,15500,11400,8100,0,500,600,100,100,900,0,0,100,100,100,100,800,4000,2300,900,400,400,16000,5900,2800,1600,5700,800,-1400,1400,200,600
"hh_with_children","middle_quintile",1994,8.4,33.1,15.6,17.2,.3,71400,69600,52700,900,4500,4000,100,600,2400,300,0,500,300,200,300,2900,1800,800,300,500,200,1300,700,200,100,400,14300,4000,8500,900,900
"hh_with_children","percentiles_81_90",1994,3.3,12.8,5.4,7.3,.1,147000,145800,110900,3000,7400,7700,200,1300,5900,1200,200,1300,500,700,1000,4400,1300,700,200,300,100,400,200,0,100,100,35100,15300,16300,2200,1300
"hh_with_children","percentiles_91_95",1994,1.4,5.5,2.2,3.2,.1,192800,191700,138900,3600,8600,8600,200,1600,13900,2500,500,2400,1100,1700,1900,6300,1100,600,200,200,100,400,300,0,100,100,48100,24400,18700,3500,1600
"hh_with_children","percentiles_96_99",1994,1.1,4.3,1.9,2.4,0,297300,296000,191200,3800,9200,9400,200,2100,46000,8900,1800,4800,2800,3700,5200,7100,1300,800,300,200,100,500,300,0,0,100,81900,50000,22700,7300,1900
"hh_with_children","second_quintile",1994,8.2,32.5,15.9,16.2,.4,42100,39600,29200,300,2500,2200,100,300,2000,100,0,300,200,100,200,2100,2500,1200,400,500,300,4200,1800,800,400,1200,6000,-100,4800,500,800
"hh_with_children","top_1_percent",1994,.3,1.2,.6,.6,0,1059100,1058200,487600,3300,9400,12000,100,5000,227500,145500,17400,34900,13500,26600,58300,17000,900,400,100,100,300,500,300,0,100,100,372500,272100,33400,63200,3800
"hh_with_children","all_quintiles",1995,37.4,148.7,71.3,75.7,1.6,92000,89700,63700,1400,4500,4300,100,800,6200,2400,300,1300,500,800,1200,2300,2300,1200,500,400,200,4500,1900,700,500,1400,21200,9100,9300,2000,1000
"hh_with_children","fourth_quintile",1995,7.7,30.4,13.7,16.5,.3,109100,107600,82100,2200,6400,6100,200,1000,3200,600,100,800,300,400,500,3500,1600,700,300,400,200,700,300,100,100,200,24200,8700,12900,1600,1100
"hh_with_children","highest_quintile",1995,6.2,24.4,10.3,13.8,.2,245300,244000,157300,3900,8300,8800,200,1900,28000,12400,1500,5000,1800,3500,5600,5700,1300,700,300,200,100,500,300,0,100,100,68700,40400,19300,7500,1600
"hh_with_children","lowest_quintile",1995,6.8,27.2,15.2,11.6,.4,17300,13200,9500,100,500,700,100,100,1000,0,0,100,100,100,100,800,4100,2400,1100,400,300,16100,6200,2700,1600,5700,400,-2000,1700,200,600
"hh_with_children","middle_quintile",1995,8.3,33,15.6,17.1,.3,73900,72000,54200,1000,4800,4100,100,700,2300,300,0,500,200,300,300,3100,1900,900,400,500,200,1500,800,200,200,400,14800,4200,8700,1000,900
"hh_with_children","percentiles_81_90",1995,3.4,13.3,5.5,7.6,.1,152200,150700,113100,3600,7800,8000,200,1400,6500,1400,200,1600,600,900,1100,4500,1500,700,400,300,100,500,300,0,100,100,36700,16000,16900,2500,1300
"hh_with_children","percentiles_91_95",1995,1.4,5.5,2.3,3.1,0,201200,200200,144600,4600,8400,9200,200,1700,15500,2600,300,2700,1200,1600,1900,5500,1100,500,200,200,100,400,300,0,100,100,51100,25900,20000,3700,1500
"hh_with_children","percentiles_96_99",1995,1.1,4.4,1.9,2.4,0,313300,312200,202200,4100,9200,9500,100,2400,47100,10400,2100,6000,2900,4500,6000,5600,1100,600,200,200,100,500,300,0,100,100,86900,54800,21900,8300,1800
"hh_with_children","second_quintile",1995,8.3,33.1,16.3,16.4,.4,44400,41900,30900,300,2700,2300,100,400,2000,200,0,300,100,200,200,2000,2600,1400,500,500,300,4100,1900,700,500,1100,6400,-100,5100,600,800
"hh_with_children","top_1_percent",1995,.3,1.2,.6,.6,0,1251900,1250400,548100,3400,11600,13900,100,6100,258000,191500,20500,51800,14100,37200,73700,20400,1500,700,700,100,0,1000,600,100,100,200,446000,329300,33200,79700,3800
"hh_with_children","all_quintiles",1996,38,150.3,72,76.7,1.7,93100,90800,63800,1600,4300,4300,100,800,6300,3100,200,1200,500,800,1200,2600,2300,1200,500,400,200,4200,1800,700,500,1300,21400,9300,9300,2000,900
"hh_with_children","fourth_quintile",1996,7.8,30.9,13.8,16.8,.2,111000,109600,83200,2600,6200,6300,100,1100,3300,700,0,800,300,500,500,3900,1400,700,300,300,200,600,300,0,100,100,24600,8900,13200,1600,1000
"hh_with_children","highest_quintile",1996,6,23.6,10.1,13.3,.2,259800,258700,163100,4600,8100,9000,100,2000,29900,17500,1300,4900,1900,3700,5900,6700,1100,600,300,200,100,400,200,0,0,100,73100,44100,19700,7900,1400
"hh_with_children","lowest_quintile",1996,7.2,28.8,15.7,12.6,.5,18200,13900,10100,100,600,800,100,100,1100,0,0,200,100,0,100,700,4200,2400,1200,400,300,14600,5800,2400,1600,4900,400,-2100,1800,200,600
"hh_with_children","middle_quintile",1996,8.3,33.1,15.6,17.2,.3,74700,72800,54900,1200,4800,4200,100,700,2300,400,0,600,200,200,300,3000,1900,900,400,400,100,1300,600,200,200,300,15000,4200,8900,1000,800
"hh_with_children","percentiles_81_90",1996,3.2,12.5,5.3,7.1,.1,156000,155000,115100,4300,7500,8000,200,1500,7300,1800,200,1700,600,800,1100,5000,1000,500,200,200,100,400,200,0,100,100,37300,16500,17000,2500,1200
"hh_with_children","percentiles_91_95",1996,1.4,5.5,2.3,3.2,.1,206800,205500,147800,5200,8000,9300,100,1900,15300,3500,400,2700,1100,1900,2000,6200,1300,700,300,200,100,300,200,0,0,100,52400,27100,20100,3900,1400
"hh_with_children","percentiles_96_99",1996,1.1,4.4,1.9,2.4,.1,333000,331800,210700,4900,9100,9800,100,2500,50000,14500,1700,5900,3100,5500,6300,7700,1300,700,400,100,0,400,200,0,0,100,93600,60500,22700,8800,1600
"hh_with_children","second_quintile",1996,8.5,33.4,16.5,16.5,.4,44600,42100,30700,400,2700,2300,100,400,2100,200,0,400,100,100,200,2400,2600,1300,600,400,200,4100,1900,700,400,1100,6200,-200,5100,600,700
"hh_with_children","top_1_percent",1996,.3,1.2,.6,.6,0,1378700,1378000,582100,3900,10900,14600,100,6600,273600,270700,17600,46400,14300,37200,75900,24100,700,400,200,100,0,400,200,0,0,100,489000,368100,35100,82500,3300
"hh_with_children","all_quintiles",1997,38.2,150.9,72.4,76.7,1.7,98000,95600,66700,1700,4000,4500,100,800,6600,4300,300,1200,500,900,1300,2800,2300,1300,600,300,200,3900,1800,600,400,1100,22700,10100,9600,2100,900
"hh_with_children","fourth_quintile",1997,7.8,31,14,16.9,.2,113900,112700,85700,2700,5800,6400,100,1100,3500,1000,100,900,300,500,500,4000,1200,600,300,200,100,600,400,0,100,100,25500,9300,13600,1600,1000
"hh_with_children","highest_quintile",1997,6.2,24,10.2,13.5,.2,274800,273600,169800,4600,7300,9300,100,2100,30300,24100,1500,4900,1900,4300,6400,7100,1200,700,300,100,100,300,200,0,100,100,77700,47400,20300,8500,1500
"hh_with_children","lowest_quintile",1997,7.1,28.4,15.3,12.5,.6,20600,15600,11400,100,700,900,100,100,1300,100,0,100,100,100,100,700,5000,3000,1400,400,300,13400,5700,2000,1500,4200,500,-2400,2000,200,600
"hh_with_children","middle_quintile",1997,8.4,33.3,15.7,17.3,.3,76400,74600,56400,1300,4400,4300,100,700,2400,500,0,600,200,300,300,3300,1800,1000,300,300,200,1200,700,100,200,300,15400,4400,9100,1000,800
"hh_with_children","percentiles_81_90",1997,3.2,12.6,5.3,7.2,.1,159900,158900,118300,4300,6700,8300,200,1500,7200,2600,200,1500,600,1000,1100,5200,1000,500,200,200,100,300,200,0,100,100,38800,17400,17600,2600,1100
"hh_with_children","percentiles_91_95",1997,1.5,5.6,2.3,3.2,.1,215400,214000,151900,5100,7100,9500,100,1900,15600,5900,500,3000,1200,2500,2400,7200,1300,800,400,100,0,300,100,0,100,100,54800,28600,20500,4300,1500
"hh_with_children","percentiles_96_99",1997,1.2,4.5,2,2.5,.1,351600,350500,223300,4600,8700,10300,100,2700,50300,19100,1600,5900,3100,6200,6500,7900,1100,700,300,100,0,400,200,0,0,100,100100,65500,23600,9200,1800
"hh_with_children","second_quintile",1997,8.5,33.5,16.9,16.2,.4,46000,43500,32200,400,2500,2400,100,400,2200,200,0,300,100,100,200,2300,2500,1300,600,400,200,4000,2000,600,400,1000,6700,0,5400,600,700
"hh_with_children","top_1_percent",1997,.3,1.2,.6,.6,0,1503700,1501700,606400,3800,8800,15400,100,6900,271800,360800,19800,45800,15100,41200,81800,23900,2000,1700,300,0,0,300,200,0,0,100,520000,391400,36200,88700,3600
"hh_with_children","all_quintiles",1998,38,150.2,72,76.5,1.7,104600,102500,71100,1900,4000,4700,100,800,7200,5400,300,1300,500,900,1300,3100,2100,1200,500,300,200,4000,2000,500,400,1000,23800,10600,10200,2100,900
"hh_with_children","fourth_quintile",1998,7.7,30.6,13.5,16.8,.3,119000,117700,89200,3100,5700,6700,200,1000,3800,1200,0,900,400,500,500,4500,1300,700,300,200,100,600,400,0,100,100,25800,9000,14200,1500,1000
"hh_with_children","highest_quintile",1998,6.2,24.3,10.4,13.6,.2,298600,297700,183500,5000,7300,9900,100,2000,33400,30000,1600,5200,1800,4200,6300,7200,900,400,200,200,100,400,200,0,0,100,83700,52300,21500,8400,1500
"hh_with_children","lowest_quintile",1998,7.1,28,15.2,12.3,.5,22000,17800,13000,100,700,1000,100,100,1500,100,0,200,100,100,100,800,4200,2500,1200,400,200,13400,6200,1800,1400,3900,600,-2600,2300,200,600
"hh_with_children","middle_quintile",1998,8.3,33.1,15.6,17.1,.3,79900,78100,59300,1500,4400,4500,100,700,2500,500,0,600,200,200,300,3300,1800,900,400,300,200,1300,800,100,200,200,15300,3900,9600,1000,900
"hh_with_children","percentiles_81_90",1998,3.3,12.8,5.5,7.2,.1,167500,166500,124900,4800,6700,8800,200,1400,7500,2700,100,1500,500,900,900,5500,900,400,200,200,100,400,300,0,0,100,40300,18100,18600,2400,1200
"hh_with_children","percentiles_91_95",1998,1.4,5.6,2.4,3.2,0,226500,225700,162100,5700,7400,10000,200,1800,16700,6700,400,2700,1300,1900,2100,6700,800,300,200,100,100,300,200,0,0,100,57800,30900,21600,3900,1500
"hh_with_children","percentiles_96_99",1998,1.2,4.7,2.1,2.6,.1,376100,375100,237800,5100,8400,10900,100,2600,56100,22000,2000,6400,3300,6000,6200,8100,1000,600,300,100,0,400,300,0,100,100,106900,71500,24900,8800,1700
"hh_with_children","second_quintile",1998,8.5,33.6,16.8,16.3,.4,48200,45800,33900,500,2600,2600,100,400,2200,300,0,300,100,100,200,2500,2400,1300,600,400,200,4400,2500,500,500,1000,6500,-400,5600,500,700
"hh_with_children","top_1_percent",1998,.3,1.2,.6,.7,0,1746700,1745800,704700,4100,9800,17200,100,7300,303000,462200,20800,51900,12900,42000,84500,25300,900,500,300,100,0,500,300,0,100,100,581500,445900,40300,91800,3500
"hh_with_children","all_quintiles",1999,38,151.6,72,77.8,1.8,111600,109400,74600,2100,4000,4900,100,800,8000,6900,300,1300,500,1000,1400,3500,2100,1100,500,300,200,4000,2200,400,400,900,25900,12000,10600,2200,1100
"hh_with_children","fourth_quintile",1999,7.8,30.9,13.5,17.1,.3,122400,121100,91600,3400,5500,6900,100,1100,4000,1400,0,800,500,600,500,4800,1300,700,300,200,100,700,500,0,100,100,26500,9300,14500,1600,1200
"hh_with_children","highest_quintile",1999,6.3,24.7,10.6,13.9,.2,322400,321400,193300,5400,7100,10300,100,2100,35600,38500,1700,5200,1800,4700,7000,8600,1000,500,200,200,100,400,200,0,100,100,92100,58900,22400,9100,1800
"hh_with_children","lowest_quintile",1999,6.9,27.9,15.1,12.3,.5,23000,18900,13500,100,800,1000,100,200,2000,100,0,100,100,100,100,800,4200,2300,1200,400,300,13300,6600,1700,1400,3600,800,-2500,2400,200,700
"hh_with_children","middle_quintile",1999,8.4,33.8,15.8,17.6,.4,82800,81000,61300,1600,4300,4700,100,700,2700,700,0,500,200,300,300,3700,1800,900,400,300,200,1600,1100,100,200,300,15800,3900,9900,1000,1000
"hh_with_children","percentiles_81_90",1999,3.3,13,5.5,7.4,.1,173900,172700,128400,5200,6500,9100,200,1500,7700,3300,100,1400,500,1200,1000,6500,1100,600,200,200,200,400,300,0,100,100,42200,19100,19100,2500,1500
"hh_with_children","percentiles_91_95",1999,1.5,5.8,2.4,3.3,0,235800,234800,166000,6000,7400,10400,100,1900,16800,8700,400,2400,1400,2500,2300,8600,1000,500,200,200,100,400,200,0,100,100,61100,33100,22100,4100,1700
"hh_with_children","percentiles_96_99",1999,1.2,4.7,2.1,2.5,0,395400,394700,244200,5400,8100,11400,100,2600,59500,29600,1900,6300,3200,6400,6700,9300,700,400,200,100,0,300,200,0,0,100,115200,77600,25900,9400,2300
"hh_with_children","second_quintile",1999,8.5,33.7,16.7,16.5,.4,50500,48000,35200,500,2600,2700,100,400,2600,400,0,300,100,200,200,2600,2500,1300,600,400,100,4300,2700,400,400,800,7000,-300,5800,600,800
"hh_with_children","top_1_percent",1999,.3,1.2,.6,.6,0,2132000,2131700,856200,4500,8700,19900,100,8700,347000,615300,24300,57500,13100,49100,97900,29300,300,200,100,100,0,700,500,0,100,100,715500,558900,45700,106700,4200
"hh_with_children","all_quintiles",2000,38.9,155,73.4,79.7,1.9,116500,114300,77100,2200,4200,5100,100,800,7700,8400,300,1500,600,1200,1500,3600,2200,1200,600,300,200,4000,2400,400,400,800,27300,13100,10800,2300,1000
"hh_with_children","fourth_quintile",2000,7.8,31.3,13.8,17.2,.3,125200,123800,93300,3600,5800,7100,100,1000,3900,1600,0,900,500,600,600,4700,1400,800,300,200,100,800,600,0,100,100,27200,9600,14900,1600,1100
"hh_with_children","highest_quintile",2000,6.6,26,11.1,14.7,.2,342900,341600,203300,5600,7300,10700,100,2100,35000,45500,1800,6000,2300,5700,7400,8800,1200,700,300,100,100,500,400,0,0,100,98400,64000,23100,9500,1700
"hh_with_children","lowest_quintile",2000,7.3,29.3,15.6,13.1,.5,22400,18400,12900,100,900,1000,100,100,1800,100,0,200,100,100,100,900,4100,2300,1200,300,300,12600,6800,1500,1300,3000,400,-2700,2300,200,600
"hh_with_children","middle_quintile",2000,8.5,34,15.9,17.8,.3,83300,81600,61600,1700,4500,4700,100,700,2500,700,0,500,200,300,300,3700,1800,900,400,300,100,1700,1200,100,200,300,15700,3900,10000,1000,900
"hh_with_children","percentiles_81_90",2000,3.5,13.7,5.8,7.8,.1,177700,176500,130300,5500,6600,9300,100,1400,7700,3700,200,1500,1100,1300,1100,6500,1200,700,300,200,100,600,400,0,100,100,43400,19900,19500,2600,1400
"hh_with_children","percentiles_91_95",2000,1.6,6.1,2.6,3.5,0,243300,242200,169700,6100,7500,10700,100,1800,18000,8900,400,2800,1800,2900,2300,9100,1100,600,200,200,100,400,300,0,0,100,63600,34800,22900,4200,1700
"hh_with_children","percentiles_96_99",2000,1.3,4.9,2.1,2.7,.1,402700,401300,251700,5800,8500,11800,100,2600,55800,28800,1900,7000,3400,7500,6400,10000,1400,800,300,100,200,400,300,0,0,100,117400,79700,26600,9000,2100
"hh_with_children","second_quintile",2000,8.5,33.8,16.8,16.5,.5,50600,48100,35300,600,2800,2700,100,400,2300,300,0,300,200,100,100,2800,2500,1300,700,300,200,4500,3000,400,300,800,6900,-300,5900,500,800
"hh_with_children","top_1_percent",2000,.3,1.3,.6,.7,0,2394600,2393500,973900,4800,9400,21800,100,9500,334700,743200,25800,66100,12900,59500,103600,28100,1100,700,200,100,100,300,200,0,0,100,793400,626400,49800,113100,4000
"hh_with_children","all_quintiles",2001,39.2,155.1,73.5,79.6,2,109800,107300,75700,2200,4400,5000,100,600,7600,4200,300,1400,500,900,1000,3300,2500,1200,600,400,200,4300,2700,400,400,800,24000,10700,10800,1600,900
"hh_with_children","fourth_quintile",2001,7.8,31.3,13.8,17.2,.3,124500,122800,93500,3600,6100,7100,100,700,4000,500,100,900,400,500,300,4900,1700,800,300,400,100,800,600,0,100,100,25300,8200,15000,1100,1100
"hh_with_children","highest_quintile",2001,6.6,25.9,11.1,14.6,.2,312400,311200,198500,5700,7900,10800,100,1400,35800,23400,1900,6000,2000,4300,5100,8200,1200,600,300,300,100,600,400,0,100,100,85900,54400,23400,6600,1600
"hh_with_children","lowest_quintile",2001,7.3,28.6,15.2,12.8,.6,21900,17100,12400,100,800,900,100,100,1800,0,0,200,100,100,0,500,4800,2600,1400,500,300,13300,7400,1600,1400,2900,400,-2500,2200,100,600
"hh_with_children","middle_quintile",2001,8.6,34.4,16.1,17.9,.4,82700,80700,61300,1700,4600,4700,100,500,2600,200,0,500,300,300,200,3800,2100,1000,400,500,200,2000,1400,100,200,300,14200,2700,9900,700,900
"hh_with_children","percentiles_81_90",2001,3.5,13.6,5.8,7.7,.1,176700,175500,132900,5600,7300,9600,200,1000,7300,1300,200,1600,700,900,700,6500,1200,600,300,300,100,600,400,0,100,100,41300,18200,20200,1700,1300
"hh_with_children","percentiles_91_95",2001,1.6,6.1,2.6,3.5,.1,236200,235100,172900,6400,7800,11100,100,1300,16300,3700,500,2600,1200,2200,1400,7600,1100,600,200,300,100,500,300,0,0,100,59500,31700,23500,2700,1500
"hh_with_children","percentiles_96_99",2001,1.2,4.9,2.2,2.7,0,382600,381200,252500,5400,9200,11600,100,1800,56300,14300,2000,6700,3200,4900,4300,8800,1400,800,300,200,100,600,400,0,100,100,106200,71900,26300,6100,1900
"hh_with_children","second_quintile",2001,8.7,34.1,16.9,16.8,.5,49500,47000,35100,600,2800,2700,100,300,2100,100,0,300,200,100,100,2600,2600,1200,600,500,200,5100,3500,400,400,800,5700,-1200,5800,400,700
"hh_with_children","top_1_percent",2001,.3,1.3,.6,.7,0,1867900,1867000,822000,4500,10000,19500,100,5600,359000,389200,26300,66400,16100,48100,73600,26500,900,400,200,100,200,800,500,0,100,100,615000,485900,45700,79200,4200
"hh_with_children","all_quintiles",2002,39.6,156.6,74.2,80.5,2,107000,104200,74500,1900,4700,4900,100,500,7700,2900,300,1100,500,800,900,3300,2700,1200,600,700,200,4800,3100,500,400,800,22600,9700,10600,1400,900
"hh_with_children","fourth_quintile",2002,8.2,32.2,14.2,17.7,.3,120900,119100,91900,2500,6500,6800,100,600,3500,300,100,600,400,400,300,5000,1800,700,300,600,100,1000,700,0,100,100,23800,7600,14300,900,1000
"hh_with_children","highest_quintile",2002,6.9,26.8,11.4,15.2,.2,293600,292300,189900,6300,8700,10500,100,1300,36700,15500,1700,4100,1900,3400,4400,7900,1300,600,300,400,100,600,400,0,100,100,78500,48700,22800,5600,1400
"hh_with_children","lowest_quintile",2002,7,28,15,12.4,.6,22600,17300,12600,0,800,900,100,100,1800,0,0,100,100,100,0,600,5400,2600,1500,900,400,14600,8500,1800,1300,3100,400,-2600,2300,100,600
"hh_with_children","middle_quintile",2002,8.6,34.3,16,17.9,.4,80200,77900,59500,1000,5000,4400,100,400,2600,100,0,400,200,200,200,3700,2300,900,500,700,200,2400,1800,100,200,300,13200,2300,9500,600,900
"hh_with_children","percentiles_81_90",2002,3.6,14,5.9,8,.1,172300,170900,129300,5200,8000,9200,100,900,7500,800,200,1100,600,800,600,6600,1400,600,300,400,100,600,500,0,100,100,38800,16700,19400,1500,1200
"hh_with_children","percentiles_91_95",2002,1.7,6.4,2.7,3.7,0,230600,229400,168500,6900,9000,10800,100,1200,16400,2900,500,2000,1400,1500,1400,7000,1200,500,200,400,100,600,400,0,100,100,56400,29400,23000,2500,1400
"hh_with_children","percentiles_96_99",2002,1.3,5,2.2,2.7,0,368700,367500,245200,8000,10000,11700,100,1600,55300,9800,2000,4500,2800,4100,3700,8700,1200,700,200,200,0,600,400,0,100,100,99700,66100,26500,5300,1700
"hh_with_children","second_quintile",2002,8.7,34.4,17.2,16.8,.4,48200,45100,33600,300,2900,2500,100,200,2400,0,0,200,200,100,100,2600,3000,1400,700,800,200,6100,4200,600,400,900,4900,-1700,5600,300,700
"hh_with_children","top_1_percent",2002,.3,1.4,.6,.7,0,1633200,1632000,741400,8100,10300,18200,100,4600,383600,259000,23300,45900,13700,38300,62500,22900,1200,600,500,200,0,900,600,0,100,200,538500,424700,43300,67100,3300
"hh_with_children","all_quintiles",2003,39.7,157.3,74.7,80.7,2,108600,105900,73700,2300,5200,4900,100,700,8100,3600,300,1000,500,900,1300,3300,2700,1200,700,700,200,5300,3400,500,400,900,21700,8300,10500,2000,900
"hh_with_children","fourth_quintile",2003,8.1,32.4,14.4,17.7,.3,122800,121000,91900,3000,7400,6800,100,900,3800,300,100,600,400,400,400,5100,1700,800,400,500,100,1100,900,0,100,100,22700,6100,14300,1200,1000
"hh_with_children","highest_quintile",2003,6.7,26.5,11.4,14.8,.2,307100,305700,190400,8100,9600,10500,100,1800,38000,20500,1700,3900,2000,4300,6800,8000,1400,600,300,400,100,600,500,0,100,100,78200,45400,22900,8500,1400
"hh_with_children","lowest_quintile",2003,7,27.8,14.7,12.6,.5,21600,16400,11800,0,900,900,100,100,1800,0,0,100,100,100,0,600,5200,2500,1500,900,300,15500,9100,1900,1400,3200,400,-2400,2100,200,600
"hh_with_children","middle_quintile",2003,8.8,34.8,16.3,18.2,.4,80000,77600,58400,1100,5400,4400,100,600,2600,100,0,400,200,200,200,4000,2400,1000,400,700,100,2700,2100,200,200,300,12100,1200,9300,800,800
"hh_with_children","percentiles_81_90",2003,3.5,13.7,5.9,7.7,.1,175700,174100,128900,6200,8900,9200,100,1200,7700,1300,200,1100,600,1000,900,6800,1600,700,300,500,100,600,500,0,0,100,37000,14400,19400,2100,1200
"hh_with_children","percentiles_91_95",2003,1.6,6.3,2.7,3.6,.1,235300,233900,167600,9200,10000,10800,100,1600,16600,3500,500,1600,1100,1500,1700,8000,1400,700,300,400,0,600,400,0,100,100,54300,26400,23200,3300,1400
"hh_with_children","percentiles_96_99",2003,1.3,5,2.2,2.8,0,377400,376400,245800,11300,10500,11900,100,2200,54700,13900,1700,3600,3200,4600,5500,7400,1000,400,200,300,100,600,500,0,0,100,98400,62000,26900,7800,1700
"hh_with_children","second_quintile",2003,8.8,35,17.5,17,.4,47800,44600,33200,300,3000,2500,100,300,2300,0,0,200,100,100,100,2400,3100,1300,700,800,300,6800,4700,700,500,1000,4300,-2300,5500,400,700
"hh_with_children","top_1_percent",2003,.3,1.4,.6,.7,0,1739000,1737900,725500,11000,11500,17900,100,6100,390000,323700,23000,45700,15000,49800,95300,23300,1000,500,300,200,0,800,500,0,100,100,540300,392700,42800,101400,3300
"hh_with_children","all_quintiles",2004,40.4,160.2,76.1,81.8,2.3,115400,112700,75900,2500,5800,5000,100,900,9000,5400,300,900,500,1200,1700,3400,2700,1300,700,500,200,5500,3600,600,400,900,23500,9300,10700,2600,900
"hh_with_children","fourth_quintile",2004,8.3,32.9,14.7,17.9,.3,125600,123900,92700,3100,8400,6900,100,1100,4200,600,0,400,400,400,400,5000,1700,800,400,400,100,1200,900,0,100,100,23500,6400,14500,1500,1000
"hh_with_children","highest_quintile",2004,7,27.5,11.8,15.5,.3,329500,328200,195400,8600,10500,10700,100,2200,41200,29400,1600,4000,2000,5800,8500,8200,1300,700,300,300,100,700,500,0,100,100,84800,49300,23200,10700,1500
"hh_with_children","lowest_quintile",2004,7.1,28.1,14.9,12.5,.6,22200,17000,12600,0,900,900,100,100,1800,0,0,100,100,100,100,300,5200,2700,1600,600,400,16200,9500,2200,1400,3100,300,-2600,2200,200,500
"hh_with_children","middle_quintile",2004,8.8,35.1,16.6,18.1,.4,83000,80600,59600,1200,6200,4500,100,700,2800,200,0,300,300,200,200,4200,2400,1100,600,600,100,2900,2300,200,200,200,12800,1500,9500,1000,800
"hh_with_children","percentiles_81_90",2004,3.6,14.2,6,8,.1,180100,178600,130800,6200,10000,9300,100,1600,7700,1900,200,800,800,1000,1000,7100,1500,700,300,300,100,800,600,0,100,100,38500,15100,19600,2600,1200
"hh_with_children","percentiles_91_95",2004,1.7,6.6,2.8,3.8,.1,243700,242500,170800,10000,10900,11100,100,2000,18000,5000,400,1700,1200,2100,2200,7000,1100,600,200,200,0,700,500,0,100,100,56800,27500,23700,4200,1400
"hh_with_children","percentiles_96_99",2004,1.3,5.3,2.3,2.9,.1,399700,398500,253100,12200,11100,12100,100,2900,59700,18700,1700,3600,2900,5600,6600,8300,1100,700,300,200,0,500,400,0,0,100,105900,67500,27200,9400,1700
"hh_with_children","second_quintile",2004,9,35.8,17.8,17.4,.6,49500,46400,33800,300,3400,2500,100,400,2400,100,0,200,100,100,100,2800,3100,1500,900,600,200,7300,5100,800,400,900,4600,-2200,5600,500,700
"hh_with_children","top_1_percent",2004,.4,1.4,.6,.8,0,2031800,2030500,767900,11700,10700,18200,100,8100,430500,473300,21800,49600,14300,75000,124300,25100,1300,900,200,100,0,600,500,0,0,100,621500,441600,43800,132300,3700
"hh_with_children","all_quintiles",2005,40.2,158.8,75.1,81.6,2.1,120000,117500,76700,2600,6000,5000,100,1200,10000,7100,300,1200,500,1200,2200,3400,2500,1300,700,400,200,5600,3600,700,400,900,24900,9900,10800,3400,900
"hh_with_children","fourth_quintile",2005,8.3,32.8,14.5,18,.3,128200,126600,93700,3300,8700,7000,100,1500,4300,900,100,600,400,500,600,5000,1700,800,400,400,100,1200,1000,0,100,100,24200,6500,14600,2100,1000
"hh_with_children","highest_quintile",2005,6.9,26.9,11.6,15,.3,355200,353800,199100,9100,10700,10700,100,3000,46800,39000,1800,5600,2100,6100,11100,8400,1300,700,300,200,100,700,600,0,100,100,93000,54000,23400,14100,1500
"hh_with_children","lowest_quintile",2005,7.3,28.2,14.8,12.8,.6,22700,17600,12600,100,800,900,100,200,2000,0,0,100,0,0,100,600,5100,2700,1600,500,300,16300,9400,2300,1400,3200,200,-2900,2200,300,600
"hh_with_children","middle_quintile",2005,8.7,34.8,16.2,18.2,.4,84300,82200,60700,1200,6400,4500,100,1000,2900,400,0,300,300,200,300,3900,2100,1000,500,500,100,2800,2200,200,200,200,13200,1400,9700,1300,800
"hh_with_children","percentiles_81_90",2005,3.6,13.8,6,7.8,.1,184600,183300,132000,6800,10200,9400,100,2100,9300,2500,200,1100,700,1000,1200,6800,1300,700,300,300,100,800,600,0,100,100,39800,15500,19800,3300,1200
"hh_with_children","percentiles_91_95",2005,1.7,6.4,2.7,3.6,.1,251300,250000,172300,10400,11000,11000,100,2700,19600,6900,300,2000,1100,2200,2800,7500,1300,700,300,200,100,700,500,0,100,100,59300,29100,23500,5400,1300
"hh_with_children","percentiles_96_99",2005,1.4,5.4,2.4,3,.1,433000,431600,260900,13000,11400,12100,100,3900,68300,27000,1900,4900,3300,6400,9200,9200,1300,700,300,100,100,800,600,0,100,100,117300,75200,27300,13100,1700
"hh_with_children","second_quintile",2005,8.9,35.5,17.7,17.3,.5,50200,47600,34700,400,3600,2600,100,500,2400,200,0,200,100,100,100,2700,2700,1300,800,500,200,7100,5000,800,400,900,4700,-2400,5700,700,700
"hh_with_children","top_1_percent",2005,.3,1.4,.6,.7,0,2380400,2379100,797800,11500,11700,18700,100,11000,497200,638800,26500,74800,17200,79200,167000,27600,1300,800,300,100,100,600,400,0,0,100,730100,503000,44900,178000,4200
"hh_with_children","all_quintiles",2006,40.4,159.9,75.5,82.2,2.2,125900,123300,78200,2700,6000,5100,100,1300,10700,8700,500,1800,500,1600,2600,3500,2600,1300,800,400,100,5500,3600,700,400,900,26500,10800,10900,3900,800
"hh_with_children","fourth_quintile",2006,8.1,32.1,14.1,17.6,.3,131200,129500,95500,3400,8700,7100,100,1600,4400,1100,100,700,400,500,600,5300,1700,800,500,300,100,1300,1000,0,100,100,24800,6800,14900,2200,900
"hh_with_children","highest_quintile",2006,6.9,27.2,11.7,15.2,.3,388900,387600,208400,9500,10800,11100,100,3400,51100,48700,2700,8600,2200,8300,13700,9000,1300,600,400,200,100,700,500,0,100,100,102400,59900,24100,17100,1300
"hh_with_children","lowest_quintile",2006,7.6,29.6,15.5,13.5,.5,23300,18300,13100,100,900,1000,100,200,2200,100,0,100,0,0,100,600,5000,2700,1600,400,300,15700,9100,2300,1300,3000,300,-2900,2300,300,600
"hh_with_children","middle_quintile",2006,8.7,34.6,16.1,18,.5,85700,83500,61300,1200,6500,4600,100,1000,3100,400,0,400,200,200,300,4000,2200,1000,600,400,200,2700,2100,200,200,200,13300,1500,9800,1300,700
"hh_with_children","percentiles_81_90",2006,3.6,14,6,7.9,.2,190400,189000,135500,7100,10400,9600,100,2300,8900,3000,200,1500,700,1200,1400,7200,1400,600,400,300,100,800,600,0,100,100,41300,16200,20300,3700,1000
"hh_with_children","percentiles_91_95",2006,1.7,6.5,2.8,3.7,0,261000,259900,177400,11000,11200,11200,100,3000,19300,7900,500,2900,1300,2700,3200,8300,1100,600,300,200,100,600,500,0,0,100,61800,30500,23900,6200,1200
"hh_with_children","percentiles_96_99",2006,1.3,5.2,2.3,2.9,.1,449200,447900,269100,13700,11200,12400,100,4300,68300,29800,2400,6400,3300,7200,9900,9700,1300,600,400,200,0,700,500,0,0,100,121400,77600,28000,14200,1600
"hh_with_children","second_quintile",2006,9,35.7,17.7,17.5,.5,51000,48200,35200,400,3600,2600,100,600,2300,200,0,200,100,100,100,2500,2800,1400,900,400,100,7000,4900,800,500,900,4800,-2300,5800,700,600
"hh_with_children","top_1_percent",2006,.4,1.5,.7,.8,0,2734400,2733400,855700,12000,11300,19600,100,12700,554800,763100,39400,113200,17200,108800,198500,27000,1000,500,400,100,0,700,500,0,0,100,828300,565400,47900,211100,3900
"hh_with_children","all_quintiles",2007,39.5,157.1,74.4,80.3,2.3,131600,128800,82000,2800,5600,5300,100,1100,10500,10300,500,2200,600,1900,2300,3700,2800,1400,900,400,100,5800,3800,700,400,900,27300,11700,11300,3500,700
"hh_with_children","fourth_quintile",2007,7.9,31.8,14.1,17.3,.4,135400,133500,98800,3600,8200,7300,100,1400,4400,1300,100,1000,500,600,600,5600,1900,1000,500,300,100,1300,1000,0,100,100,25500,7300,15400,2000,800
"hh_with_children","highest_quintile",2007,6.7,26.3,11.4,14.6,.3,412500,411100,220200,9900,10100,11400,100,3000,51700,57900,3000,10200,2300,9800,12300,9200,1400,700,400,200,100,800,600,0,100,100,106500,65200,24800,15300,1200
"hh_with_children","lowest_quintile",2007,7.5,28.9,15.2,13,.6,25900,20500,14600,100,700,1100,100,200,2400,100,0,100,100,100,100,1000,5300,2800,1900,500,200,16400,9400,2400,1500,3000,-100,-3500,2700,300,400
"hh_with_children","middle_quintile",2007,8.4,34,15.8,17.7,.5,89100,86600,64000,1300,6100,4800,100,900,3100,500,0,500,300,300,300,4300,2500,1200,700,400,100,3000,2300,200,200,300,13900,1900,10200,1200,700
"hh_with_children","percentiles_81_90",2007,3.5,13.6,5.8,7.6,.2,194300,192900,139400,7300,9700,9900,100,2000,8700,3500,200,1700,800,1400,1300,6900,1500,800,400,200,100,800,600,0,100,100,42100,17100,20800,3300,1000
"hh_with_children","percentiles_91_95",2007,1.5,6.1,2.7,3.4,.1,270100,268800,181800,11500,10200,11500,100,2600,22300,8600,600,3400,1200,3000,2800,9200,1300,700,300,200,100,800,600,0,100,100,63300,32200,24600,5300,1200
"hh_with_children","percentiles_96_99",2007,1.3,5.2,2.3,2.8,.1,464600,463400,282200,14100,10700,12800,100,3800,68400,30300,2500,8000,3400,8800,8300,9800,1200,700,400,100,100,800,600,0,100,100,124200,82100,28600,12200,1400
"hh_with_children","second_quintile",2007,8.9,35.4,17.6,17.3,.5,54300,51400,38000,400,3500,2900,100,500,2300,200,0,300,200,100,200,2600,2900,1400,900,500,100,7100,5100,800,400,900,5500,-2000,6200,700,500
"hh_with_children","top_1_percent",2007,.4,1.4,.7,.8,0,2966600,2965500,949200,12500,10700,20900,100,11900,538500,902100,43000,131100,17100,124600,175600,28500,1100,600,400,100,0,700,500,0,0,100,857000,616200,50300,187400,3100
"hh_with_children","all_quintiles",2008,39.6,157.7,74.2,81.1,2.4,123700,120600,81500,2900,5600,5300,100,700,9400,5600,500,1700,600,1700,1400,3700,3100,1500,1000,500,100,6200,4000,800,500,900,23300,9100,11400,2100,700
"hh_with_children","fourth_quintile",2008,8,32.2,14.2,17.6,.4,131100,129100,97200,3400,8100,7200,100,800,4000,400,100,800,400,600,300,5700,2000,900,500,500,100,1500,1100,100,100,100,22200,5200,15100,1200,800
"hh_with_children","highest_quintile",2008,7.1,27.8,12.1,15.4,.3,360400,359000,211700,10000,10200,11400,100,1800,47200,29600,2600,7200,2400,8100,7100,9600,1400,600,400,300,100,900,700,0,100,100,89500,54800,24600,8900,1200
"hh_with_children","lowest_quintile",2008,7.1,27.6,14.5,12.5,.6,25400,19300,13800,100,600,1000,100,100,2300,0,0,100,100,100,0,900,6100,3100,2000,700,200,17200,10100,2600,1400,3100,-1600,-4800,2600,200,500
"hh_with_children","middle_quintile",2008,8.4,34.2,15.8,17.9,.5,85800,83000,62300,1300,6000,4700,100,500,2800,200,0,500,300,300,200,4000,2700,1200,800,600,100,3300,2600,200,200,300,11000,-300,9900,700,700
"hh_with_children","percentiles_81_90",2008,3.7,14.4,6.1,8.1,.2,188100,186700,137400,7400,9800,9900,100,1200,7900,1100,200,1400,800,1300,700,7500,1500,700,400,400,100,900,700,0,100,100,38300,14800,20600,1900,900
"hh_with_children","percentiles_91_95",2008,1.7,6.5,2.8,3.7,.1,258400,257100,182700,11400,10600,11600,100,1600,18000,3400,700,2600,1400,2400,1500,9200,1300,600,400,200,100,900,700,0,100,100,59200,30200,24800,3000,1100
"hh_with_children","percentiles_96_99",2008,1.4,5.4,2.4,2.9,.1,425300,424000,274200,14600,10700,12900,100,2200,63200,12800,2400,6300,3400,6900,4500,9800,1300,700,400,200,0,800,600,0,100,100,111100,74400,28700,6700,1300
"hh_with_children","second_quintile",2008,8.7,35,17.3,17.2,.6,51900,48500,36200,400,3200,2700,100,300,2000,100,0,200,100,100,100,2900,3400,1600,1100,600,100,8300,5700,1000,500,1000,3000,-3800,5900,400,600
"hh_with_children","top_1_percent",2008,.4,1.5,.7,.8,0,2346300,2344800,868000,12900,11100,20000,100,6600,523300,506300,36200,91300,19700,108700,108800,31700,1600,700,300,200,300,1200,800,100,100,300,671800,503900,48900,115400,3600
"hh_with_children","all_quintiles",2009,39.5,158.6,73.9,82.3,2.5,115200,111000,77500,2700,5600,5100,100,500,9000,2600,400,1200,500,1100,1000,3700,4200,1600,1000,1400,100,7000,4400,1100,500,1000,20800,7600,11000,1500,700
"hh_with_children","fourth_quintile",2009,8.1,32.6,14.2,18,.4,127700,124900,94200,3000,8200,7000,100,600,3700,300,100,600,400,500,300,5900,2800,1000,600,1100,100,1900,1500,100,100,100,21200,4900,14600,900,700
"hh_with_children","highest_quintile",2009,7.1,28,12,15.6,.3,321200,319300,201400,9600,10500,11400,100,1300,42900,13700,2000,4800,1900,5000,4900,9600,2000,800,500,700,0,1000,800,100,100,100,78700,46800,24700,6300,1100
"hh_with_children","lowest_quintile",2009,7,28.1,14.6,12.9,.6,24300,16400,11400,100,600,800,0,100,2300,0,0,100,0,100,0,800,7800,3400,2200,2000,300,19000,10600,3600,1600,3300,-1800,-4500,2200,100,500
"hh_with_children","middle_quintile",2009,8.4,34.3,15.7,18,.5,82500,78800,58800,1100,5800,4400,100,400,2700,0,100,300,300,200,100,4400,3700,1400,800,1400,100,4200,3200,400,300,300,10200,-400,9400,500,700
"hh_with_children","percentiles_81_90",2009,3.7,14.4,6.1,8.1,.2,184100,182000,135200,6700,10000,9800,100,900,7200,500,300,1100,800,1000,600,7800,2000,800,500,700,0,1100,900,100,100,100,36900,14000,20500,1500,900
"hh_with_children","percentiles_91_95",2009,1.7,6.6,2.8,3.8,.1,250100,248000,178700,10900,11000,11900,100,1200,16100,1700,600,1900,1300,1700,1200,9600,2100,800,500,700,100,1000,800,0,100,100,56300,27700,25200,2400,1000
"hh_with_children","percentiles_96_99",2009,1.3,5.3,2.4,2.9,.1,399300,397500,266100,14900,10900,13400,100,1700,55800,6800,2200,4100,2700,4600,3400,10800,1800,800,500,500,0,900,700,0,0,100,102800,66800,29700,5100,1200
"hh_with_children","second_quintile",2009,8.6,34.8,16.9,17.3,.5,49000,44300,32700,300,2900,2500,100,200,2300,0,0,200,200,100,100,2800,4700,1700,1100,1700,200,9600,6300,1700,600,1100,1800,-4400,5400,300,600
"hh_with_children","top_1_percent",2009,.4,1.5,.7,.8,0,1684100,1683000,711900,14300,11300,18500,100,4300,460100,217400,24500,55300,13200,59900,69000,23100,1100,400,400,300,0,1100,700,100,100,200,497400,376300,45300,73300,2500
"hh_with_children","all_quintiles",2010,39.4,158.2,73.5,82.1,2.6,119900,115700,77900,2600,5400,5100,100,700,10000,4800,400,1100,600,1500,1700,3800,4200,1600,1100,1400,100,7500,4600,1300,500,1000,22900,8800,10900,2500,700
"hh_with_children","fourth_quintile",2010,8,32.2,14.1,17.7,.5,128000,125100,93500,3000,8200,6900,100,900,4300,300,100,400,500,400,300,6200,2900,1000,700,1100,100,2000,1500,200,100,100,21800,5300,14500,1200,800
"hh_with_children","highest_quintile",2010,7.2,28.2,12,15.9,.3,347800,345900,206200,9500,10100,11300,100,1900,45500,25200,2200,4900,2100,7100,8500,11300,1900,700,400,600,100,1000,700,100,100,100,88000,52000,24500,10400,1100
"hh_with_children","lowest_quintile",2010,7.1,28.1,14.5,12.9,.6,24000,16400,11000,0,500,800,0,100,2700,0,0,100,100,100,0,900,7700,3100,2200,2300,100,19600,10800,3900,1500,3500,-1800,-4600,2100,100,500
"hh_with_children","middle_quintile",2010,8.3,34.1,15.6,18,.6,81900,78000,58100,1100,5600,4300,100,600,2800,100,0,200,300,200,200,4400,3900,1400,900,1500,100,4600,3400,600,300,400,10500,-200,9200,700,700
"hh_with_children","percentiles_81_90",2010,3.7,14.6,6.2,8.3,.2,184300,182300,134300,6500,9700,9600,100,1300,7700,700,200,800,900,900,700,8900,2000,800,400,700,200,1100,800,100,100,100,37800,14800,20100,2000,900
"hh_with_children","percentiles_91_95",2010,1.7,6.7,2.8,3.8,.1,252300,250300,179600,10800,10600,11800,100,1700,17300,2100,500,1200,1300,1800,1400,10100,2000,800,500,600,100,800,600,0,100,100,57800,28700,25000,3100,1000
"hh_with_children","percentiles_96_99",2010,1.4,5.4,2.3,3,.1,409000,407500,271600,14800,10700,13300,100,2500,55600,8800,2200,3200,3100,5200,4400,12000,1500,600,400,500,0,800,600,100,100,100,107400,70000,29300,6800,1300
"hh_with_children","second_quintile",2010,8.6,34.7,16.9,17.2,.6,48500,43700,32100,300,2600,2400,100,300,2500,0,0,200,100,100,100,2900,4700,1700,1200,1700,100,10400,6700,2000,500,1200,2000,-4300,5300,400,600
"hh_with_children","top_1_percent",2010,.4,1.5,.7,.8,0,2159600,2158100,795800,14000,9600,19300,100,6700,506900,427200,28900,66600,14900,98600,132100,37500,1400,700,400,300,0,1200,800,100,100,100,646000,456700,47000,138700,3600
"hh_with_children","all_quintiles",2011,39.1,156.4,72.9,80.7,2.7,118900,115100,78700,2700,5400,5100,100,700,10000,4200,400,900,600,1300,1500,3500,3800,1600,1100,1100,100,7300,4500,1400,500,1000,22200,9500,9600,2300,800
"hh_with_children","fourth_quintile",2011,8,32.1,14,17.6,.5,127800,125200,93800,3000,8200,6900,100,900,4400,300,100,300,400,500,300,6000,2500,1000,600,800,100,1900,1400,100,100,200,21300,6700,12700,1200,800
"hh_with_children","highest_quintile",2011,7.1,27.9,12.1,15.5,.4,343500,341600,209000,9700,10000,11300,100,1900,44300,22400,1900,3700,2300,6100,7600,11200,2000,900,500,500,100,1000,700,0,100,100,85000,52800,21600,9500,1200
"hh_with_children","lowest_quintile",2011,6.9,26.9,14,12.1,.7,24300,17200,11800,100,500,900,0,100,2800,0,0,0,100,100,0,800,7200,3200,2200,1600,200,19400,10300,4000,1500,3600,-1800,-4400,2000,100,500
"hh_with_children","middle_quintile",2011,8.4,33.8,15.3,17.9,.6,81300,77900,58100,1000,5700,4300,100,500,2900,200,0,200,200,300,200,4100,3400,1400,800,1100,100,4600,3300,600,300,400,10300,900,8000,700,700
"hh_with_children","percentiles_81_90",2011,3.7,14.5,6.2,8,.2,187000,184900,136300,6700,9700,9700,100,1300,8000,1000,200,600,800,1000,700,8600,2100,900,500,600,100,1000,800,100,100,100,37200,16600,17600,2000,1000
"hh_with_children","percentiles_91_95",2011,1.7,6.6,2.8,3.7,.1,254400,252600,179800,10800,10500,11600,100,1700,17400,2800,500,1100,1600,2200,1600,10900,1800,800,400,500,100,800,600,0,0,100,56700,30700,21600,3300,1100
"hh_with_children","percentiles_96_99",2011,1.4,5.4,2.4,3,.1,419600,417800,280000,15300,10500,13300,100,2500,56300,8700,2200,3200,3400,5700,4400,12200,1800,900,500,400,0,900,700,0,100,100,108500,74200,26000,6900,1400
"hh_with_children","second_quintile",2011,8.6,34.8,17.1,17.2,.5,48100,43900,32400,300,2500,2400,100,300,2500,100,0,100,200,100,100,2900,4200,1600,1200,1300,100,10400,6600,2100,500,1200,2200,-3500,4700,400,600
"hh_with_children","top_1_percent",2011,.4,1.5,.7,.8,0,2030200,2028300,802700,14300,9500,19300,100,6600,485400,375900,23500,49000,15500,76500,114700,35300,1900,1200,500,200,0,1300,900,100,200,100,602900,434300,44200,121300,3100
"hh_with_children","all_quintiles",2012,39.2,157,73.5,80.7,2.8,124000,120400,79100,2700,5300,5100,100,900,11800,6400,400,900,600,1800,1800,3600,3600,1600,1100,800,100,7300,4500,1400,500,1000,23800,10800,9600,2600,800
"hh_with_children","fourth_quintile",2012,7.9,31.9,14,17.5,.4,128000,125800,94500,3100,8100,7000,100,1000,4400,400,100,300,400,400,300,5700,2200,900,500,700,100,1800,1400,100,100,200,21800,6900,12800,1300,800
"hh_with_children","highest_quintile",2012,7,27.7,12,15.4,.4,377200,375500,215800,9900,10000,11500,100,2300,53000,34600,1900,4100,2500,9200,9200,11500,1700,800,500,400,100,900,700,0,100,100,94900,60100,22000,11500,1300
"hh_with_children","lowest_quintile",2012,7,27.7,14.3,12.6,.8,23100,16100,10700,100,500,800,0,100,2900,0,0,0,100,0,0,900,7000,3200,2500,1100,200,19300,10600,4000,1500,3200,-1600,-4100,1800,100,500
"hh_with_children","middle_quintile",2012,8.3,33.8,15.6,17.6,.6,81200,78000,57800,1100,5700,4300,100,600,3000,100,0,100,300,200,100,4400,3200,1300,900,900,100,4600,3400,600,300,400,10400,900,8000,800,800
"hh_with_children","percentiles_81_90",2012,3.6,14.1,6,7.9,.2,187900,186100,137000,7100,9800,9800,100,1500,8700,1000,200,500,800,1000,700,8000,1800,800,500,400,100,1000,800,0,100,100,38200,17100,17900,2200,1000
"hh_with_children","percentiles_91_95",2012,1.7,6.5,2.8,3.6,.1,260000,258400,183700,11000,10400,11800,100,2000,18600,3100,600,1100,1500,2700,1600,10300,1700,800,400,400,100,800,600,0,0,100,58900,32200,21900,3600,1200
"hh_with_children","percentiles_96_99",2012,1.4,5.5,2.4,3,.1,440600,439300,285500,14700,10500,13300,100,3000,66700,13000,1800,2600,3700,6500,4900,12800,1400,600,400,300,0,800,600,0,0,100,115700,80000,26300,7900,1500
"hh_with_children","second_quintile",2012,8.7,35.2,17.3,17.3,.6,47500,43400,31800,400,2700,2400,100,300,2700,0,0,100,100,100,100,2700,4000,1600,1300,1000,100,10300,6600,2100,500,1100,2100,-3600,4600,400,600
"hh_with_children","top_1_percent",2012,.4,1.6,.7,.8,0,2468300,2465400,852200,13500,9500,20100,100,8300,577600,573900,23700,56600,18700,126700,139500,45100,2900,1900,800,200,0,1100,800,100,100,100,717600,520100,46100,147700,3700
"hh_with_children","all_quintiles",2013,39,156.1,72.4,80.8,2.9,123900,120500,80800,2900,5400,5200,100,900,11300,5200,300,800,700,1500,2000,3400,3400,1700,1000,600,100,7700,4900,1300,500,900,26600,11500,11400,2900,800
"hh_with_children","fourth_quintile",2013,7.9,31.9,13.9,17.5,.6,131300,129000,96300,3200,8100,7200,100,1100,4600,600,100,200,500,500,400,6100,2300,1000,700,500,100,1900,1500,100,100,200,24800,7300,15000,1600,900
"hh_with_children","highest_quintile",2013,7,27.9,11.9,15.6,.4,366000,364200,216600,10300,9900,11800,100,2400,50700,27400,1700,3700,2600,7200,9700,10100,1800,900,500,300,100,800,600,0,0,100,102200,62700,26000,12100,1300
"hh_with_children","lowest_quintile",2013,7,27.4,14.1,12.6,.7,23800,17300,11500,100,500,900,0,100,3000,0,0,0,100,0,0,1100,6500,3600,2000,700,200,20000,11300,3900,1700,3100,-1400,-4300,2200,200,500
"hh_with_children","middle_quintile",2013,8.3,33.5,15.3,17.6,.6,82900,79900,59200,1200,5900,4400,100,700,2900,200,0,200,300,200,200,4400,2900,1400,800,600,100,5000,3700,600,300,400,12200,1200,9400,900,800
"hh_with_children","percentiles_81_90",2013,3.6,14,5.9,7.8,.2,191700,189900,138900,7000,9600,10000,100,1600,9000,1700,200,500,1000,1100,1100,8100,1800,900,500,400,100,900,700,0,100,100,42600,18000,20900,2700,1000
"hh_with_children","percentiles_91_95",2013,1.7,6.8,2.8,3.9,.1,267600,265800,189300,11900,10200,12400,100,2200,18400,3900,400,1000,1500,2300,2100,10200,1900,800,500,300,200,700,600,0,0,100,65100,33400,26100,4300,1200
"hh_with_children","percentiles_96_99",2013,1.4,5.5,2.4,3,.1,444200,442600,286300,15600,10100,13700,100,3200,68100,14500,1800,2400,3700,6700,6600,9800,1600,800,500,200,100,700,600,0,0,100,123900,81400,31200,9800,1500
"hh_with_children","second_quintile",2013,8.6,34.8,17,17.1,.6,48600,45100,32900,400,2900,2500,100,400,2700,100,0,100,100,100,100,2900,3500,1600,1000,700,100,10900,7200,2000,600,1100,3000,-3600,5500,500,600
"hh_with_children","top_1_percent",2013,.4,1.6,.7,.8,0,2116500,2115200,803000,14800,10000,19800,100,8300,513800,409300,21200,49600,18100,86200,132200,28900,1300,800,300,100,0,1000,900,0,0,100,732900,534300,54800,140500,3300
"hh_with_children","all_quintiles",2014,39.4,158.6,73.7,81.8,3.1,128100,124800,82300,2900,5300,5300,100,1000,11700,7200,300,800,700,1700,2200,3400,3300,1800,1000,400,100,9000,6400,1200,500,1000,28100,12400,11600,3200,900
"hh_with_children","fourth_quintile",2014,7.9,32,13.8,17.7,.5,133500,131300,98000,3300,8000,7300,100,1200,4900,800,100,200,500,500,500,5900,2200,1200,600,300,100,2700,2200,200,100,200,25700,7700,15300,1700,1000
"hh_with_children","highest_quintile",2014,7,27.8,11.9,15.5,.4,388000,386300,223000,10500,9600,12000,100,2700,52200,38000,1600,3500,2800,8600,10900,10800,1700,900,500,200,100,1200,1000,100,0,100,110100,68500,26500,13600,1500
"hh_with_children","lowest_quintile",2014,7,28.1,14.9,12.4,.7,23800,17500,11800,100,500,900,0,100,3100,0,0,0,100,0,0,800,6300,3500,2100,400,300,22900,14600,3600,1500,3200,-1400,-4400,2300,200,500
"hh_with_children","middle_quintile",2014,8.5,34.6,15.5,18.4,.7,84600,81900,60700,1300,5700,4500,100,800,3200,300,0,100,300,200,200,4500,2800,1400,800,400,100,6000,4800,500,300,400,12700,1100,9700,1000,900
"hh_with_children","percentiles_81_90",2014,3.6,14.2,6,8,.2,195500,193900,141800,7100,9500,10200,100,1800,9600,1900,100,400,800,1200,1000,8300,1600,800,500,300,100,1400,1100,100,100,100,44400,19000,21400,2800,1300
"hh_with_children","percentiles_91_95",2014,1.7,6.6,2.8,3.6,.1,273400,271700,190900,12200,9900,12500,100,2400,20300,5400,400,900,1600,2500,2300,10300,1700,900,500,200,100,1100,900,0,0,100,67700,35200,26400,4700,1400
"hh_with_children","percentiles_96_99",2014,1.4,5.5,2.4,3,.1,464300,462400,297400,15900,9800,14100,100,3600,68400,19400,1600,2300,4100,7600,7300,10800,1800,1000,700,200,0,1000,800,0,0,100,131700,87200,31900,10900,1700
"hh_with_children","second_quintile",2014,8.8,35.4,17.2,17.4,.8,49200,45500,33400,400,2700,2500,100,400,2700,200,0,100,100,100,100,2700,3700,1900,1200,400,100,12700,9200,1700,600,1200,3200,-3600,5600,500,700
"hh_with_children","top_1_percent",2014,.4,1.5,.7,.8,0,2423800,2422400,858900,14700,8800,19700,100,9600,534000,586000,20700,49200,21300,109200,155000,35200,1400,900,400,100,0,1600,1300,200,100,100,835500,612100,55100,164600,3700
"hh_with_children","all_quintiles",2015,39,156.2,72.7,80.4,3.2,135100,131700,86600,3100,5400,5500,100,1000,13000,7500,300,800,700,1900,2200,3600,3400,1800,1100,300,100,9900,7200,1200,500,1000,29900,13700,12100,3200,900
"hh_with_children","fourth_quintile",2015,7.8,31.5,13.6,17.4,.5,138200,135900,101500,3500,8400,7600,100,1200,5100,700,100,200,500,500,500,6000,2400,1300,700,300,100,2900,2400,200,100,200,26900,8300,15900,1600,1100
"hh_with_children","highest_quintile",2015,7.1,27.9,12,15.5,.5,409900,408000,235400,11100,9600,12500,100,2600,58300,39500,1700,3800,2500,9300,11000,10700,1900,1100,600,200,100,1500,1200,100,100,100,116800,74000,27600,13600,1500
"hh_with_children","lowest_quintile",2015,6.9,27.3,14.6,12,.7,24900,18900,12700,100,500,900,0,100,3300,0,0,0,100,100,0,1000,6000,3300,2000,300,300,24000,15700,3500,1600,3100,-1700,-4900,2500,200,500
"hh_with_children","middle_quintile",2015,8.2,33.4,15,17.8,.6,88000,85000,63000,1300,5900,4700,100,700,3200,300,0,100,200,200,200,4800,3000,1600,900,400,100,7000,5800,500,300,400,13200,1400,10000,900,900
"hh_with_children","percentiles_81_90",2015,3.6,14,6,7.8,.2,203600,201700,147900,7500,9500,10600,100,1700,10000,2200,200,500,900,1200,1000,8400,1900,1000,600,200,100,1600,1300,100,100,100,46700,20600,22100,2800,1300
"hh_with_children","percentiles_91_95",2015,1.7,6.6,2.8,3.7,.1,283800,281900,197600,12800,9900,12700,100,2300,22600,5300,500,1100,1800,3000,2500,9600,1900,1100,600,200,0,1500,1200,100,100,100,70600,37400,27000,4800,1500
"hh_with_children","percentiles_96_99",2015,1.4,5.7,2.5,3.1,.1,479100,477000,310300,16500,10100,14400,100,3500,73500,16800,1600,2200,3300,7200,6300,11100,2100,1200,700,200,0,1400,1100,0,100,100,136300,91900,32800,9800,1700
"hh_with_children","second_quintile",2015,8.9,35.5,17.3,17.4,.8,51400,47700,35000,400,2900,2600,100,400,2800,100,0,100,200,100,100,2900,3700,2000,1200,300,200,14400,10900,1700,600,1200,3500,-3500,5800,500,700
"hh_with_children","top_1_percent",2015,.4,1.6,.7,.8,0,2583100,2581700,923000,15700,8100,21900,100,9500,597700,610500,20300,50700,16800,117800,155600,34300,1300,800,400,100,0,1700,1300,100,200,100,883400,654100,61000,165100,3200
"hh_with_children","all_quintiles",2016,38.5,154.5,71.7,79.6,3.2,132500,129300,86700,3200,5600,5600,100,900,12300,6100,300,700,600,1700,1900,3600,3200,1700,1000,300,100,10200,7500,1100,500,1000,28900,13000,12100,2900,900
"hh_with_children","fourth_quintile",2016,7.8,31.5,13.6,17.3,.5,138900,136600,101800,3600,8300,7600,100,1100,5400,700,100,200,500,500,400,6500,2200,1100,700,300,200,3300,2700,200,100,300,27000,8600,15900,1500,1000
"hh_with_children","highest_quintile",2016,7,27.6,11.9,15.3,.4,393100,391500,232800,11300,9900,12500,100,2400,54900,32400,1300,3300,2400,7900,9600,10700,1600,800,500,200,100,1700,1400,100,100,200,110600,69500,27500,12000,1500
"hh_with_children","lowest_quintile",2016,6.6,26,13.7,11.4,.8,25000,18800,12800,100,500,1000,0,100,3300,0,0,0,100,100,0,800,6200,3500,2200,300,200,24700,16400,3400,1600,3300,-1700,-4900,2500,200,500
"hh_with_children","middle_quintile",2016,8.2,33.7,15.1,17.9,.6,88500,85800,64000,1400,6200,4800,100,700,3300,200,0,100,300,300,200,4300,2700,1400,900,300,100,7200,6000,400,200,500,13500,1600,10200,900,800
"hh_with_children","percentiles_81_90",2016,3.5,13.7,5.8,7.7,.2,204400,202600,148400,7700,9700,10600,100,1600,10000,2100,200,500,900,1200,1100,8400,1900,1000,600,200,100,1800,1500,100,100,200,46700,20700,22100,2700,1200
"hh_with_children","percentiles_91_95",2016,1.7,6.7,2.8,3.7,.1,283900,282700,200000,13000,10200,12900,100,2200,22200,4400,400,1000,1600,2600,2100,10100,1200,600,400,200,0,1500,1300,0,100,100,70600,37600,27300,4300,1400
"hh_with_children","percentiles_96_99",2016,1.4,5.7,2.6,3.1,.1,477900,476400,314700,16700,10200,14500,100,3300,70300,15900,1400,2200,3400,7500,6300,10100,1500,800,400,100,100,1400,1200,100,0,100,136100,92100,32800,9500,1600
"hh_with_children","second_quintile",2016,8.8,35.3,17.1,17.4,.8,51500,48200,35600,500,3100,2700,100,400,2800,100,0,100,100,100,100,2600,3300,1800,1100,300,100,14600,11300,1500,600,1200,3600,-3400,5900,500,600
"hh_with_children","top_1_percent",2016,.4,1.5,.7,.8,0,2384900,2383900,874200,15900,9500,21100,100,8400,578900,520100,16600,46600,15400,99400,140200,37400,1100,700,300,100,0,2200,1700,100,100,200,810800,599400,59400,148600,3400
"hh_with_children","all_quintiles",2017,38.5,155.5,72.4,79.7,3.4,136900,133700,88300,3200,5600,5700,100,700,13000,8100,300,800,700,1900,1600,3700,3200,1700,1100,200,100,10000,7600,1000,500,1000,29700,14200,12400,2300,800
"hh_with_children","fourth_quintile",2017,7.7,31.3,13.4,17.3,.6,141800,139500,104000,3800,8400,7800,100,900,5200,900,100,200,400,600,400,6600,2300,1200,700,200,100,3300,2700,200,100,200,27500,9100,16300,1300,800
"hh_with_children","highest_quintile",2017,6.9,27.5,11.8,15.3,.4,414000,412200,239200,11400,9900,13000,100,2000,59200,42400,1400,3800,2500,8900,7700,10800,1800,1000,600,200,100,1600,1300,100,100,100,115200,75600,28600,9700,1300
"hh_with_children","lowest_quintile",2017,6.7,26.7,14.4,11.6,.8,24600,19000,12800,100,600,1000,0,100,3300,0,0,0,100,0,0,900,5600,3100,2100,300,100,24100,16300,3300,1400,3100,-1800,-4900,2500,100,500
"hh_with_children","middle_quintile",2017,8.2,33.6,15.1,17.8,.7,90400,87700,65300,1400,6300,4900,100,600,3600,400,0,100,300,300,200,4200,2700,1400,900,300,100,7300,6200,400,300,400,13600,1700,10400,700,700
"hh_with_children","percentiles_81_90",2017,3.5,13.8,5.8,7.8,.2,209000,207300,151900,8000,9600,11000,100,1300,10600,2600,200,500,900,1300,800,8600,1700,900,500,200,100,1800,1500,100,100,200,48000,21900,22900,2100,1000
"hh_with_children","percentiles_91_95",2017,1.7,6.6,2.8,3.7,.1,292400,290800,204600,13200,10100,13300,100,1800,22900,6200,400,900,1800,2900,1800,10700,1600,800,500,100,100,1400,1200,0,0,100,73100,40200,28300,3500,1200
"hh_with_children","percentiles_96_99",2017,1.4,5.5,2.4,2.9,.1,497900,495900,322300,17000,10400,15200,100,2700,74100,23200,1500,2400,3600,8200,5400,9900,2000,1200,600,200,0,1400,1100,100,100,100,141900,98000,34400,8100,1400
"hh_with_children","second_quintile",2017,8.9,35.7,17.4,17.4,.8,52700,49100,36000,500,3300,2700,100,300,2900,100,0,100,100,100,100,2900,3600,2000,1200,300,100,14300,11300,1400,500,1200,3700,-3200,6000,400,600
"hh_with_children","top_1_percent",2017,.4,1.5,.7,.8,0,2537100,2534400,896400,15700,9300,21800,100,6900,613900,638100,16800,51200,16400,107200,106200,34500,2700,1800,800,100,0,2100,1500,100,300,200,823300,646300,61100,113100,2900
"hh_with_children","all_quintiles",2018,38.1,153.9,71.5,79,3.4,135200,132000,89300,3400,5600,5800,100,600,11500,7700,300,800,600,1700,1200,3400,3200,1800,1100,200,100,10000,7700,900,500,900,26600,11300,12600,1800,800
"hh_with_children","fourth_quintile",2018,7.5,30.5,13.1,16.9,.5,143600,141700,106800,4000,8200,8000,100,800,5000,1000,100,300,500,600,300,6000,1900,1000,600,200,100,2900,2400,100,100,200,26300,7600,16700,1100,900
"hh_with_children","highest_quintile",2018,6.8,27.1,11.6,15.1,.4,401600,400000,238900,11900,10100,13100,100,1700,52400,39800,1200,3500,2300,8300,5800,10700,1700,900,500,200,100,1500,1200,100,100,100,103200,65600,28700,7500,1400
"hh_with_children","lowest_quintile",2018,6.8,26.9,14.3,11.7,.9,26300,20200,14000,100,700,1100,0,100,3300,100,0,0,100,100,0,600,6100,3600,2200,200,100,24000,16600,3000,1500,3000,-2200,-5600,2700,100,500
"hh_with_children","middle_quintile",2018,8,32.9,14.7,17.5,.7,92300,89500,67200,1500,6100,5100,100,500,3400,500,0,100,300,300,200,4200,2800,1500,900,300,100,7200,6200,400,300,400,12500,300,10800,600,800
"hh_with_children","percentiles_81_90",2018,3.5,13.7,5.8,7.7,.2,214100,212300,156500,8300,9700,11200,100,1100,10200,3100,200,500,900,1300,700,8500,1800,1000,500,200,100,1600,1300,0,100,100,46300,19900,23400,1800,1200
"hh_with_children","percentiles_91_95",2018,1.7,6.5,2.8,3.7,.1,301200,299700,212500,13700,10600,13600,100,1500,21700,7300,400,1100,1400,3100,1500,11100,1600,900,400,200,0,1400,1100,100,100,100,69300,36300,28700,3100,1300
"hh_with_children","percentiles_96_99",2018,1.4,5.5,2.4,3,.1,507500,506100,329400,17800,10500,15400,100,2300,76500,23200,1400,2800,3500,8900,4400,9800,1400,800,500,100,0,1200,1000,100,100,100,130400,87200,35000,6700,1500
"hh_with_children","second_quintile",2018,8.8,35.9,17.6,17.4,.9,54100,50700,37500,500,3400,2800,100,300,2800,200,0,100,100,100,100,2700,3400,1900,1100,300,200,14100,11500,1200,500,900,2900,-4300,6200,300,600
"hh_with_children","top_1_percent",2018,.3,1.4,.6,.7,0,2379300,2377400,844600,16400,9300,21300,100,5500,536900,641300,15400,48500,16900,102400,83900,35000,1900,900,900,100,0,2200,1700,100,200,200,740300,587800,58900,89400,4200
"nonelderly_childless_hh","all_quintiles",1979,31.7,59.3,0,58.5,.8,69000,67000,48900,0,2100,2500,100,600,3000,2300,100,2300,400,1000,1500,2100,2000,1300,200,300,200,700,200,100,300,100,17000,8900,5300,2100,700
"nonelderly_childless_hh","fourth_quintile",1979,6.8,13,0,12.8,.2,66000,64800,52200,0,2500,2900,200,700,1500,300,0,1600,200,300,600,1900,1200,600,100,300,100,100,100,0,0,0,15200,7100,6200,1300,700
"nonelderly_childless_hh","highest_quintile",1979,9.7,20.5,0,20.3,.2,131600,130800,90700,0,3400,4200,200,1200,7900,7000,400,5200,1100,2800,4000,2800,800,400,100,200,100,100,0,0,0,0,36400,21300,8900,5200,1000
"nonelderly_childless_hh","lowest_quintile",1979,4.4,6.9,0,6.7,.2,13500,8200,5100,0,300,300,0,100,300,0,0,400,100,0,100,1400,5300,4000,700,200,300,3400,1000,400,1300,600,1200,0,700,200,300
"nonelderly_childless_hh","middle_quintile",1979,5.4,9.8,0,9.6,.2,46300,44500,34500,0,1800,2000,200,500,1300,200,0,1100,200,200,400,2300,1800,1100,200,400,200,300,100,0,100,0,9400,3700,4200,900,600
"nonelderly_childless_hh","percentiles_81_90",1979,4.6,9.5,0,9.4,.1,90900,90000,72100,0,3100,3900,200,1000,2500,700,0,2500,300,600,1000,2200,900,500,100,200,100,100,0,0,0,0,22600,11600,8200,1900,800
"nonelderly_childless_hh","percentiles_91_95",1979,2.7,5.8,0,5.8,0,115900,115200,90300,0,3600,4600,200,1200,4300,1500,100,3800,500,1000,1700,2400,700,300,100,200,100,100,0,0,0,0,30500,17000,9700,2900,1000
"nonelderly_childless_hh","percentiles_96_99",1979,2,4.3,0,4.3,0,166900,166200,111900,0,3700,4400,200,1400,14300,7600,400,8200,1600,3500,5200,3900,800,400,100,200,100,100,0,0,0,0,46500,29000,9600,6600,1200
"nonelderly_childless_hh","second_quintile",1979,5.3,9,0,8.8,.2,29700,27200,20300,0,1100,1200,100,300,800,100,0,800,100,100,300,2100,2400,1600,300,400,100,600,200,100,200,100,4900,1300,2600,500,500
"nonelderly_childless_hh","top_1_percent",1979,.4,.8,0,.8,0,534900,534100,201100,0,3700,3000,200,2500,63800,116600,6400,30400,11700,38500,49300,7100,700,400,100,100,100,100,0,0,0,0,186400,125200,7100,51800,2300
"nonelderly_childless_hh","all_quintiles",1980,32.6,61.1,0,60.1,.9,67300,65100,48000,0,1800,2400,100,500,2500,2100,100,2800,400,1000,1200,2100,2200,1400,200,500,100,700,200,100,300,100,16700,9200,5200,1700,600
"nonelderly_childless_hh","fourth_quintile",1980,7,13.7,0,13.5,.2,65100,63700,51100,0,2100,2900,200,600,1500,300,0,1900,200,300,500,2000,1400,700,100,500,100,100,0,0,100,0,15100,7400,6100,1100,600
"nonelderly_childless_hh","highest_quintile",1980,10,20.9,0,20.7,.2,129000,128000,90100,0,2900,4200,200,1000,6600,6300,300,6400,1100,2900,3200,3000,1000,500,100,300,100,100,0,0,0,0,35800,22000,8800,4100,900
"nonelderly_childless_hh","lowest_quintile",1980,4.5,7,0,6.8,.2,12900,7200,4600,0,200,300,0,0,100,0,0,400,100,100,100,1200,5700,4200,800,500,200,3700,1200,500,1400,700,1000,0,600,200,300
"nonelderly_childless_hh","middle_quintile",1980,5.6,10,0,9.9,.2,44400,42500,33200,0,1400,1900,100,400,1100,100,0,1400,100,200,300,2100,1900,1000,200,600,100,200,100,0,100,0,9100,3800,4100,700,500
"nonelderly_childless_hh","percentiles_81_90",1980,4.7,9.7,0,9.6,.1,89200,88100,70500,0,2700,3900,200,800,2300,600,0,3000,300,600,800,2300,1100,500,100,400,100,100,0,0,0,0,22600,12200,8100,1600,700
"nonelderly_childless_hh","percentiles_91_95",1980,2.7,5.8,0,5.8,0,114200,113300,88400,0,3000,4500,200,1000,3800,1500,0,5000,500,1200,1500,2800,800,400,100,300,100,0,0,0,0,0,30600,17900,9500,2400,800
"nonelderly_childless_hh","percentiles_96_99",1980,2.1,4.6,0,4.5,.1,161800,160900,111700,0,3300,4500,200,1200,10600,5800,300,10300,1500,3400,3900,4100,900,500,100,200,100,100,0,0,0,0,45700,29800,9700,5100,1000
"nonelderly_childless_hh","second_quintile",1980,5.4,9.2,0,9,.2,28500,25700,19000,0,800,1100,100,200,700,100,0,900,100,100,200,2100,2800,1800,200,600,200,600,200,100,200,100,4600,1400,2400,400,400
"nonelderly_childless_hh","top_1_percent",1980,.4,.9,0,.8,0,522200,521300,215000,0,3200,3200,100,2200,54700,108600,5300,35400,11400,38200,37400,6300,900,600,100,100,100,100,0,0,0,0,172000,122800,7500,39600,2000
"nonelderly_childless_hh","all_quintiles",1981,33.6,63.3,0,62.3,.9,67300,65100,48000,0,1800,2700,100,400,1900,2000,100,3400,500,1100,900,2100,2200,1400,300,400,100,800,200,100,300,100,16900,9300,5700,1400,500
"nonelderly_childless_hh","fourth_quintile",1981,7,13.7,0,13.5,.2,65800,64300,51500,0,2200,3200,100,500,1200,300,0,2300,200,400,400,2100,1500,800,100,500,100,200,100,0,100,0,15800,7700,6700,900,500
"nonelderly_childless_hh","highest_quintile",1981,10.3,21.6,0,21.4,.2,129100,128200,90400,0,3000,4600,200,800,5400,6000,400,7800,1200,3100,2500,2900,900,500,100,200,100,100,0,0,0,0,35800,22100,9700,3300,800
"nonelderly_childless_hh","lowest_quintile",1981,4.7,7.6,0,7.4,.2,13000,7100,4700,0,200,300,0,0,-100,0,0,500,100,100,100,1100,5900,4500,900,300,200,3900,1200,600,1400,700,1100,0,700,100,200
"nonelderly_childless_hh","middle_quintile",1981,5.8,10.5,0,10.3,.2,44500,42700,33200,0,1500,2100,100,300,1000,200,0,1600,100,200,300,2100,1800,1100,200,500,100,200,100,0,100,0,9400,4000,4400,600,500
"nonelderly_childless_hh","percentiles_81_90",1981,4.8,10,0,9.9,.1,89700,88600,70700,0,2700,4200,200,600,2000,500,100,3600,400,600,700,2400,1100,500,100,300,100,100,0,0,100,0,23300,12600,8800,1300,600
"nonelderly_childless_hh","percentiles_91_95",1981,2.8,6,0,6,0,114800,114000,89200,0,3200,5000,200,800,3300,800,100,5800,500,1400,1100,2800,700,400,100,200,0,100,0,0,0,0,31600,18500,10500,1900,700
"nonelderly_childless_hh","percentiles_96_99",1981,2.2,4.7,0,4.7,0,162000,161200,112200,0,3300,5100,200,1000,9200,5200,400,12000,1600,4300,3100,3600,800,500,100,200,100,0,0,0,0,0,46100,30200,10900,4000,900
"nonelderly_childless_hh","second_quintile",1981,5.5,9.5,0,9.3,.2,28500,25700,18800,0,800,1200,100,200,700,100,0,1100,100,200,200,2100,2800,1800,300,500,200,700,200,100,200,100,4800,1500,2600,400,400
"nonelderly_childless_hh","top_1_percent",1981,.4,.9,0,.9,0,503100,502100,208700,0,3500,3900,100,1700,37500,108900,6000,45200,14300,35300,29400,7600,900,600,200,100,0,100,0,0,0,0,153000,111400,8800,31100,1800
"nonelderly_childless_hh","all_quintiles",1982,33.7,64.5,0,63.7,.9,68000,65600,48300,0,2000,2700,100,300,1800,2200,200,3500,500,1200,600,2100,2400,1400,300,600,200,700,200,100,300,100,15800,8600,5800,900,500
"nonelderly_childless_hh","fourth_quintile",1982,7,14,0,13.8,.2,65400,63800,50300,0,2400,3100,200,300,1200,300,0,2700,200,500,300,2300,1700,800,200,600,100,100,100,0,100,0,14700,7000,6600,500,500
"nonelderly_childless_hh","highest_quintile",1982,10.5,22.2,0,21.9,.2,130900,129700,91600,0,3400,4800,200,500,5200,6700,600,7400,1300,3300,1500,3400,1200,600,100,300,100,100,0,0,0,0,33300,20400,10100,2000,800
"nonelderly_childless_hh","lowest_quintile",1982,4.7,7.7,0,7.5,.2,12600,6600,4200,0,300,300,0,0,100,100,0,500,100,100,100,1000,6000,4100,900,600,400,3900,1200,600,1300,800,1000,0,600,100,200
"nonelderly_childless_hh","middle_quintile",1982,5.8,10.7,0,10.5,.1,44100,41900,32400,0,1600,2000,100,200,900,100,0,1800,100,300,200,2000,2100,1100,200,700,100,300,100,0,100,0,8700,3500,4400,400,400
"nonelderly_childless_hh","percentiles_81_90",1982,4.9,10.2,0,10,.1,89700,88400,70100,0,3000,4200,200,400,1700,600,100,3900,600,800,400,2500,1300,600,100,400,100,100,0,0,0,0,21800,11600,8800,800,700
"nonelderly_childless_hh","percentiles_91_95",1982,3,6.3,0,6.2,.1,114600,113700,90200,0,3500,5200,200,500,2700,700,100,5100,500,1500,600,2900,1000,500,100,300,100,100,0,0,0,0,29100,16400,10800,1100,800
"nonelderly_childless_hh","percentiles_96_99",1982,2.2,4.8,0,4.7,.1,162400,161300,115200,0,3800,5500,200,600,8200,4100,600,10700,1600,4200,1600,4900,1200,700,200,200,100,100,0,0,0,0,41900,27000,11700,2200,900
"nonelderly_childless_hh","second_quintile",1982,5.5,9.6,0,9.4,.2,27700,24700,18300,0,1000,1200,100,100,600,100,0,1200,100,200,100,1600,3000,1800,300,800,100,600,200,100,200,100,4400,1200,2600,200,400
"nonelderly_childless_hh","top_1_percent",1982,.4,.9,0,.9,0,560700,559700,228500,0,4000,5200,200,1200,46600,134800,9600,46400,13700,39900,20400,9100,1000,800,100,200,0,100,100,0,100,0,152300,117500,11500,21600,1800
"nonelderly_childless_hh","all_quintiles",1983,34.8,66.4,0,65.5,.9,68100,65800,47800,0,2100,2700,100,300,2100,2800,200,3100,500,900,700,2300,2300,1300,300,500,200,800,300,100,300,200,15400,7900,5800,1100,600
"nonelderly_childless_hh","fourth_quintile",1983,7.4,14.8,0,14.6,.2,65700,64100,50000,0,2500,3100,200,400,1600,500,0,2400,200,400,300,2500,1600,800,200,500,100,200,100,0,100,0,14400,6400,6600,700,600
"nonelderly_childless_hh","highest_quintile",1983,10.5,22.2,0,22,.3,134600,133500,93300,0,3500,5000,200,700,5700,8500,700,6400,1200,2600,1900,3800,1100,600,100,300,100,100,0,0,0,0,33200,19200,10500,2600,900
"nonelderly_childless_hh","lowest_quintile",1983,4.8,7.6,0,7.5,.2,11700,6200,4100,0,200,300,0,0,100,0,0,500,100,100,100,800,5500,3700,900,500,400,4200,1300,500,1400,1000,1000,0,600,100,300
"nonelderly_childless_hh","middle_quintile",1983,6.2,11.4,0,11.3,.1,43800,41800,31500,0,1700,2000,100,200,1100,300,0,1700,200,200,200,2400,2000,1000,200,700,200,300,100,0,100,100,8500,3200,4300,500,500
"nonelderly_childless_hh","percentiles_81_90",1983,4.9,10.3,0,10.1,.1,91200,90000,71700,0,3200,4400,200,500,1900,600,100,3200,400,600,500,2800,1200,600,100,400,100,100,0,0,0,0,21600,10600,9200,1000,800
"nonelderly_childless_hh","percentiles_91_95",1983,2.9,6.3,0,6.2,.1,118100,117000,91700,0,3600,5300,200,700,3300,1400,200,4900,600,1100,800,3300,1100,700,100,300,100,100,0,0,0,0,29000,15500,11200,1400,900
"nonelderly_childless_hh","percentiles_96_99",1983,2.2,4.8,0,4.7,0,167700,166700,117500,0,4000,5700,200,800,9000,7200,700,9700,1500,3400,2200,5000,1000,600,100,200,100,0,0,0,0,0,41300,25000,12200,3000,1100
"nonelderly_childless_hh","second_quintile",1983,5.7,9.9,0,9.8,.2,27000,24000,17000,0,1000,1100,100,100,900,100,0,1300,100,200,200,1900,3000,1800,300,700,200,600,200,100,200,100,4200,1100,2400,300,400
"nonelderly_childless_hh","top_1_percent",1983,.4,.9,0,.9,0,567500,566200,225200,0,3900,5200,200,1500,48800,154000,11200,37100,12600,30100,24500,11900,1400,900,200,100,100,0,0,0,0,0,152000,111900,11600,26000,2400
"nonelderly_childless_hh","all_quintiles",1984,35.7,67.9,0,66.9,.9,70700,68500,48600,300,2100,2900,100,400,3000,3000,300,3300,500,900,900,2400,2200,1300,300,300,200,800,300,100,300,200,16000,7900,6100,1300,700
"nonelderly_childless_hh","fourth_quintile",1984,7.5,14.7,0,14.5,.2,69000,67600,51800,300,2500,3300,200,400,2200,500,100,2500,300,400,400,2700,1400,700,200,400,100,200,100,0,100,0,15100,6500,7100,800,700
"nonelderly_childless_hh","highest_quintile",1984,10.3,22,0,21.7,.2,144800,143700,97800,700,3400,5400,200,800,8000,9600,800,7200,1100,2400,2300,4000,1100,700,100,300,100,100,0,0,0,0,35500,20000,11400,3100,1000
"nonelderly_childless_hh","lowest_quintile",1984,5.5,8.6,0,8.4,.2,12500,7400,4200,0,300,300,0,0,100,100,0,700,100,100,100,1300,5100,3600,800,300,400,3800,1200,400,1300,900,1200,100,600,200,300
"nonelderly_childless_hh","middle_quintile",1984,6.2,11.6,0,11.4,.2,46400,44700,33000,100,1800,2200,100,300,1700,300,0,1900,200,300,300,2500,1700,900,200,400,200,300,100,0,100,0,9100,3400,4600,600,600
"nonelderly_childless_hh","percentiles_81_90",1984,4.9,10.4,0,10.2,.1,97100,96000,75300,500,3200,4800,200,600,2800,600,100,3600,300,600,600,2900,1100,600,100,300,100,100,0,0,0,0,23000,10900,10100,1200,800
"nonelderly_childless_hh","percentiles_91_95",1984,2.8,6,0,5.9,.1,126700,125500,96900,800,3600,5900,200,800,4100,1400,200,5300,400,1100,900,3800,1200,700,100,200,100,0,0,0,0,0,30800,15900,12200,1700,1000
"nonelderly_childless_hh","percentiles_96_99",1984,2.2,4.7,0,4.7,0,182600,181400,123500,1000,3700,6100,200,1000,13800,7300,900,10200,1800,3500,2600,5900,1200,800,100,200,100,100,0,0,0,0,43700,25900,13100,3600,1200
"nonelderly_childless_hh","second_quintile",1984,5.9,10.5,0,10.3,.2,28800,26200,18100,0,1100,1200,100,200,1000,100,0,1500,200,200,200,2300,2500,1500,300,500,200,600,200,100,200,100,4700,1200,2600,400,500
"nonelderly_childless_hh","top_1_percent",1984,.4,.8,0,.8,0,647000,645600,239000,700,3500,5300,200,1800,66800,186900,14500,46100,12500,27700,31900,8700,1400,900,100,200,100,100,0,0,100,0,175300,127000,11800,33700,2800
"nonelderly_childless_hh","all_quintiles",1985,36.2,68.5,0,67.5,1,73100,71000,50300,400,2200,3100,100,400,2600,3700,400,3300,500,1100,900,2300,2100,1300,300,300,200,800,300,100,300,200,16900,8400,6500,1200,700
"nonelderly_childless_hh","fourth_quintile",1985,7.7,15.2,0,15,.2,69200,67900,52700,400,2600,3500,200,400,1600,400,100,2400,200,500,400,2700,1300,700,200,300,200,200,100,0,100,0,15500,6600,7400,800,700
"nonelderly_childless_hh","highest_quintile",1985,10.9,22.5,0,22.3,.2,147200,146000,97900,1000,3600,5500,200,700,7100,11600,1100,7000,1100,2900,2300,3900,1100,700,100,200,100,100,0,0,100,0,36400,20600,11700,3000,1000
"nonelderly_childless_hh","lowest_quintile",1985,5,8,0,7.8,.2,12400,7100,4600,0,200,300,0,0,200,0,0,600,100,100,100,900,5300,3700,1000,300,300,4300,1400,500,1400,1100,1200,0,700,100,400
"nonelderly_childless_hh","middle_quintile",1985,6.3,11.6,0,11.5,.2,46300,44700,33200,100,1800,2200,100,300,1400,200,100,1800,200,300,300,2700,1700,900,200,400,200,300,100,0,100,0,9300,3400,4900,500,500
"nonelderly_childless_hh","percentiles_81_90",1985,5.2,10.6,0,10.5,.1,95900,94700,74100,800,3200,4900,200,600,2200,800,100,3300,300,700,500,3000,1200,700,100,200,100,100,0,0,100,0,22900,10800,10200,1100,800
"nonelderly_childless_hh","percentiles_91_95",1985,2.9,6.1,0,6,.1,125000,124100,95400,1100,3700,6000,200,700,3300,1800,200,5100,500,1200,900,3900,1000,600,100,200,100,100,0,0,0,0,30900,15800,12600,1600,900
"nonelderly_childless_hh","percentiles_96_99",1985,2.3,4.9,0,4.9,.1,183700,182600,126500,1400,4100,6500,200,900,10700,9200,900,9900,1700,3400,2400,4800,1100,700,200,200,100,100,0,0,0,0,45300,26900,13800,3400,1200
"nonelderly_childless_hh","second_quintile",1985,6,10.6,0,10.4,.2,28600,26300,18900,100,1000,1300,100,100,700,100,0,1300,100,200,200,2000,2400,1400,300,400,200,600,200,100,200,100,4900,1300,2900,300,500
"nonelderly_childless_hh","top_1_percent",1985,.4,.9,0,.9,0,710300,708700,247400,1000,4100,5300,200,1700,71900,216900,19500,49100,11800,37000,31600,11200,1600,1100,200,100,200,100,0,0,0,0,185400,137100,12200,33300,2800
"nonelderly_childless_hh","all_quintiles",1986,36.5,69.3,0,68.4,.9,77600,75500,51900,500,2200,3200,100,400,2800,6500,400,2800,400,1000,900,2200,2100,1300,300,300,200,900,300,100,300,200,17900,9000,6900,1300,700
"nonelderly_childless_hh","fourth_quintile",1986,7.8,15.4,0,15.2,.2,71700,70300,54700,500,2600,3700,200,400,1600,700,100,2200,200,500,400,2600,1400,800,200,400,100,200,100,0,100,0,16200,6900,7900,800,700
"nonelderly_childless_hh","highest_quintile",1986,10.9,22.9,0,22.7,.2,160700,159500,101800,1200,3700,5900,200,800,7800,20800,1100,6000,1000,2800,2400,4100,1100,600,100,200,100,100,0,0,0,0,39400,22600,12500,3200,1000
"nonelderly_childless_hh","lowest_quintile",1986,5.2,8.4,0,8.3,.2,12300,7300,4500,0,300,300,0,0,200,100,0,500,100,100,100,1000,5000,3500,900,200,300,4300,1500,400,1500,900,1200,0,700,100,300
"nonelderly_childless_hh","middle_quintile",1986,6.5,11.9,0,11.8,.2,47400,45500,33900,200,1800,2300,100,300,1500,400,100,1500,200,300,300,2600,1900,1000,200,400,200,300,100,0,100,0,9600,3500,5100,500,600
"nonelderly_childless_hh","percentiles_81_90",1986,5.2,10.8,0,10.7,.1,101500,100300,77900,1000,3300,5200,200,600,2800,1500,100,3100,300,700,500,3000,1200,600,200,300,100,100,0,0,0,0,24400,11400,11000,1200,800
"nonelderly_childless_hh","percentiles_91_95",1986,3,6.4,0,6.4,0,131900,130800,99900,1300,3700,6400,200,800,4200,3200,300,4200,600,1200,900,4000,1100,600,100,200,100,100,0,0,0,0,32800,16700,13400,1700,1000
"nonelderly_childless_hh","percentiles_96_99",1986,2.2,4.8,0,4.8,0,200300,199200,132100,1600,4200,6800,200,1000,12400,17400,1200,8500,1600,3600,2600,5800,1200,700,100,200,100,100,0,0,0,0,49300,29600,14700,3700,1300
"nonelderly_childless_hh","second_quintile",1986,5.7,10.1,0,9.9,.2,28500,25900,18500,100,1100,1300,100,200,800,200,0,1100,100,200,200,2300,2600,1600,400,400,200,700,300,100,200,100,4800,1200,2800,300,500
"nonelderly_childless_hh","top_1_percent",1986,.4,.9,0,.9,0,858400,857300,241900,1000,4300,5400,100,1800,68500,388600,19000,40300,9100,35400,33600,8300,1100,800,100,200,0,0,0,0,0,0,212900,161500,12600,35400,3400
"nonelderly_childless_hh","all_quintiles",1987,37.5,70.7,0,69.7,.9,77100,75000,53500,600,2500,3300,100,500,3400,2700,400,2800,500,1100,1100,2500,2100,1300,300,300,200,800,300,100,300,200,18500,9100,7100,1600,700
"nonelderly_childless_hh","fourth_quintile",1987,8.2,16,0,15.8,.2,72500,71200,54600,500,2900,3700,200,500,1900,400,100,2000,300,600,500,3000,1300,700,200,400,100,200,100,0,100,0,16000,6400,7900,1000,700
"nonelderly_childless_hh","highest_quintile",1987,11.3,23.7,0,23.5,.2,155200,154300,105000,1300,4300,6000,200,1000,9100,8100,1400,6300,1100,2900,2900,4700,900,500,100,200,100,100,0,0,0,0,40700,23000,12700,3900,1000
"nonelderly_childless_hh","lowest_quintile",1987,4.6,7.2,0,7.1,.2,12900,7200,4700,0,300,300,0,0,300,0,0,500,100,100,100,700,5700,4100,1000,200,400,4500,1600,400,1600,900,1300,0,800,200,500
"nonelderly_childless_hh","middle_quintile",1987,6.9,12.6,0,12.4,.2,47500,45600,34100,200,1900,2300,100,300,1500,300,0,1300,200,300,300,2600,1900,1100,200,400,200,400,100,0,100,100,9600,3200,5100,700,600
"nonelderly_childless_hh","percentiles_81_90",1987,5.5,11.3,0,11.2,.1,102500,101400,78600,1000,3800,5300,200,800,2600,800,200,2700,300,900,700,3500,1000,500,100,200,200,100,0,0,0,0,24600,11200,11100,1500,800
"nonelderly_childless_hh","percentiles_91_95",1987,3,6.6,0,6.5,.1,135400,134500,102200,1500,4400,6500,200,1000,4000,1900,400,4300,600,1400,1300,4900,900,500,100,200,100,0,0,0,0,0,34400,17500,13600,2300,1000
"nonelderly_childless_hh","percentiles_96_99",1987,2.3,4.9,0,4.8,0,196500,195700,133800,1900,4900,7100,200,1300,13400,7700,1900,8500,1800,3900,3500,5900,800,500,100,100,0,100,0,0,100,0,52400,31100,15300,4800,1200
"nonelderly_childless_hh","second_quintile",1987,6.2,10.7,0,10.5,.2,28300,25700,18100,100,1100,1300,100,200,900,200,0,1100,200,200,300,2100,2600,1600,300,400,200,800,300,100,200,200,4700,1000,2800,400,500
"nonelderly_childless_hh","top_1_percent",1987,.5,1,0,.9,0,718900,717700,299300,1400,4800,6400,200,2700,100000,140400,20100,51300,12100,31500,37000,10600,1300,800,200,100,100,200,100,0,100,0,218500,161800,14300,39700,2600
"nonelderly_childless_hh","all_quintiles",1988,38.6,72.1,0,71.2,1,81500,79300,55000,700,2600,3500,100,500,4400,3000,500,3000,500,1300,1200,3100,2100,1300,300,300,200,900,300,100,300,200,19600,9700,7500,1800,700
"nonelderly_childless_hh","fourth_quintile",1988,8.7,16.7,0,16.5,.2,73400,72100,54900,600,3100,3900,200,600,2000,300,100,1900,200,500,500,3400,1300,700,200,300,200,100,100,0,0,0,16600,6500,8300,1000,700
"nonelderly_childless_hh","highest_quintile",1988,11.6,24.1,0,23.8,.2,168000,167000,109000,1500,4600,6300,200,1100,12400,9300,1500,7000,1200,3500,3300,6100,1000,500,100,200,100,100,0,0,0,0,43800,25000,13400,4300,1100
"nonelderly_childless_hh","lowest_quintile",1988,4.7,7.3,0,7.2,.2,13300,7300,5100,0,200,400,0,100,200,0,0,400,100,100,100,700,6000,4200,1200,200,400,5100,1900,500,1700,1100,1400,0,900,100,400
"nonelderly_childless_hh","middle_quintile",1988,7.1,12.7,0,12.5,.2,48000,46200,33700,300,2000,2400,100,300,1600,200,0,1400,200,400,300,3100,1800,1000,200,300,200,300,100,0,100,0,9700,3200,5300,700,600
"nonelderly_childless_hh","percentiles_81_90",1988,5.6,11.3,0,11.2,.1,103300,102200,78100,1200,4000,5500,200,800,3000,500,200,2600,300,900,700,4200,1000,500,100,200,200,100,0,0,0,0,25100,11200,11600,1500,800
"nonelderly_childless_hh","percentiles_91_95",1988,3.2,6.7,0,6.6,.1,137200,136300,103000,1700,4800,6900,200,1000,4300,1400,400,4100,500,1400,1200,5400,900,500,100,200,100,0,0,0,0,0,35100,17400,14500,2200,1000
"nonelderly_childless_hh","percentiles_96_99",1988,2.3,5,0,5,0,204200,203300,135400,2000,5400,7300,200,1300,16200,7100,1800,9700,1900,4000,3600,7300,800,500,100,100,100,100,0,0,0,0,53400,31300,15900,4900,1200
"nonelderly_childless_hh","second_quintile",1988,6.4,10.9,0,10.7,.2,29300,26500,18900,100,1000,1400,100,200,1100,100,0,900,100,200,200,2400,2700,1700,300,300,300,700,300,100,200,100,4900,1000,3100,400,500
"nonelderly_childless_hh","top_1_percent",1988,.5,1,0,1,0,920900,919800,370200,1700,6100,6900,200,3400,151100,168800,21800,62100,12600,44400,44100,26500,1000,600,200,100,200,200,100,0,0,0,263900,197900,15500,47500,3100
"nonelderly_childless_hh","all_quintiles",1989,38.8,72.7,0,71.8,.9,80600,78500,54500,700,2700,3500,100,500,4100,2500,500,3300,500,1200,1100,3100,2100,1300,300,300,300,1000,400,100,300,200,19200,9400,7500,1600,700
"nonelderly_childless_hh","fourth_quintile",1989,8.6,16.6,0,16.4,.2,74000,72600,54800,700,3200,3900,100,500,2000,300,100,2100,200,500,500,3600,1400,700,200,300,200,200,100,0,100,0,16600,6600,8300,1000,700
"nonelderly_childless_hh","highest_quintile",1989,11.5,23.9,0,23.7,.2,166000,165100,108000,1700,4700,6300,200,1000,12000,7900,1500,7700,1200,3300,3000,6200,1000,500,100,200,100,100,100,0,0,0,42800,24200,13500,4100,1000
"nonelderly_childless_hh","lowest_quintile",1989,4.7,7.5,0,7.4,.1,14100,8100,5600,0,200,400,0,100,200,100,0,400,100,100,100,900,6000,4100,1100,200,600,5200,2000,500,1600,1100,1400,0,900,100,400
"nonelderly_childless_hh","middle_quintile",1989,7.3,13,0,12.9,.2,48300,46600,34200,300,2100,2500,100,300,1600,200,0,1400,200,300,300,3100,1600,900,200,300,300,400,200,0,100,100,9800,3300,5300,600,500
"nonelderly_childless_hh","percentiles_81_90",1989,5.6,11.5,0,11.4,.1,105400,104400,78500,1400,4100,5500,200,800,3300,700,200,3100,400,800,700,4600,1000,500,100,200,100,100,100,0,0,0,25600,11600,11600,1500,800
"nonelderly_childless_hh","percentiles_91_95",1989,3.1,6.5,0,6.5,.1,139400,138400,103400,2000,4900,6900,200,1000,5100,1500,500,4500,600,1600,1200,5100,1000,600,200,200,100,100,100,0,0,0,35500,17800,14600,2200,1000
"nonelderly_childless_hh","percentiles_96_99",1989,2.3,4.9,0,4.9,0,208600,207900,139700,2400,5600,7500,200,1300,15500,6400,2100,9800,1700,4200,3400,8100,800,400,100,100,100,100,100,0,0,0,54300,32200,16200,4700,1200
"nonelderly_childless_hh","second_quintile",1989,6.4,11,0,10.9,.2,29700,27000,19300,100,1100,1400,100,200,900,100,0,900,100,200,200,2400,2700,1600,400,400,400,900,400,100,300,100,5000,1000,3100,400,500
"nonelderly_childless_hh","top_1_percent",1989,.5,1,0,1,0,845900,844700,332200,1800,6400,7100,100,3000,142700,142000,21500,72300,12800,39800,40000,23100,1100,700,100,100,200,100,100,0,0,0,237600,175700,16100,42900,2800
"nonelderly_childless_hh","all_quintiles",1990,39.2,73,0,72,1,81400,79100,55200,800,2700,3600,100,500,4300,2100,600,3300,500,1200,1100,3100,2300,1400,400,300,200,1000,400,100,300,200,19600,9600,7700,1600,700
"nonelderly_childless_hh","fourth_quintile",1990,8.9,17.1,0,16.8,.2,73300,71900,54600,700,3200,4000,100,500,1800,200,100,2000,200,500,400,3500,1500,800,200,300,200,200,100,0,100,0,16600,6500,8500,900,700
"nonelderly_childless_hh","highest_quintile",1990,11.8,24.2,0,23.9,.2,166100,165100,108500,1800,4700,6500,200,1000,12500,6500,1800,7900,1400,3300,3100,6100,1000,500,100,300,100,200,100,0,100,0,42900,24200,13700,4000,1000
"nonelderly_childless_hh","lowest_quintile",1990,4.8,7.5,0,7.4,.1,14400,8400,5700,0,300,400,0,100,400,0,0,400,100,100,100,800,6000,4000,1100,300,600,5200,2000,500,1500,1200,1500,0,1000,100,400
"nonelderly_childless_hh","middle_quintile",1990,7,12.7,0,12.5,.2,48900,46800,34400,300,2100,2500,100,300,1500,100,0,1200,200,300,300,3400,2000,1200,300,400,200,400,200,0,200,100,10000,3400,5400,600,600
"nonelderly_childless_hh","percentiles_81_90",1990,5.7,11.6,0,11.5,.1,103500,102400,77800,1400,4200,5600,200,700,2800,500,200,2900,400,700,700,4500,1100,500,200,300,100,200,100,0,100,0,25200,11300,11800,1400,800
"nonelderly_childless_hh","percentiles_91_95",1990,3.2,6.5,0,6.5,.1,135900,134800,100600,1900,4800,6900,200,900,4700,1000,400,4800,600,1400,1200,5500,1100,500,100,200,300,100,100,0,0,0,34700,17100,14600,2100,900
"nonelderly_childless_hh","percentiles_96_99",1990,2.4,5,0,5,0,202100,201200,136600,2500,5600,7700,200,1200,14400,4500,2400,9900,1700,3800,3200,7500,900,500,100,200,0,200,100,0,100,0,52600,30500,16600,4400,1100
"nonelderly_childless_hh","second_quintile",1990,6.3,11,0,10.8,.2,30700,27600,19900,100,1100,1500,100,200,1000,100,0,1000,100,200,200,2200,3100,1900,500,400,300,900,400,100,300,200,5200,1100,3300,400,500
"nonelderly_childless_hh","top_1_percent",1990,.5,1,0,1,0,896400,895600,370800,1700,6000,7200,100,3100,164200,120200,24600,76100,15600,41700,41800,22600,800,400,100,200,100,200,100,0,100,0,249400,185600,16400,44900,2500
"nonelderly_childless_hh","all_quintiles",1991,39.8,74.2,0,73.2,1,79100,76600,54100,700,2700,3600,100,400,4000,1800,500,2900,500,1100,1000,3200,2500,1300,400,500,300,1100,500,100,400,200,19000,9200,7700,1400,700
"nonelderly_childless_hh","fourth_quintile",1991,8.9,17.3,0,17.1,.2,72900,71300,53900,700,3200,3900,100,500,1900,300,100,1800,300,500,400,3800,1600,700,200,500,200,300,100,0,100,0,16400,6400,8300,900,800
"nonelderly_childless_hh","highest_quintile",1991,12,24.3,0,24.1,.2,159800,158700,106600,1700,4700,6500,200,900,11500,5400,1700,6500,1300,2900,2600,6300,1100,500,100,300,100,100,100,0,0,0,41800,23200,14000,3500,1100
"nonelderly_childless_hh","lowest_quintile",1991,5,7.8,0,7.6,.2,14700,8200,5500,0,300,400,0,0,300,0,0,500,100,100,100,800,6600,4200,1300,400,700,6000,2500,500,1800,1100,1500,-100,1000,100,400
"nonelderly_childless_hh","middle_quintile",1991,7.4,13.5,0,13.3,.2,48000,45800,33500,300,2000,2500,100,300,1500,200,0,1300,200,300,300,3400,2300,1100,300,600,300,500,200,0,200,100,9700,3200,5300,600,600
"nonelderly_childless_hh","percentiles_81_90",1991,5.7,11.5,0,11.4,.1,101200,100100,75900,1300,4100,5500,200,600,2800,500,200,2500,400,700,600,4800,1200,500,100,400,100,100,100,0,100,0,24500,10900,11500,1200,900
"nonelderly_childless_hh","percentiles_91_95",1991,3.2,6.5,0,6.5,.1,134100,133000,100100,2000,4800,7000,200,800,4500,1100,500,4000,600,1300,1000,5100,1100,500,100,300,100,100,0,0,0,0,34300,16600,14800,1900,1000
"nonelderly_childless_hh","percentiles_96_99",1991,2.6,5.2,0,5.2,0,198500,197600,135900,2400,5600,7900,200,1100,14900,4200,1700,7800,1800,3400,2700,8200,800,400,100,200,100,100,100,0,0,0,52100,29600,17500,3800,1300
"nonelderly_childless_hh","second_quintile",1991,6.2,10.9,0,10.7,.2,29600,26500,18700,100,1100,1400,100,200,1100,100,0,900,100,200,200,2300,3200,1800,400,600,300,1100,500,100,300,200,4900,1000,3100,300,500
"nonelderly_childless_hh","top_1_percent",1991,.5,1.1,0,1.1,0,761800,760700,338400,2100,6000,7400,100,2600,130500,90100,23800,59100,13900,33400,33600,19800,1000,700,200,100,100,200,100,0,100,0,223600,164400,20500,36200,2600
"nonelderly_childless_hh","all_quintiles",1992,39.7,74.1,0,73.1,1,81500,78800,55400,900,3000,3600,100,500,4600,1900,500,2100,600,1000,1100,3400,2700,1400,400,600,300,1300,600,100,400,200,19600,9500,7700,1600,800
"nonelderly_childless_hh","fourth_quintile",1992,8.9,17.1,0,16.9,.2,73000,71400,53900,800,3500,4000,100,500,1900,300,100,1300,200,400,400,3900,1700,700,200,600,100,300,200,0,100,0,16300,6200,8400,900,800
"nonelderly_childless_hh","highest_quintile",1992,12,24.1,0,24,.2,166400,165300,110700,2200,5300,6700,100,1000,13000,5900,1600,4900,1400,2700,2900,6800,1100,500,100,400,100,100,100,0,0,0,43700,24500,14100,3900,1100
"nonelderly_childless_hh","lowest_quintile",1992,4.9,8,0,7.8,.2,15400,7900,5500,0,300,400,0,0,300,0,0,400,100,100,100,600,7500,4600,1500,800,600,6500,2800,600,1900,1200,1500,-100,1000,100,500
"nonelderly_childless_hh","middle_quintile",1992,7.4,13.5,0,13.3,.2,49000,46400,33900,300,2200,2500,100,300,1600,200,0,900,200,300,300,3500,2600,1200,300,700,300,500,300,0,200,100,9800,3200,5400,600,600
"nonelderly_childless_hh","percentiles_81_90",1992,5.8,11.3,0,11.2,.1,101900,100600,76500,1600,4600,5500,100,700,2700,500,200,1800,300,600,600,4800,1300,500,100,500,200,200,100,0,0,0,24600,10800,11600,1300,900
"nonelderly_childless_hh","percentiles_91_95",1992,3.2,6.7,0,6.6,0,136200,135200,101100,2400,5500,7100,200,900,4300,1200,500,3000,700,1200,1100,5900,1000,400,100,400,100,200,100,0,100,0,34500,16600,14800,2000,1000
"nonelderly_childless_hh","percentiles_96_99",1992,2.5,5,0,5,0,204500,203700,138900,3000,6400,8200,100,1200,16400,4700,2000,5600,2000,3200,3000,8900,800,400,100,200,100,100,0,0,0,0,53900,30600,17700,4300,1300
"nonelderly_childless_hh","second_quintile",1992,6.3,10.8,0,10.6,.2,29500,25900,18300,100,1100,1400,100,200,1000,100,0,700,200,100,200,2400,3600,1900,500,800,400,1400,700,200,400,200,4800,900,3000,400,500
"nonelderly_childless_hh","top_1_percent",1992,.5,1.1,0,1.1,0,863200,861800,406100,2600,6600,9300,100,3400,159600,97300,22000,46000,15500,31400,38700,23300,1300,900,200,200,0,100,0,0,0,0,257000,192000,20500,42000,2500
"nonelderly_childless_hh","all_quintiles",1993,39.5,73.3,0,72.3,1,80800,78100,54400,1000,3300,3600,100,600,4400,2200,500,1700,700,1000,1300,3500,2700,1500,500,500,200,1400,600,100,400,200,19800,9500,7700,1800,800
"nonelderly_childless_hh","fourth_quintile",1993,9,17.2,0,16.9,.2,73200,71500,53500,900,3900,3900,100,600,1800,400,100,1000,300,400,400,4100,1800,800,200,600,200,300,200,0,100,0,16200,6200,8300,1000,800
"nonelderly_childless_hh","highest_quintile",1993,11.9,24,0,23.8,.2,164400,163200,108500,2300,5800,6600,100,1100,12400,6700,1600,3900,1700,2700,3400,6400,1200,500,200,300,100,200,100,0,100,0,44600,24600,14300,4600,1200
"nonelderly_childless_hh","lowest_quintile",1993,5,7.9,0,7.8,.2,14400,7100,4800,0,200,400,0,100,300,0,0,300,100,100,100,700,7300,4700,1500,600,500,6700,2900,700,1900,1300,1300,-100,800,100,400
"nonelderly_childless_hh","middle_quintile",1993,7.3,13.3,0,13.1,.2,48300,45900,33200,300,2500,2400,100,400,1500,200,0,700,200,300,300,3700,2400,1200,300,600,200,600,300,100,200,100,9700,3100,5300,700,700
"nonelderly_childless_hh","percentiles_81_90",1993,5.7,11.3,0,11.2,.1,103100,101800,76800,1700,5200,5600,100,800,2600,700,200,1400,400,700,700,4900,1300,600,200,400,100,200,100,0,100,0,24800,10700,11700,1500,900
"nonelderly_childless_hh","percentiles_91_95",1993,3.2,6.6,0,6.5,.1,137500,136300,101000,2600,5900,7100,200,1100,5200,1600,400,2200,900,1300,1300,5600,1100,500,200,300,100,200,100,0,100,0,35100,16700,14900,2400,1100
"nonelderly_childless_hh","percentiles_96_99",1993,2.5,5,0,4.9,0,204600,203600,138100,3200,6900,8200,100,1400,15700,5400,1900,4700,2500,3500,3700,8300,1000,500,100,200,100,100,0,0,0,0,55200,30600,18100,5100,1400
"nonelderly_childless_hh","second_quintile",1993,6,10.5,0,10.3,.2,29400,25800,18300,100,1200,1400,100,200,1200,100,0,500,200,200,200,2200,3600,2200,600,600,200,1600,800,200,400,200,4800,800,3000,400,600
"nonelderly_childless_hh","top_1_percent",1993,.5,1.1,0,1.1,0,798800,797800,355900,2400,7300,7500,100,3400,145200,108400,22200,36400,16500,28400,44800,19300,1000,600,100,200,100,300,100,0,100,0,265900,194300,20500,48200,2900
"nonelderly_childless_hh","all_quintiles",1994,40.4,74.3,0,73.3,1,81500,79000,54800,1100,3600,3700,100,600,4600,2200,500,1500,600,1000,1400,3400,2500,1400,500,400,200,1500,700,100,400,200,20300,9500,7900,2000,900
"nonelderly_childless_hh","fourth_quintile",1994,9.3,17.6,0,17.4,.2,74000,72500,54200,1000,4000,4000,100,600,1700,300,100,900,300,400,500,4200,1500,800,200,400,200,400,200,0,100,0,16600,6200,8400,1100,900
"nonelderly_childless_hh","highest_quintile",1994,11.9,24.1,0,23.9,.2,167600,166400,109600,2500,6300,6900,100,1200,13500,6700,1500,3600,1500,2700,3800,6400,1200,600,200,300,200,200,100,0,100,0,46400,25200,14900,5000,1200
"nonelderly_childless_hh","lowest_quintile",1994,4.9,7.7,0,7.5,.2,14000,7000,4700,0,300,300,0,100,300,0,0,200,100,100,100,700,6900,4500,1600,300,500,7600,3600,600,2000,1300,1200,-300,800,100,500
"nonelderly_childless_hh","middle_quintile",1994,7.6,13.7,0,13.4,.2,48400,46200,33600,400,2500,2500,100,400,1400,200,0,600,200,300,300,3700,2200,1200,400,400,200,600,300,0,100,100,9700,3000,5300,700,700
"nonelderly_childless_hh","percentiles_81_90",1994,5.8,11.6,0,11.4,.1,105600,104200,78700,2000,5500,5700,100,900,2800,600,200,1300,400,600,700,4800,1300,600,200,300,200,300,200,0,100,0,25700,11000,12100,1600,1000
"nonelderly_childless_hh","percentiles_91_95",1994,3.2,6.5,0,6.5,0,138400,137300,102400,2800,6400,7300,100,1200,5300,1100,400,1900,700,1200,1200,5300,1100,500,100,300,100,200,100,0,0,0,35900,17000,15400,2400,1200
"nonelderly_childless_hh","percentiles_96_99",1994,2.5,5,0,5,0,210100,209100,142200,3400,7800,8400,100,1600,16900,4700,1800,4200,2000,3300,3700,9000,1000,400,100,200,200,100,100,0,0,0,57300,32000,18600,5300,1500
"nonelderly_childless_hh","second_quintile",1994,6.2,10.7,0,10.5,.2,29500,26300,18400,100,1400,1400,100,200,1100,100,0,500,200,200,200,2400,3200,1900,500,500,200,1500,800,100,300,200,4700,600,3100,400,600
"nonelderly_childless_hh","top_1_percent",1994,.5,1,0,1,0,852200,850900,347700,3000,9200,10400,100,3600,170200,122600,22900,39000,15900,32400,55600,18100,1300,1000,200,100,100,300,200,0,100,0,295100,206100,26800,59200,3000
"nonelderly_childless_hh","all_quintiles",1995,40.9,75.1,0,74.1,1,82900,80300,55300,1300,3400,3800,100,700,4400,2400,500,1700,700,1100,1400,3600,2500,1500,500,300,200,1600,800,100,400,300,20800,9800,8000,2100,800
"nonelderly_childless_hh","fourth_quintile",1995,9.4,17.8,0,17.6,.2,75900,74300,55200,1200,4100,4100,100,700,1900,300,100,1100,300,400,500,4300,1500,800,300,300,100,300,200,0,100,0,17100,6400,8600,1200,900
"nonelderly_childless_hh","highest_quintile",1995,11.7,23.4,0,23.2,.2,173600,172600,112600,3100,6100,7100,100,1400,12900,7600,1600,4200,1700,3000,4100,7100,1000,500,200,200,100,200,100,0,0,0,48500,26600,15200,5500,1200
"nonelderly_childless_hh","lowest_quintile",1995,5.7,9.2,0,9,.2,14800,7800,5400,0,300,400,0,100,300,0,0,200,100,100,100,700,7000,4500,1800,300,500,7500,3700,600,1900,1400,1300,-300,900,200,500
"nonelderly_childless_hh","middle_quintile",1995,7.7,13.8,0,13.6,.2,50200,48100,34800,500,2600,2600,100,400,1500,200,0,700,200,300,300,3700,2100,1200,300,400,100,600,400,0,100,100,10300,3200,5600,800,700
"nonelderly_childless_hh","percentiles_81_90",1995,5.6,11,0,10.9,.1,107600,106500,79400,2300,5300,5900,100,1000,2500,600,300,1500,500,800,900,5400,1100,600,200,200,100,200,100,0,100,0,26400,11400,12200,1800,1000
"nonelderly_childless_hh","percentiles_91_95",1995,3.2,6.5,0,6.4,.1,142500,141500,103500,3400,6100,7500,100,1300,4800,1400,500,2300,1000,1500,1500,6700,1000,500,100,300,100,200,100,0,0,0,37300,17700,15700,2800,1100
"nonelderly_childless_hh","percentiles_96_99",1995,2.4,4.9,0,4.9,0,219400,218600,146900,4200,7000,8800,100,1800,16200,6200,1800,5100,2900,4100,4500,8800,800,400,100,200,100,200,100,0,0,0,60700,33900,19100,6300,1500
"nonelderly_childless_hh","second_quintile",1995,6.1,10.6,0,10.4,.2,31200,27900,19700,200,1400,1500,100,200,1000,100,0,500,200,200,200,2500,3300,2000,600,400,200,1600,900,100,400,200,5100,800,3300,500,600
"nonelderly_childless_hh","top_1_percent",1995,.5,1,0,1,0,902400,900900,379200,3200,10100,11300,100,4200,168300,134200,22000,42900,14500,33400,57100,20400,1400,300,100,100,1000,100,100,0,0,0,314000,223100,26300,61300,3300
"nonelderly_childless_hh","all_quintiles",1996,41.8,77,0,75.9,1.1,86100,83500,56700,1500,3400,3800,100,700,4700,3400,400,1800,600,1100,1500,3700,2600,1500,600,300,200,1600,800,100,400,200,21800,10600,8200,2200,800
"nonelderly_childless_hh","fourth_quintile",1996,9.5,17.9,0,17.7,.2,77200,75800,56300,1400,3900,4200,100,700,1800,500,100,1000,200,500,500,4400,1400,700,200,400,100,300,200,0,100,0,17500,6600,8800,1200,800
"nonelderly_childless_hh","highest_quintile",1996,12.1,24.4,0,24.1,.3,182400,181200,115900,3500,6000,7300,100,1400,13900,11000,1400,4400,1500,3100,4300,7300,1200,700,200,200,100,200,100,0,0,0,51300,28900,15500,5800,1200
"nonelderly_childless_hh","lowest_quintile",1996,5.9,9.4,0,9.1,.2,14200,7000,4800,0,300,400,0,100,300,100,0,200,100,100,100,700,7100,4700,1900,300,300,7600,3700,600,1900,1300,1100,-300,800,100,400
"nonelderly_childless_hh","middle_quintile",1996,7.8,14.2,0,14,.2,51100,48900,35500,500,2700,2700,100,500,1400,300,0,700,200,300,300,3600,2200,1200,400,400,200,600,400,0,200,100,10400,3200,5700,800,700
"nonelderly_childless_hh","percentiles_81_90",1996,5.9,11.9,0,11.7,.2,111000,109600,81300,2800,5200,6000,100,1000,2500,1000,200,1500,400,900,900,5700,1400,800,300,300,100,200,200,0,100,0,27200,11800,12600,1900,900
"nonelderly_childless_hh","percentiles_91_95",1996,3.2,6.5,0,6.4,.1,149100,147900,107400,4000,6100,7700,100,1400,5200,2200,400,2900,900,1500,1700,6500,1100,600,200,200,100,100,100,0,0,0,39200,18800,16200,3000,1100
"nonelderly_childless_hh","percentiles_96_99",1996,2.5,5,0,4.9,0,227100,226200,148800,4700,7000,8800,100,1800,19400,7800,1800,5500,2100,4400,4500,9500,900,500,200,200,0,100,100,0,0,0,63100,36200,19200,6300,1400
"nonelderly_childless_hh","second_quintile",1996,6.3,10.9,0,10.7,.2,31100,27900,19600,200,1400,1500,100,200,1100,100,0,500,100,200,200,2600,3200,1900,700,500,200,1400,800,100,300,200,5000,800,3300,500,500
"nonelderly_childless_hh","top_1_percent",1996,.5,1,0,1,0,999600,998800,410700,3400,9900,11900,100,4700,172900,197200,19000,41600,14600,32400,60300,19900,800,500,200,100,100,100,100,0,0,0,349200,253600,27600,65000,2900
"nonelderly_childless_hh","all_quintiles",1997,43,78.4,0,77.3,1.1,89300,86700,58200,1500,3100,3900,100,700,5100,4700,400,1800,600,1300,1600,4000,2600,1500,600,300,200,1600,900,100,400,200,22700,11300,8300,2300,800
"nonelderly_childless_hh","fourth_quintile",1997,9.6,18.1,0,17.9,.2,79000,77500,57500,1500,3600,4300,100,700,2100,700,100,1000,300,500,500,4700,1500,700,300,300,300,400,300,0,100,0,18000,6900,9100,1200,800
"nonelderly_childless_hh","highest_quintile",1997,12.3,24.4,0,24.2,.2,194200,193100,121100,3600,5400,7500,100,1500,15100,15300,1300,4400,1500,3700,4700,8000,1100,600,200,200,100,200,200,0,0,0,54900,31600,16000,6200,1200
"nonelderly_childless_hh","lowest_quintile",1997,6.3,9.8,0,9.5,.2,14600,7400,5000,0,300,400,0,100,400,100,0,200,100,0,100,800,7200,4600,2000,200,400,7800,4000,500,2000,1400,1200,-200,900,100,400
"nonelderly_childless_hh","middle_quintile",1997,7.9,14.2,0,14,.2,52100,50100,36800,600,2500,2800,100,500,1300,300,0,700,200,300,300,3700,2000,1100,400,400,100,700,400,0,100,100,10700,3400,5900,800,700
"nonelderly_childless_hh","percentiles_81_90",1997,6.1,12.1,0,12,.1,114100,113000,83700,2900,4700,6300,100,1100,3100,1300,100,1500,400,900,800,6000,1100,500,200,300,100,200,200,0,0,0,28400,12400,13100,1900,1000
"nonelderly_childless_hh","percentiles_91_95",1997,3.2,6.4,0,6.3,.1,153700,152700,111200,4100,5500,7900,100,1400,5400,2900,300,2600,900,1800,1600,6800,1000,500,200,200,100,200,100,0,0,0,40700,20000,16500,3000,1100
"nonelderly_childless_hh","percentiles_96_99",1997,2.4,4.8,0,4.8,0,241000,239800,156100,4600,6200,9100,100,1900,19500,11900,1600,5400,2200,5200,4800,11100,1200,700,300,200,100,200,100,0,0,0,67300,39400,19800,6800,1400
"nonelderly_childless_hh","second_quintile",1997,6.5,11.4,0,11.2,.2,32100,29000,20600,200,1400,1600,100,300,1200,200,0,500,200,200,200,2400,3100,1700,700,400,300,1400,800,100,300,100,5300,900,3500,500,500
"nonelderly_childless_hh","top_1_percent",1997,.5,1,0,1,0,1198400,1197600,468800,3200,9200,12800,100,5400,201200,278700,20400,46600,16200,41500,69400,23900,800,500,100,100,100,100,100,0,0,0,407600,299900,29800,74800,3200
"nonelderly_childless_hh","all_quintiles",1998,44.4,80.8,0,79.6,1.1,93000,90400,60200,1700,3000,4100,100,700,5300,5600,400,1800,600,1200,1500,4400,2600,1600,600,300,200,1800,1000,100,400,200,23400,11800,8600,2200,800
"nonelderly_childless_hh","fourth_quintile",1998,10,18.9,0,18.7,.2,82600,81200,60600,1800,3600,4600,100,700,2000,800,100,1000,300,400,400,4800,1500,800,300,300,100,400,200,0,100,0,18700,7200,9600,1100,800
"nonelderly_childless_hh","highest_quintile",1998,12.4,24.3,0,24,.2,205900,204900,126300,3900,5300,7800,100,1400,16500,18900,1400,4600,1500,3500,4500,9100,1100,600,200,200,100,200,200,0,100,0,57700,33800,16700,6000,1200
"nonelderly_childless_hh","lowest_quintile",1998,6.7,10.4,0,10.2,.2,15600,8300,5500,0,400,400,0,100,400,100,0,200,100,100,100,900,7300,4800,2000,200,400,8000,4300,400,2000,1300,1200,-300,1000,100,400
"nonelderly_childless_hh","middle_quintile",1998,8.3,14.8,0,14.6,.2,54000,52000,38100,700,2400,2900,100,400,1700,400,0,700,200,200,300,4000,2000,1100,400,400,100,700,500,0,100,0,10900,3500,6100,700,700
"nonelderly_childless_hh","percentiles_81_90",1998,6.1,12,0,11.9,.1,118300,117200,87000,3200,4500,6500,100,1000,3200,1500,100,1600,400,800,700,6400,1100,600,200,200,100,300,200,0,100,0,29400,13000,13600,1700,1000
"nonelderly_childless_hh","percentiles_91_95",1998,3.3,6.5,0,6.5,.1,160500,159500,114700,4600,5400,8200,100,1300,6600,3600,300,2400,900,1700,1500,8400,1000,500,200,200,100,200,100,0,0,0,42400,21100,17300,2800,1200
"nonelderly_childless_hh","percentiles_96_99",1998,2.4,4.8,0,4.7,.1,255200,254000,163200,4900,6200,9400,100,1800,23600,13700,1400,5900,2300,4800,4500,12400,1200,700,200,200,100,200,100,0,0,0,71100,42800,20500,6300,1500
"nonelderly_childless_hh","second_quintile",1998,6.8,11.9,0,11.7,.2,33700,30600,22100,200,1400,1700,100,300,1000,200,0,400,100,200,200,2700,3100,1800,700,400,200,1800,1200,100,400,200,5400,800,3600,400,600
"nonelderly_childless_hh","top_1_percent",1998,.5,1,0,1,0,1360500,1359400,511200,3500,8900,13500,100,5300,213900,364200,23500,50500,16600,43700,72800,31600,1100,700,300,100,100,200,200,0,0,0,446300,333600,31200,78100,3400
"nonelderly_childless_hh","all_quintiles",1999,45,82.3,0,81.1,1.2,96800,94300,62300,1800,3000,4200,100,700,5400,6600,400,1700,600,1300,1500,4600,2600,1600,600,300,200,1800,1200,100,400,200,24500,12500,8900,2200,900
"nonelderly_childless_hh","fourth_quintile",1999,10.1,19,0,18.8,.2,85100,83700,62200,1900,3500,4700,100,700,2000,1000,100,1000,300,500,500,5300,1500,800,300,300,100,400,300,0,100,0,19300,7500,9800,1200,900
"nonelderly_childless_hh","highest_quintile",1999,12.5,24.6,0,24.4,.3,216200,215100,131500,4300,5300,8100,100,1500,16900,22100,1300,4400,1600,3800,4600,9400,1100,700,200,200,100,200,100,0,0,0,61100,36400,17300,6100,1300
"nonelderly_childless_hh","lowest_quintile",1999,6.9,10.9,0,10.7,.2,16300,9200,6000,0,400,400,0,100,700,100,0,200,100,100,100,1000,7100,4600,1900,200,400,7800,4600,400,1800,1100,1300,-300,1000,200,500
"nonelderly_childless_hh","middle_quintile",1999,8.2,14.7,0,14.5,.2,55500,53600,39700,800,2400,3000,100,500,1300,500,0,600,200,300,300,3900,1900,1000,400,300,100,800,600,0,200,0,11300,3500,6300,700,700
"nonelderly_childless_hh","percentiles_81_90",1999,6.1,12,0,11.9,.1,122600,121400,89700,3600,4600,6700,100,1000,3500,2000,100,1500,400,900,800,6500,1100,700,200,200,100,200,100,0,0,0,30600,13600,14000,1800,1100
"nonelderly_childless_hh","percentiles_91_95",1999,3.3,6.6,0,6.5,.1,167000,165800,118500,5000,5300,8500,100,1400,6400,4900,400,2300,800,1900,1600,8800,1200,700,200,200,100,200,100,0,0,0,44600,22500,17800,2900,1300
"nonelderly_childless_hh","percentiles_96_99",1999,2.5,4.9,0,4.9,.1,267900,266900,168000,5200,6400,9700,100,1900,24900,17500,1400,5900,2500,5200,4800,13200,1000,700,200,200,0,200,200,0,0,0,75800,46100,21300,6700,1600
"nonelderly_childless_hh","second_quintile",1999,7,12.5,0,12.3,.2,34800,31800,22600,200,1500,1700,100,300,1200,300,0,400,200,200,200,2900,3000,1800,600,400,300,2000,1400,100,400,100,5600,800,3700,400,600
"nonelderly_childless_hh","top_1_percent",1999,.5,1,0,1,0,1371700,1371200,527100,4000,8700,14400,100,5500,201500,387800,21100,44600,16300,42200,67900,30000,500,300,100,100,0,100,100,0,100,0,452000,342100,32800,73400,3700
"nonelderly_childless_hh","all_quintiles",2000,46.7,84.7,0,83.4,1.3,99200,96500,63200,1900,3100,4200,100,700,5300,6800,500,1900,600,1500,1500,5300,2700,1600,600,300,200,2000,1300,100,400,200,25000,13100,9000,2100,800
"nonelderly_childless_hh","fourth_quintile",2000,10.5,20,0,19.7,.3,86500,85100,62600,2000,3700,4700,100,700,2000,900,100,1000,300,600,400,6100,1400,700,300,300,100,400,300,0,100,0,19500,7600,9900,1100,800
"nonelderly_childless_hh","highest_quintile",2000,12.7,24.6,0,24.4,.3,226000,224900,136600,4500,5500,8300,100,1500,16800,23800,1600,5100,1600,4400,4700,10400,1100,600,200,200,100,200,200,0,0,0,63900,38900,17600,6100,1200
"nonelderly_childless_hh","lowest_quintile",2000,7.2,10.9,0,10.7,.2,16000,8500,5800,0,300,400,0,100,400,100,0,200,100,100,100,900,7500,4900,2000,200,300,8800,5200,400,1900,1200,1300,-300,1000,100,500
"nonelderly_childless_hh","middle_quintile",2000,8.7,15.6,0,15.4,.2,56300,54300,39500,800,2500,3000,100,400,1400,500,0,700,200,400,300,4600,2000,1100,400,300,100,800,600,0,200,0,11400,3700,6300,700,700
"nonelderly_childless_hh","percentiles_81_90",2000,6.2,12.1,0,12,.1,124900,123800,90400,3800,4700,6800,100,1000,3300,2000,100,1700,400,1100,800,7500,1200,600,200,200,100,200,200,0,0,0,31100,14200,14200,1800,1000
"nonelderly_childless_hh","percentiles_91_95",2000,3.4,6.6,0,6.5,.1,170300,169200,120900,5100,5400,8500,100,1300,6600,4400,400,2700,800,2100,1500,9200,1100,600,200,200,100,200,100,0,0,0,45000,23000,18000,2900,1200
"nonelderly_childless_hh","percentiles_96_99",2000,2.6,4.9,0,4.9,.1,273900,272800,175900,5400,6400,10200,100,1900,22300,16300,1600,6400,2400,5600,4500,13800,1100,700,200,100,100,200,100,0,0,0,77800,48000,22000,6400,1500
"nonelderly_childless_hh","second_quintile",2000,7.4,13.2,0,13,.3,35800,32500,23100,300,1500,1700,100,300,1200,200,0,500,100,200,200,3100,3300,2100,700,300,200,1900,1300,100,300,200,5800,1000,3800,400,600
"nonelderly_childless_hh","top_1_percent",2000,.6,1.1,0,1,0,1479900,1479100,569000,4100,9700,15100,100,5600,205200,422400,26100,52000,16200,50300,67900,35200,800,400,200,100,0,300,200,0,0,0,482000,370600,34400,73500,3500
"nonelderly_childless_hh","all_quintiles",2001,47.6,86,0,84.6,1.3,94400,91400,63200,1900,3200,4300,100,500,5200,3300,400,1700,600,1000,1000,4900,2900,1700,700,400,200,2100,1400,100,400,300,22500,11200,9100,1400,800
"nonelderly_childless_hh","fourth_quintile",2001,10.9,20.2,0,20,.3,85500,83900,62500,2100,3800,4700,100,500,1800,300,100,900,300,500,300,6000,1600,800,300,400,100,400,300,0,100,0,18200,6700,9900,800,800
"nonelderly_childless_hh","highest_quintile",2001,13.2,25.4,0,25.2,.3,206600,205500,134800,4600,5800,8500,100,1000,16500,11500,1400,4300,1700,3000,3000,9500,1200,600,200,300,100,300,200,0,0,0,56000,32900,18000,4000,1200
"nonelderly_childless_hh","lowest_quintile",2001,7.2,11.5,0,11.2,.3,16400,8500,5700,0,400,400,0,0,600,0,0,200,100,100,100,900,8000,5200,2200,300,300,9400,5800,400,1900,1300,1200,-300,1000,100,400
"nonelderly_childless_hh","middle_quintile",2001,8.6,15.5,0,15.2,.3,56000,53700,39600,800,2500,3000,100,300,1500,100,0,700,200,300,200,4300,2300,1200,400,500,200,900,600,0,200,100,10400,2900,6400,500,700
"nonelderly_childless_hh","percentiles_81_90",2001,6.4,12.3,0,12.2,.1,122500,121400,90300,3800,5000,6800,100,700,3500,700,200,1500,500,700,500,7100,1100,500,200,300,100,300,200,0,0,0,29000,12700,14200,1200,900
"nonelderly_childless_hh","percentiles_91_95",2001,3.5,6.8,0,6.7,.1,166400,165100,122000,5400,5600,8900,100,900,6000,1500,400,2400,800,1300,900,8900,1300,700,200,300,100,300,200,0,100,0,42700,21200,18600,1800,1100
"nonelderly_childless_hh","percentiles_96_99",2001,2.7,5.2,0,5.2,0,258800,257500,176200,5600,6900,10500,100,1300,21700,7500,1300,5300,2400,3800,2800,12400,1300,700,200,200,100,200,200,0,0,0,70400,42400,22600,4000,1400
"nonelderly_childless_hh","second_quintile",2001,7.4,12.9,0,12.6,.3,35000,31300,22500,300,1500,1700,100,200,1100,0,0,500,100,200,100,3000,3700,2200,800,500,200,2200,1500,100,400,200,5000,400,3700,300,600
"nonelderly_childless_hh","top_1_percent",2001,.6,1.1,0,1.1,0,1165300,1164300,522000,4300,9900,14900,100,3600,205800,216000,21800,44300,16300,34900,44800,25600,1000,700,200,100,0,200,200,0,0,0,376300,291000,34200,48400,2700
"nonelderly_childless_hh","all_quintiles",2002,49,88.6,0,87.2,1.4,89300,86000,60300,1800,3500,4100,100,400,5000,2200,400,1200,600,800,800,5000,3300,1800,700,600,200,2300,1500,100,400,300,20600,9900,8700,1200,800
"nonelderly_childless_hh","fourth_quintile",2002,10.9,20.4,0,20.1,.3,84100,82200,62000,1500,4100,4600,100,400,1800,100,100,700,300,400,200,5900,1900,900,300,600,100,500,400,0,100,0,17400,6300,9600,700,800
"nonelderly_childless_hh","highest_quintile",2002,13.3,25.6,0,25.4,.2,196500,195100,130000,5200,6300,8300,100,900,16200,7800,1200,3000,1500,2200,2500,9900,1400,600,200,500,100,200,200,0,0,0,51700,29600,17600,3400,1100
"nonelderly_childless_hh","lowest_quintile",2002,7.9,12,0,11.7,.3,15600,7500,4900,0,400,400,0,0,400,0,0,200,100,100,100,1000,8100,5200,2100,500,300,9500,5900,400,1800,1300,1000,-300,800,100,400
"nonelderly_childless_hh","middle_quintile",2002,9,16.3,0,16,.3,55100,52300,38700,500,2800,2900,100,300,1500,0,0,500,200,200,200,4400,2800,1400,500,700,100,1100,800,0,200,100,9900,2600,6200,400,700
"nonelderly_childless_hh","percentiles_81_90",2002,6.4,12.4,0,12.3,.1,121100,119600,89600,3300,5400,6700,100,600,2900,500,200,1100,400,700,500,7600,1500,600,200,600,100,300,200,0,100,0,27900,12000,13900,1100,900
"nonelderly_childless_hh","percentiles_91_95",2002,3.5,6.8,0,6.7,0,162000,160700,118800,5800,6300,8600,100,800,5700,1000,300,1700,700,1000,800,9100,1300,500,200,500,200,200,200,0,0,0,40300,19600,18000,1600,1100
"nonelderly_childless_hh","percentiles_96_99",2002,2.8,5.4,0,5.3,0,248900,247800,171000,8200,7500,10500,100,1200,20800,4600,1100,3400,2000,2700,2200,12400,1200,600,100,400,0,100,100,0,0,0,66000,38800,22600,3300,1300
"nonelderly_childless_hh","second_quintile",2002,7.6,13.6,0,13.4,.3,34600,30500,21500,100,1600,1600,100,100,1300,0,0,400,100,200,100,3300,4100,2300,800,700,300,2300,1700,100,400,200,4600,200,3500,300,600
"nonelderly_childless_hh","top_1_percent",2002,.6,1.1,0,1.1,0,1012000,1010600,456200,7900,9900,13800,100,2900,212200,149600,19100,30700,15300,25700,38800,28500,1400,800,300,300,0,300,200,0,100,0,322700,246200,32000,41700,2800
"nonelderly_childless_hh","all_quintiles",2003,49.1,88.9,0,87.5,1.4,91000,87600,60200,2200,3900,4100,100,600,5000,2600,400,1000,600,900,1100,5000,3400,1800,800,600,200,2400,1600,100,400,300,20300,9000,8800,1700,800
"nonelderly_childless_hh","fourth_quintile",2003,10.9,20.3,0,20,.3,84600,82800,61300,1600,4600,4600,100,600,2000,100,100,600,300,400,300,6200,1800,700,300,600,100,500,400,0,100,0,17200,5900,9600,900,800
"nonelderly_childless_hh","highest_quintile",2003,13.4,26.2,0,26,.2,201400,200000,130000,6400,7200,8400,100,1200,16500,9400,1200,2500,1500,2500,3500,9700,1400,600,200,500,100,300,200,0,100,0,50700,26900,17900,4700,1100
"nonelderly_childless_hh","lowest_quintile",2003,7.8,12.1,0,11.8,.3,16200,7500,4900,0,400,400,0,0,500,0,0,200,100,100,100,900,8700,5400,2400,600,400,9900,6300,500,1800,1300,1100,-300,900,100,400
"nonelderly_childless_hh","middle_quintile",2003,9,16.2,0,15.9,.3,54900,52200,38100,500,3000,2900,100,400,1400,0,0,400,200,200,200,4600,2700,1300,500,700,200,1100,800,0,200,100,9600,2300,6100,600,700
"nonelderly_childless_hh","percentiles_81_90",2003,6.6,12.9,0,12.8,.1,123600,122100,90500,3900,6200,6800,100,900,3400,400,200,800,400,600,500,7500,1500,600,200,500,100,300,200,0,100,0,27400,11000,14200,1400,900
"nonelderly_childless_hh","percentiles_91_95",2003,3.5,6.9,0,6.8,.1,165600,164200,119500,6900,7200,8800,100,1100,6000,1000,300,1200,700,1000,900,9500,1400,700,300,400,0,300,200,0,0,0,39400,17900,18400,2000,1000
"nonelderly_childless_hh","percentiles_96_99",2003,2.7,5.3,0,5.3,0,257400,256100,172800,10700,8900,10800,100,1600,21200,6400,1100,2800,2100,3000,3100,11400,1200,500,200,400,100,200,100,0,0,0,65200,35900,23200,4800,1300
"nonelderly_childless_hh","second_quintile",2003,7.6,13.4,0,13.2,.3,33900,29600,21000,100,1600,1600,100,200,1000,0,0,300,200,200,100,3200,4200,2400,900,700,200,2500,1900,100,300,200,4400,0,3500,300,600
"nonelderly_childless_hh","top_1_percent",2003,.6,1.1,0,1.1,0,1067600,1066800,451500,13200,10500,13700,100,3900,214000,181500,18500,28200,15800,32100,56800,26800,900,400,100,200,100,300,200,0,100,0,324100,228000,31900,60700,3500
"nonelderly_childless_hh","all_quintiles",2004,49.6,89.9,0,88.4,1.5,94400,91100,60400,2300,4300,4100,100,700,5700,4100,300,1000,600,1100,1400,5100,3300,1900,800,400,200,2600,1800,100,400,300,21200,9500,8800,2100,800
"nonelderly_childless_hh","fourth_quintile",2004,10.9,20.7,0,20.4,.3,87700,85800,62800,1700,5200,4700,100,700,2100,300,100,500,300,400,400,6300,1900,900,400,500,100,600,500,0,100,0,17800,6000,9900,1100,800
"nonelderly_childless_hh","highest_quintile",2004,13.1,25.6,0,25.4,.2,216400,215100,132700,6700,8000,8400,100,1600,19000,15000,1100,2600,1600,3300,4700,10400,1300,600,200,300,100,300,200,0,100,0,54900,29500,17900,6300,1200
"nonelderly_childless_hh","lowest_quintile",2004,8.3,12.8,0,12.5,.3,15900,7500,4900,0,400,400,0,100,600,0,0,100,100,100,100,800,8400,5300,2400,400,300,9900,6500,500,1700,1200,1000,-300,900,100,400
"nonelderly_childless_hh","middle_quintile",2004,9.2,16.6,0,16.3,.3,56400,53700,39100,500,3400,2900,100,500,1600,100,0,400,200,300,200,4400,2600,1400,600,500,200,1100,900,0,200,100,10000,2300,6300,700,700
"nonelderly_childless_hh","percentiles_81_90",2004,6.5,12.7,0,12.6,.1,127500,126000,91600,4100,7000,6800,100,1100,3400,800,100,700,500,700,600,8400,1500,700,300,400,100,400,300,0,100,0,28300,11400,14300,1700,1000
"nonelderly_childless_hh","percentiles_91_95",2004,3.5,6.8,0,6.7,.1,171400,170300,121000,7300,8100,8900,100,1500,6700,2300,300,1200,800,1300,1200,9800,1100,500,200,300,100,200,100,0,0,0,40900,18600,18600,2700,1100
"nonelderly_childless_hh","percentiles_96_99",2004,2.6,5.1,0,5.1,0,270500,269200,174000,11100,9500,10600,100,2000,24300,10600,1100,2800,2600,3700,4200,12700,1300,700,200,300,100,200,200,0,0,0,69100,38500,22900,6300,1400
"nonelderly_childless_hh","second_quintile",2004,7.7,13.5,0,13.3,.3,34600,30600,21500,200,1900,1600,100,300,1200,100,0,300,200,100,200,3100,3900,2300,900,500,200,2900,2100,100,400,200,4500,0,3500,400,500
"nonelderly_childless_hh","top_1_percent",2004,.5,1,0,1,0,1293100,1292300,493500,11000,10800,14100,100,5300,256000,285400,18000,31800,16300,45200,77800,27000,800,400,200,200,0,200,100,0,0,0,389900,270000,33200,83100,3700
"nonelderly_childless_hh","all_quintiles",2005,50.6,91.7,0,90.2,1.5,100000,96600,60900,2400,4500,4100,100,900,6900,6100,400,1300,600,1300,2000,5200,3400,2000,800,300,200,2600,1800,100,400,300,22900,10400,8800,3000,800
"nonelderly_childless_hh","fourth_quintile",2005,11,20.6,0,20.4,.3,88900,87200,63300,1800,5600,4800,100,1000,2100,500,100,600,300,400,400,6300,1700,800,300,400,200,600,500,0,100,0,18300,6200,10000,1400,800
"nonelderly_childless_hh","highest_quintile",2005,13.2,25.9,0,25.7,.3,237900,236600,135000,7000,8400,8500,100,2100,23800,22600,1400,3700,1800,4200,7000,11100,1400,700,300,300,100,300,300,0,100,0,61400,33100,18100,9000,1200
"nonelderly_childless_hh","lowest_quintile",2005,8.5,13.3,0,13,.3,17200,8500,5600,0,500,400,0,100,500,0,0,100,100,100,100,1000,8800,5600,2500,300,400,10000,6400,700,1700,1200,1200,-300,1000,200,400
"nonelderly_childless_hh","middle_quintile",2005,9.5,16.9,0,16.6,.3,57300,54700,39300,600,3700,3000,100,600,1500,200,0,400,200,200,300,4600,2600,1400,600,400,200,1200,900,0,200,0,10300,2500,6300,900,600
"nonelderly_childless_hh","percentiles_81_90",2005,6.6,12.9,0,12.8,.1,130300,128900,92400,4300,7500,6900,100,1500,3900,1200,100,1000,400,700,800,8100,1300,600,200,300,100,400,300,0,100,0,29200,11500,14500,2300,900
"nonelderly_childless_hh","percentiles_91_95",2005,3.5,6.9,0,6.8,.1,179800,178400,123600,7900,8700,9100,100,2000,7000,3500,300,1600,900,1500,1800,10500,1400,800,300,300,100,400,300,0,100,0,43100,19300,19000,3700,1000
"nonelderly_childless_hh","percentiles_96_99",2005,2.6,5,0,4.9,.1,291200,289900,174600,11500,10000,10300,100,2700,29500,17000,1400,4100,2700,4700,6400,14800,1400,800,300,200,100,300,200,0,100,0,75100,42100,22500,9100,1400
"nonelderly_childless_hh","second_quintile",2005,8.1,14.3,0,14,.3,35600,31500,22300,100,2000,1700,100,300,1100,100,0,300,100,200,200,2900,4200,2500,1000,400,200,2800,2100,100,400,200,4900,200,3700,500,600
"nonelderly_childless_hh","top_1_percent",2005,.5,1.1,0,1.1,0,1662800,1661300,537400,11600,10600,14500,100,7500,344700,432800,24100,48900,19900,59500,117600,32200,1500,900,400,100,100,300,200,0,0,0,505500,341100,34500,125100,4800
"nonelderly_childless_hh","all_quintiles",2006,51.8,93.8,0,92.3,1.6,102200,98600,62100,2500,4400,4200,100,1000,6600,6300,500,1600,600,1400,2100,5200,3600,2100,1000,300,200,2600,1700,100,400,300,23400,10500,9000,3100,700
"nonelderly_childless_hh","fourth_quintile",2006,11.5,21.8,0,21.5,.3,91100,89100,64800,1900,5600,4900,100,1100,2100,600,100,700,300,400,500,6100,2000,1000,400,400,200,600,500,0,100,0,18900,6300,10200,1600,700
"nonelderly_childless_hh","highest_quintile",2006,13.4,26.1,0,25.8,.3,242000,240500,136600,7300,8100,8600,100,2300,23000,23400,1700,4800,1700,4700,7200,11200,1400,800,300,200,100,300,200,0,100,0,62400,33500,18400,9400,1100
"nonelderly_childless_hh","lowest_quintile",2006,8.1,12.9,0,12.5,.4,18800,9000,5900,0,500,400,0,100,700,0,0,200,100,100,100,900,9900,6000,3200,300,400,10400,6300,600,1800,1700,1300,-400,1000,200,500
"nonelderly_childless_hh","middle_quintile",2006,10,17.7,0,17.3,.3,57700,55100,39800,600,3600,3000,100,700,1400,300,0,500,200,200,300,4400,2700,1500,600,400,200,1100,800,0,200,100,10500,2500,6400,900,600
"nonelderly_childless_hh","percentiles_81_90",2006,6.7,13.1,0,12.9,.1,133700,132300,94300,4500,7300,7100,100,1600,3800,1600,200,1300,500,900,1000,8200,1500,700,300,300,100,400,300,0,100,0,30200,11900,14800,2600,900
"nonelderly_childless_hh","percentiles_91_95",2006,3.5,6.9,0,6.8,.1,182900,181500,124500,8000,8400,9100,100,2100,7800,3700,400,2100,700,1800,1900,10900,1400,700,300,200,100,200,200,0,100,0,44100,19900,19200,4000,1000
"nonelderly_childless_hh","percentiles_96_99",2006,2.7,5.1,0,5.1,0,303000,301600,182100,12600,9200,10600,100,3000,30800,16900,1700,5600,2800,5600,6800,14000,1300,900,300,200,0,300,200,0,0,0,79000,44800,23100,9800,1300
"nonelderly_childless_hh","second_quintile",2006,8.3,14.8,0,14.5,.3,36200,32200,22700,200,2000,1700,100,400,1300,100,0,300,100,100,200,2900,4000,2400,1100,400,200,2700,1900,100,400,300,4900,100,3700,500,500
"nonelderly_childless_hh","top_1_percent",2006,.5,1,0,1,0,1729900,1728500,532000,11800,10100,14400,100,8000,335300,475100,29000,63500,18200,68600,125000,37300,1400,900,400,100,0,300,200,0,0,0,517900,346900,34300,133000,3700
"nonelderly_childless_hh","all_quintiles",2007,53,96.2,0,94.6,1.7,102400,98800,63300,2500,4200,4300,100,900,6000,6300,500,1800,500,1500,1600,5300,3600,2100,1000,300,200,2600,1700,100,400,300,22900,10500,9200,2500,600
"nonelderly_childless_hh","fourth_quintile",2007,11.5,21.9,0,21.6,.3,93000,91200,66600,2000,5300,5000,100,900,2100,700,100,900,300,500,400,6300,1800,900,400,400,100,600,500,0,100,0,19100,6500,10500,1400,700
"nonelderly_childless_hh","highest_quintile",2007,13.4,26.5,0,26.2,.3,244800,243600,141200,7600,7900,8900,100,2000,21500,23500,1700,5200,1600,5000,5600,11700,1300,700,300,200,100,300,300,0,100,0,61600,34000,19000,7600,1000
"nonelderly_childless_hh","lowest_quintile",2007,9.1,14.1,0,13.7,.4,20100,10400,7000,0,500,500,0,100,900,100,0,200,100,100,100,900,9700,6000,3100,300,300,9700,6000,600,1700,1500,1400,-400,1200,200,400
"nonelderly_childless_hh","middle_quintile",2007,10.1,18.2,0,17.9,.4,60300,57700,42200,700,3400,3200,100,600,1400,300,0,600,200,300,300,4600,2600,1300,700,400,100,1200,900,0,200,100,10900,2700,6700,800,500
"nonelderly_childless_hh","percentiles_81_90",2007,6.7,13.3,0,13.2,.2,136800,135600,97200,4700,7000,7300,100,1400,3800,1700,100,1400,500,900,800,8600,1300,700,300,200,100,400,300,0,100,0,30600,12300,15300,2200,800
"nonelderly_childless_hh","percentiles_91_95",2007,3.6,7.1,0,7,.1,189600,188300,129600,8400,8300,9500,100,1900,7500,3800,300,2800,900,2100,1700,11400,1300,600,300,200,100,300,200,0,100,0,45300,20900,19900,3600,900
"nonelderly_childless_hh","percentiles_96_99",2007,2.6,5.1,0,5.1,0,313000,311700,188700,13100,9300,10900,100,2700,30700,18200,2000,6500,2600,6600,5800,14700,1300,900,200,200,100,300,200,0,0,0,80200,46700,23800,8400,1200
"nonelderly_childless_hh","second_quintile",2007,8.6,14.9,0,14.6,.4,37700,33600,23800,200,1900,1800,100,300,1200,200,0,300,200,200,200,3300,4100,2400,1200,400,200,2700,1900,100,400,200,5100,300,3900,500,400
"nonelderly_childless_hh","top_1_percent",2007,.5,1,0,1,0,1663400,1662000,546100,12400,10900,15100,100,7000,297400,461100,29300,64000,16600,69700,93300,39000,1400,1000,300,100,0,400,300,0,100,0,475100,336500,35500,100300,2800
"nonelderly_childless_hh","all_quintiles",2008,52.5,96.2,0,94.7,1.6,96600,92900,62500,2500,4200,4300,100,500,5400,3200,500,1400,600,1400,1000,5300,3800,2000,1100,500,200,2700,1800,200,500,300,20000,8800,9100,1500,600
"nonelderly_childless_hh","fourth_quintile",2008,11.4,21.7,0,21.4,.3,91000,88800,65600,1900,5200,4900,100,600,1700,200,100,700,300,400,200,6800,2100,1000,500,500,100,600,500,0,100,0,16700,5000,10300,800,600
"nonelderly_childless_hh","highest_quintile",2008,13.2,26.2,0,25.9,.3,229000,227700,141300,7600,8000,9000,100,1200,20700,12200,1700,4100,1900,4600,3400,11900,1300,600,300,300,100,300,200,0,100,0,55400,30700,19100,4600,1000
"nonelderly_childless_hh","lowest_quintile",2008,8.8,14,0,13.6,.4,19800,9700,6700,0,500,500,0,100,600,0,0,200,100,100,100,800,10200,6000,3300,600,300,10200,6300,700,1700,1500,800,-900,1200,100,400
"nonelderly_childless_hh","middle_quintile",2008,10,18.1,0,17.8,.3,57900,55300,40700,700,3400,3100,100,300,1300,100,0,500,200,300,200,4500,2700,1300,700,600,200,1300,1000,100,200,100,8800,1400,6500,500,500
"nonelderly_childless_hh","percentiles_81_90",2008,6.5,13,0,12.8,.1,133900,132500,96500,4600,7100,7300,100,800,3200,500,200,1200,500,900,500,9100,1400,700,300,400,100,400,300,0,100,0,27900,10800,15100,1300,700
"nonelderly_childless_hh","percentiles_91_95",2008,3.5,7,0,6.9,.1,181700,180500,128600,8200,8300,9500,100,1100,6400,1300,400,2100,1000,1800,900,10800,1200,600,300,300,0,300,200,0,100,0,41600,18900,19800,2000,900
"nonelderly_childless_hh","percentiles_96_99",2008,2.7,5.2,0,5.2,0,289500,288400,187200,13200,9300,11200,100,1600,26200,6600,1800,4900,2900,5200,3000,15200,1100,500,300,300,100,300,200,0,100,0,72000,42100,24200,4600,1200
"nonelderly_childless_hh","second_quintile",2008,8.7,15.6,0,15.3,.3,36400,32200,23000,200,1900,1700,100,200,1300,0,0,300,200,200,100,3000,4300,2300,1200,600,200,2800,2000,200,400,300,3700,-800,3800,300,400
"nonelderly_childless_hh","top_1_percent",2008,.5,1,0,1,0,1419500,1418600,549200,12700,10300,15400,100,4200,307400,260300,27600,49300,20300,66000,60000,35800,900,500,300,200,0,200,100,0,0,0,405000,300500,36400,64200,3900
"nonelderly_childless_hh","all_quintiles",2009,52.6,97.1,0,95.4,1.7,91700,86900,60300,2300,4200,4200,100,400,5000,1600,400,1000,500,1000,800,5100,4800,2200,1100,1300,100,3100,2000,300,500,400,18500,7900,8900,1200,600
"nonelderly_childless_hh","fourth_quintile",2009,11.4,21.8,0,21.5,.3,88100,85300,63300,1700,5200,4800,100,400,1900,0,100,600,300,400,200,6400,2800,1100,500,1200,100,700,500,0,100,0,15900,4800,10000,600,600
"nonelderly_childless_hh","highest_quintile",2009,13.4,26.5,0,26.3,.3,211000,209200,135700,7100,8200,8900,100,900,18900,5900,1400,2800,1500,3200,2500,12000,1800,700,300,800,0,400,300,0,0,0,50200,27100,18700,3400,900
"nonelderly_childless_hh","lowest_quintile",2009,8.6,13.8,0,13.4,.4,20000,8400,5600,0,400,400,0,0,700,0,0,200,100,100,0,800,11600,6100,3400,1900,300,11500,6900,1000,1900,1700,700,-800,1000,100,400
"nonelderly_childless_hh","middle_quintile",2009,9.8,18.3,0,18,.3,56900,53000,38900,600,3400,2900,100,300,1300,0,100,400,200,300,100,4600,3900,1500,700,1500,100,1500,1100,100,200,100,8200,1100,6200,400,500
"nonelderly_childless_hh","percentiles_81_90",2009,6.6,13.1,0,12.9,.1,129500,127600,94000,4100,7200,7100,100,600,2900,200,200,800,500,700,300,8900,1900,700,300,900,0,400,300,0,100,0,26500,10100,14700,1000,700
"nonelderly_childless_hh","percentiles_91_95",2009,3.5,7,0,6.9,.1,176400,174400,124500,7500,8500,9300,100,900,6200,700,400,1400,900,1300,700,12100,2000,800,300,800,0,300,300,0,0,0,39400,17700,19300,1600,800
"nonelderly_childless_hh","percentiles_96_99",2009,2.8,5.5,0,5.4,0,271900,270600,183300,12800,9600,11500,100,1200,21600,3000,1600,3300,2100,3400,2000,15100,1300,400,200,700,0,400,300,0,100,0,66900,37900,24600,3300,1100
"nonelderly_childless_hh","second_quintile",2009,8.7,15.7,0,15.4,.4,35400,29600,21000,100,1700,1600,100,100,1400,0,0,300,100,200,100,2900,5800,2700,1300,1700,100,3500,2300,300,500,300,3200,-1000,3500,200,500
"nonelderly_childless_hh","top_1_percent",2009,.5,1,0,1,0,1158100,1157000,490300,13800,10100,15000,100,3000,293900,130600,22800,35000,16300,48200,44800,33200,1100,400,200,500,0,400,300,0,0,0,337000,250700,35400,47800,3000
"nonelderly_childless_hh","all_quintiles",2010,54.6,100.2,0,98.4,1.8,90500,85500,58400,2200,4000,4000,100,500,5000,2100,400,800,500,1000,900,5400,5000,2400,1200,1300,100,3300,2000,300,500,400,18600,8000,8600,1500,600
"nonelderly_childless_hh","fourth_quintile",2010,11.8,22.4,0,22.1,.3,87500,84700,62400,1700,5200,4700,100,600,2000,100,100,400,300,400,200,6700,2700,1100,500,1100,100,700,500,0,100,0,16200,5000,9800,800,600
"nonelderly_childless_hh","highest_quintile",2010,13.4,26.4,0,26.1,.3,215000,213200,136100,7100,8000,8800,100,1300,18300,8300,1300,2200,1600,3400,3400,13200,1800,700,300,700,100,400,300,0,0,0,52400,28300,18600,4600,900
"nonelderly_childless_hh","lowest_quintile",2010,9.7,15.2,0,14.8,.4,19400,7900,5400,0,400,400,0,0,700,0,0,100,100,100,0,600,11600,6100,3300,1900,200,11700,7000,1100,1900,1700,700,-800,1000,100,500
"nonelderly_childless_hh","middle_quintile",2010,10.2,18.8,0,18.4,.4,56600,52200,37900,500,3300,2800,100,400,1400,0,0,300,200,200,100,4800,4400,2000,900,1500,100,1400,1000,100,200,100,8400,1300,6000,500,500
"nonelderly_childless_hh","percentiles_81_90",2010,6.6,13,0,12.8,.1,129300,127200,92800,4100,7000,7000,100,900,3200,400,200,700,500,700,400,9300,2100,800,400,800,100,400,300,0,100,0,27200,10600,14600,1300,700
"nonelderly_childless_hh","percentiles_91_95",2010,3.5,7,0,6.9,.1,178100,176300,124300,7500,8300,9200,100,1200,7000,900,400,1000,1000,1300,900,13200,1800,700,300,600,100,300,200,0,0,0,40800,18700,19300,2100,800
"nonelderly_childless_hh","percentiles_96_99",2010,2.7,5.4,0,5.4,.1,280200,278700,186800,12500,9400,11400,100,1800,22300,4500,1600,2600,2400,3600,2700,17100,1500,600,200,600,100,200,200,0,0,0,70300,40400,24300,4500,1100
"nonelderly_childless_hh","second_quintile",2010,9.1,16.6,0,16.2,.4,35700,29300,20700,100,1600,1600,100,200,1300,0,0,200,100,200,100,3200,6400,3200,1400,1600,200,3700,2400,400,500,400,3300,-900,3400,300,500
"nonelderly_childless_hh","top_1_percent",2010,.5,1,0,1,0,1226900,1226000,507500,14100,10000,15100,100,4400,269000,183000,21500,28600,16700,52500,61100,42600,800,300,200,300,100,500,400,0,0,0,362200,257500,35500,65500,3800
"nonelderly_childless_hh","all_quintiles",2011,54.9,100.7,0,99,1.7,91100,86500,59000,2300,4100,4100,100,500,5400,2300,300,600,600,1100,1000,5200,4600,2400,1200,1000,100,3300,2000,400,500,400,18500,8800,7500,1500,700
"nonelderly_childless_hh","fourth_quintile",2011,11.8,22.4,0,22.1,.3,88000,85500,62700,1700,5300,4700,100,600,2000,200,100,300,300,500,300,6800,2500,1100,500,800,100,700,500,0,100,0,16100,6000,8600,800,700
"nonelderly_childless_hh","highest_quintile",2011,13.3,26.7,0,26.4,.3,219600,217700,138800,7300,8000,8900,100,1300,19400,8900,1300,1900,1700,3600,3500,13100,1900,900,300,600,0,400,300,0,100,0,52300,30000,16500,4800,1000
"nonelderly_childless_hh","lowest_quintile",2011,9.8,15.3,0,14.9,.4,19400,8200,5500,0,400,400,0,0,800,0,0,100,100,100,0,800,11100,6100,3500,1300,200,11400,6600,1300,1900,1700,800,-600,900,100,500
"nonelderly_childless_hh","middle_quintile",2011,10.4,19.1,0,18.8,.4,55900,52100,37600,500,3300,2800,100,300,1500,200,0,200,200,300,200,4800,3800,1800,800,1100,100,1700,1100,100,300,100,8200,1900,5200,500,600
"nonelderly_childless_hh","percentiles_81_90",2011,6.6,13.2,0,13,.2,131600,129500,93900,4300,7100,7100,100,900,3600,400,200,500,500,900,500,9600,2100,1000,400,600,100,400,300,0,100,0,26800,11900,12800,1400,700
"nonelderly_childless_hh","percentiles_91_95",2011,3.5,7.1,0,7,.1,181800,180000,127900,7800,8300,9400,100,1200,7400,1000,400,800,900,1300,800,12600,1800,900,300,600,0,300,200,0,0,0,40400,20300,17200,2000,900
"nonelderly_childless_hh","percentiles_96_99",2011,2.7,5.4,0,5.3,0,286200,284600,190700,12800,9500,11400,100,1800,24000,4500,1400,2100,2600,4000,2700,17000,1500,800,300,400,0,300,200,0,0,0,69800,42500,21500,4500,1200
"nonelderly_childless_hh","second_quintile",2011,9.1,16.5,0,16.2,.3,35000,29700,21300,100,1700,1600,100,200,1300,100,0,200,100,200,100,2700,5300,2600,1300,1200,200,3900,2500,500,500,400,3400,-400,3100,300,500
"nonelderly_childless_hh","top_1_percent",2011,.5,1,0,1,0,1247900,1246800,515400,13700,9800,15100,100,4300,276900,191900,20100,26800,17400,50000,63200,42100,1100,700,100,300,0,400,300,0,100,0,364800,261100,32900,67500,3400
"nonelderly_childless_hh","all_quintiles",2012,55.1,101.4,0,99.4,2,94800,90300,60200,2300,4000,4100,100,700,6200,3700,300,600,600,1400,1200,5000,4400,2300,1200,700,100,3400,2100,400,500,400,19800,9600,7600,1800,700
"nonelderly_childless_hh","fourth_quintile",2012,12.1,23.1,0,22.7,.4,88500,86000,62900,1700,5200,4700,100,700,2300,200,100,300,300,400,200,6900,2500,1100,600,700,100,800,600,0,100,0,16400,6100,8600,900,700
"nonelderly_childless_hh","highest_quintile",2012,13.4,26.9,0,26.5,.3,233300,231500,142300,7300,7800,9000,100,1500,21800,14600,1200,1800,1900,5100,4300,12900,1800,900,400,500,100,400,300,0,100,0,56600,33000,16800,5800,1100
"nonelderly_childless_hh","lowest_quintile",2012,9.6,15.2,0,14.7,.5,18300,7500,5000,0,300,400,0,100,700,0,0,100,100,100,100,600,10900,6200,3500,900,300,11800,6900,1400,2000,1600,800,-500,800,100,500
"nonelderly_childless_hh","middle_quintile",2012,10.5,19.3,0,18.9,.4,55700,52300,38000,600,3300,2900,100,400,1600,100,0,200,200,200,100,4500,3400,1600,800,800,100,1600,1100,100,300,100,8400,2000,5300,600,600
"nonelderly_childless_hh","percentiles_81_90",2012,6.7,13.5,0,13.3,.2,133600,131600,95700,4400,7000,7200,100,1100,3700,600,100,400,600,800,500,9300,2000,1000,400,500,100,500,400,0,100,0,27800,12300,13100,1500,800
"nonelderly_childless_hh","percentiles_91_95",2012,3.6,7.1,0,7.1,.1,184000,182400,129900,7900,8100,9600,100,1400,7600,1500,300,700,1100,1600,900,11800,1600,800,300,500,100,400,300,0,100,0,41800,21000,17500,2400,900
"nonelderly_childless_hh","percentiles_96_99",2012,2.6,5.2,0,5.2,0,300700,299200,196600,12700,9000,11500,100,2100,28800,7200,1500,1900,2800,5000,3300,16700,1500,900,300,300,0,300,200,0,0,0,75000,46500,21900,5400,1300
"nonelderly_childless_hh","second_quintile",2012,9,16.3,0,15.9,.4,34300,29100,20900,100,1600,1600,100,200,1500,0,0,100,100,200,100,2600,5200,2700,1400,900,100,4200,2800,600,500,400,3400,-300,3000,300,500
"nonelderly_childless_hh","top_1_percent",2012,.5,1,0,1,0,1561800,1560200,567400,13600,8900,15700,100,5600,328100,332700,19500,28600,19600,87000,84900,48400,1500,800,400,200,100,600,400,0,200,0,451100,322400,34300,90500,3900
"nonelderly_childless_hh","all_quintiles",2013,54.9,101.2,0,99.2,2,93300,89200,60700,2400,3900,4200,100,700,5900,2700,300,500,600,1100,1200,5000,4200,2400,1100,500,200,3400,2200,400,500,400,21100,9600,8900,1900,700
"nonelderly_childless_hh","fourth_quintile",2013,11.8,22.5,0,22.1,.4,90100,87900,64700,1800,5100,4900,100,700,2200,400,100,200,300,400,300,6600,2200,1100,500,600,100,700,500,0,100,0,18200,6300,10200,1100,700
"nonelderly_childless_hh","highest_quintile",2013,13.2,26.3,0,26.1,.3,227200,225600,142800,7500,7700,9300,100,1600,21200,10600,1100,1600,1800,3800,4300,12300,1600,900,300,400,100,300,300,0,0,0,60000,33200,19700,5900,1100
"nonelderly_childless_hh","lowest_quintile",2013,9.7,15.4,0,14.9,.4,19200,8700,5800,0,300,400,0,100,900,0,0,100,100,100,100,800,10600,6400,3200,700,300,12300,7400,1300,2000,1500,1000,-600,1000,100,500
"nonelderly_childless_hh","middle_quintile",2013,10.6,19.8,0,19.3,.4,57100,53900,39400,600,3100,3000,100,500,1600,200,0,100,200,200,200,4800,3200,1600,800,600,100,1600,1100,100,200,100,9600,2100,6300,600,600
"nonelderly_childless_hh","percentiles_81_90",2013,6.7,13.3,0,13.2,.2,135400,133600,97500,4500,6900,7400,100,1100,3900,800,100,400,500,800,600,8900,1800,900,400,400,100,400,300,0,0,0,30700,12700,15400,1800,800
"nonelderly_childless_hh","percentiles_91_95",2013,3.4,6.9,0,6.8,.1,188400,187100,132300,8300,8200,9900,100,1600,7900,2300,300,600,900,1400,1300,12200,1300,700,200,300,0,300,200,0,0,0,46000,21500,20600,2800,1000
"nonelderly_childless_hh","percentiles_96_99",2013,2.6,5.2,0,5.1,0,304000,302500,199200,13200,9100,12000,100,2300,28400,7800,1300,1800,2700,4700,4200,15700,1500,800,300,300,100,200,200,0,0,0,80600,47000,25800,6500,1300
"nonelderly_childless_hh","second_quintile",2013,9.1,16.6,0,16.1,.4,34600,29900,21400,200,1600,1600,100,200,1400,100,0,100,100,100,100,2800,4700,2800,1200,500,200,4000,2600,500,500,300,4000,-400,3500,400,500
"nonelderly_childless_hh","top_1_percent",2013,.5,1,0,1,0,1344400,1343000,535500,14300,8100,15700,100,5600,311100,214600,18500,24800,20800,57000,75700,41200,1300,900,200,100,100,400,300,0,0,0,448300,322000,40400,81300,4500
"nonelderly_childless_hh","all_quintiles",2014,55.1,101.5,0,99.6,2,96800,92800,62400,2400,3900,4300,100,800,6300,3800,300,500,600,1200,1300,4800,4000,2400,1100,300,100,4000,2700,300,500,400,22300,10300,9200,2100,800
"nonelderly_childless_hh","fourth_quintile",2014,11.9,23,0,22.6,.4,92300,90100,66600,1900,5100,5000,100,800,2300,500,0,200,300,400,300,6500,2200,1200,500,400,100,1100,800,100,100,100,18900,6500,10500,1200,800
"nonelderly_childless_hh","highest_quintile",2014,13.4,26.9,0,26.6,.3,237700,236200,146500,7800,7800,9400,100,1800,22300,14600,1000,1500,2000,4300,4800,12500,1500,900,300,200,100,500,400,0,100,0,63700,35800,20100,6600,1200
"nonelderly_childless_hh","lowest_quintile",2014,9.6,14.9,0,14.4,.5,17900,7900,5400,0,300,400,0,100,800,0,0,0,100,100,100,700,10000,6300,3100,300,200,13400,8500,1200,2000,1700,800,-800,1000,100,500
"nonelderly_childless_hh","middle_quintile",2014,10.4,19.2,0,18.8,.4,57700,54700,40400,600,3200,3000,100,500,1500,200,0,100,200,200,200,4400,3000,1700,800,400,100,2100,1600,100,200,100,9800,2100,6400,700,700
"nonelderly_childless_hh","percentiles_81_90",2014,6.7,13.6,0,13.4,.1,138900,137300,99600,4600,7000,7600,100,1300,4100,1200,100,300,600,800,700,9400,1600,800,300,300,100,600,500,0,100,0,31800,13200,15700,2000,1000
"nonelderly_childless_hh","percentiles_91_95",2014,3.6,7.2,0,7.1,.1,193800,192300,135500,8400,8300,10100,100,1700,8100,3000,200,600,1000,1800,1400,12100,1600,900,300,300,100,400,300,0,0,0,48200,22900,21000,3100,1200
"nonelderly_childless_hh","percentiles_96_99",2014,2.6,5.2,0,5.1,.1,316000,314600,202800,13700,9000,12100,100,2500,29900,11400,1400,1700,2900,5700,4900,16500,1500,900,300,200,100,400,400,0,0,0,85200,50000,26100,7400,1600
"nonelderly_childless_hh","second_quintile",2014,9.4,16.9,0,16.5,.4,35200,30400,22000,200,1600,1700,0,300,1500,100,0,100,100,100,100,2600,4800,2900,1300,400,200,4800,3300,500,600,400,4000,-500,3600,400,600
"nonelderly_childless_hh","top_1_percent",2014,.5,1,0,1,0,1483600,1482700,567100,14100,8800,15700,100,6400,332900,295200,15800,22800,22500,61400,83100,36700,900,500,200,100,0,600,400,100,0,0,495500,361600,40800,89600,3500
"nonelderly_childless_hh","all_quintiles",2015,55.7,103,0,101.1,1.9,98400,94600,64300,2600,4100,4500,100,700,6100,3600,200,400,500,1100,1200,5100,3800,2300,1100,300,100,4200,2900,300,500,500,22500,10300,9500,1900,800
"nonelderly_childless_hh","fourth_quintile",2015,12.2,23.8,0,23.4,.3,95700,93700,69200,2000,5300,5200,100,800,2400,500,100,200,300,400,300,6800,2000,1100,500,300,100,1200,1000,100,100,100,19600,6800,10900,1100,800
"nonelderly_childless_hh","highest_quintile",2015,13.3,26.9,0,26.6,.3,241300,239900,151000,8200,8000,9800,100,1700,21800,14200,900,1400,1700,4000,4300,12900,1400,800,300,200,0,600,500,0,100,0,64300,36200,20700,6100,1300
"nonelderly_childless_hh","lowest_quintile",2015,9.6,14.8,0,14.3,.5,18000,8100,5500,0,300,400,0,100,800,0,0,100,100,100,100,700,9900,6400,3100,200,300,13600,8800,1200,1900,1800,700,-900,1000,100,500
"nonelderly_childless_hh","middle_quintile",2015,10.8,20,0,19.7,.4,59400,56800,41900,700,3400,3200,100,500,1700,200,0,100,200,200,200,4500,2600,1500,700,300,100,2400,1800,100,200,200,10100,2100,6700,700,700
"nonelderly_childless_hh","percentiles_81_90",2015,6.8,13.8,0,13.7,.2,144700,143200,104100,4900,7200,7900,100,1200,4300,1300,100,300,600,800,600,9900,1500,800,300,300,0,700,600,0,100,0,33400,14000,16400,1900,1000
"nonelderly_childless_hh","percentiles_91_95",2015,3.5,7.1,0,7,.1,199300,197900,140400,9100,8500,10400,100,1700,7600,2700,300,600,1000,1700,1300,12700,1300,800,300,200,0,500,400,0,100,0,49700,23800,21600,3000,1200
"nonelderly_childless_hh","percentiles_96_99",2015,2.5,5.1,0,5,.1,326600,325300,211700,14300,9200,12400,100,2400,32100,11000,1300,1800,2600,5500,4500,16300,1300,800,300,200,0,500,400,0,100,0,88000,52600,26800,7000,1600
"nonelderly_childless_hh","second_quintile",2015,9.4,16.9,0,16.5,.4,36600,32200,23000,200,1700,1700,0,300,1600,100,0,100,200,100,100,3100,4400,2700,1200,300,200,5300,3900,400,500,500,4200,-500,3800,400,500
"nonelderly_childless_hh","top_1_percent",2015,.5,.9,0,.9,0,1492500,1491200,580500,15700,9000,16700,100,6100,327900,304000,14600,21700,16800,58700,79600,39900,1300,1000,300,100,0,700,600,0,100,0,494000,361300,43000,85700,4000
"nonelderly_childless_hh","all_quintiles",2016,55.7,103.3,0,101.1,2.2,99600,95800,65500,2600,4200,4500,100,700,6300,3400,300,500,500,1200,1200,4900,3800,2300,1100,200,200,4300,3000,300,500,500,22800,10500,9600,1900,700
"nonelderly_childless_hh","fourth_quintile",2016,12.2,23.8,0,23.4,.4,95800,93900,70400,2000,5400,5300,100,800,2100,400,0,200,300,400,300,6300,1900,1000,500,300,100,1300,1000,100,100,100,19800,6900,11100,1000,800
"nonelderly_childless_hh","highest_quintile",2016,13.3,27,0,26.6,.4,244700,243100,154200,8200,8100,9900,100,1700,22600,13600,1000,1500,1500,4100,4400,12300,1500,800,400,200,100,700,600,0,100,0,65200,37000,20900,6100,1200
"nonelderly_childless_hh","lowest_quintile",2016,9.8,15.1,0,14.6,.5,18200,8500,5500,0,300,400,0,100,1300,0,0,100,100,100,100,600,9700,6000,3200,200,300,14000,9000,1200,1900,1800,700,-900,1000,100,400
"nonelderly_childless_hh","middle_quintile",2016,10.8,20.1,0,19.7,.4,59700,57100,42800,700,3500,3200,100,500,1400,200,0,100,200,200,200,4100,2600,1400,700,300,200,2500,1900,100,200,200,10200,2200,6800,600,600
"nonelderly_childless_hh","percentiles_81_90",2016,6.8,13.9,0,13.7,.2,145600,144000,105600,5000,7300,8000,100,1200,3800,1000,100,300,500,800,600,9600,1600,800,400,300,100,800,700,0,100,0,33500,14200,16600,1700,900
"nonelderly_childless_hh","percentiles_91_95",2016,3.5,7.1,0,7,.1,200900,199300,142400,9100,8700,10500,100,1600,7600,2800,300,600,1000,1700,1400,11600,1600,800,400,200,100,700,600,0,100,0,50000,24200,21700,2900,1100
"nonelderly_childless_hh","percentiles_96_99",2016,2.5,5,0,4.9,.1,324900,323600,216600,14400,9500,12600,100,2300,28600,9400,1300,1600,2400,5200,4100,15500,1400,800,400,100,0,600,500,0,100,0,87400,52400,27100,6500,1500
"nonelderly_childless_hh","second_quintile",2016,9.2,16.7,0,16.2,.4,37600,32800,23300,200,1700,1800,0,200,1800,100,0,100,200,100,100,3100,4800,2900,1300,300,300,5400,4000,400,500,500,4200,-600,3800,400,500
"nonelderly_childless_hh","top_1_percent",2016,.5,1,0,1,0,1483500,1482200,580700,15400,9000,16700,100,5700,347800,278100,15600,23200,14300,59500,78700,37400,1400,700,500,100,0,600,500,0,0,0,488400,357400,43100,84300,3600
"nonelderly_childless_hh","all_quintiles",2017,55.8,103.8,0,101.4,2.4,103600,99700,67700,2700,4300,4700,100,600,6700,4600,200,500,500,1300,1000,4800,4000,2400,1200,200,200,4400,3100,300,500,500,23600,11500,10000,1600,700
"nonelderly_childless_hh","fourth_quintile",2017,12.4,24.1,0,23.6,.4,97500,95600,71900,2200,5500,5500,100,600,2200,600,0,200,300,400,200,6100,1800,1000,500,300,100,1300,1100,100,100,100,20000,7100,11300,800,700
"nonelderly_childless_hh","highest_quintile",2017,13.5,27.4,0,27,.4,255100,253600,158400,8500,8300,10200,100,1400,24500,17900,800,1600,1500,4400,3500,12600,1500,800,400,200,100,700,600,0,100,0,67500,39900,21700,4900,1100
"nonelderly_childless_hh","lowest_quintile",2017,9.4,14.6,0,14,.6,19300,8800,5600,0,300,400,0,0,1200,0,0,100,100,100,0,800,10500,6500,3600,200,300,14400,9400,1200,1900,1900,600,-1000,1100,100,500
"nonelderly_childless_hh","middle_quintile",2017,10.9,20.4,0,19.9,.5,61300,58500,43700,700,3500,3300,100,400,1500,300,0,100,200,200,100,4300,2800,1600,800,300,200,2700,2200,100,200,200,10400,2400,7000,500,600
"nonelderly_childless_hh","percentiles_81_90",2017,6.9,13.9,0,13.7,.2,148100,146500,107400,5200,7700,8200,100,900,4300,1400,100,300,500,800,500,9200,1600,800,400,200,100,800,600,0,100,0,34000,14800,17000,1400,800
"nonelderly_childless_hh","percentiles_91_95",2017,3.6,7.2,0,7.1,.1,207100,205700,145600,9400,8700,10900,100,1300,8300,3600,300,600,800,1900,1100,13200,1400,800,400,200,100,500,500,0,0,0,51200,25300,22600,2300,1000
"nonelderly_childless_hh","percentiles_96_99",2017,2.5,5.2,0,5.2,.1,341300,340000,224400,14800,9500,13200,100,1900,32300,13800,1000,1600,2300,5800,3500,15800,1300,800,300,200,0,500,400,0,0,0,91800,56600,28500,5400,1300
"nonelderly_childless_hh","second_quintile",2017,9.3,16.8,0,16.3,.5,37700,32800,23800,200,1700,1800,0,200,1500,100,0,100,200,100,100,2800,4900,3000,1400,300,200,5600,4200,400,500,500,4300,-400,3900,300,500
"nonelderly_childless_hh","top_1_percent",2017,.5,1,0,1,0,1659700,1658100,624800,15200,8800,17600,100,4900,384300,375300,14500,27500,16000,66200,64400,38500,1600,1000,400,100,100,1100,900,100,100,0,532100,412600,46100,69300,4100
"nonelderly_childless_hh","all_quintiles",2018,56,104.1,0,101.7,2.4,108000,104200,70000,2800,4200,4800,100,500,7200,5400,200,700,600,1600,900,5200,3800,2300,1200,200,100,4400,3200,300,500,400,23500,11100,10200,1400,700
"nonelderly_childless_hh","fourth_quintile",2018,12.7,24.6,0,24,.5,99100,97100,72500,2300,5500,5500,100,500,2300,600,0,200,300,500,200,6600,2000,1100,600,200,100,1400,1100,100,100,0,19000,6100,11500,700,700
"nonelderly_childless_hh","highest_quintile",2018,13.4,27.3,0,26.9,.4,269900,268500,165000,8800,8000,10400,100,1200,26700,21200,1000,2400,1700,5600,3400,13200,1400,800,400,200,0,600,500,0,0,0,68500,40500,22200,4600,1200
"nonelderly_childless_hh","lowest_quintile",2018,9.4,14.3,0,13.8,.5,19300,8900,6200,0,500,500,0,0,900,0,0,100,100,100,0,500,10400,6700,3400,100,200,14400,9700,1000,1900,1800,600,-1100,1100,100,500
"nonelderly_childless_hh","middle_quintile",2018,11.1,20.8,0,20.3,.5,62100,59700,44800,800,3500,3400,100,300,1600,300,0,100,200,200,100,4400,2400,1300,800,200,100,2600,2200,100,200,100,9900,1700,7100,400,600
"nonelderly_childless_hh","percentiles_81_90",2018,6.9,14,0,13.8,.2,151200,149500,109900,5400,7500,8400,100,800,4200,1500,100,300,500,800,400,9600,1600,900,400,200,0,700,600,0,100,0,33000,13500,17400,1200,900
"nonelderly_childless_hh","percentiles_91_95",2018,3.5,7.1,0,7,.1,212700,211400,150200,9900,8600,11100,100,1100,8700,3900,300,700,1000,2000,900,12900,1300,700,400,200,0,600,500,0,0,0,50300,24000,23100,2000,1100
"nonelderly_childless_hh","percentiles_96_99",2018,2.5,5.1,0,5,.1,348400,347300,227500,15000,8500,13200,100,1600,33300,15300,1000,2100,2600,6100,3100,17900,1000,600,300,100,0,500,400,0,0,0,87200,52500,28600,4700,1500
"nonelderly_childless_hh","second_quintile",2018,9.1,16.6,0,16.1,.5,38900,34300,24900,200,1900,1900,0,200,1600,200,0,100,200,100,100,3000,4600,2900,1400,200,100,5500,4300,400,500,400,4100,-800,4100,300,500
"nonelderly_childless_hh","top_1_percent",2018,.5,1.1,0,1.1,0,1810200,1809300,681600,15700,8200,18600,100,4400,403200,413500,16200,41400,17500,88700,60400,39800,900,400,400,100,0,800,700,0,0,0,558700,440400,48700,64800,4700
